Date,AAPL,ADBE,AMZN,BAC,COST,CRM,CVX,DIS,GOOGL,HD,JNJ,JPM,KO,MA,META,MSFT,NFLX,NVDA,PEP,PG,TSLA,UNH,V,WMT,XOM
2021-01-04,125.97447967529297,485.3399963378906,159.3314971923828,26.613651275634766,359.6885070800781,217.6653289794922,68.49266815185547,173.59201049804688,85.65929412841797,233.65655517578125,135.7776336669922,110.0519027709961,45.39195251464844,341.16461181640625,267.07440185546875,208.8822021484375,52.2859992980957,13.076725006103516,123.6528091430664,120.75616455078125,243.2566680908203,322.14727783203125,210.00515747070312,45.634517669677734,33.91836929321289
2021-01-05,127.5319595336914,485.69000244140625,160.92550659179688,26.817487716674805,355.5158996582031,218.8607940673828,70.34426879882812,174.33453369140625,86.35005950927734,235.5423126220703,137.3740234375,110.65071868896484,44.8929557800293,337.2142639160156,269.0903015136719,209.08367919921875,52.08000183105469,13.367155075073242,124.0213394165039,121.52717590332031,245.0366668701172,317.8151550292969,206.87083435058594,45.39159393310547,35.55298614501953
2021-01-06,123.23905944824219,466.30999755859375,156.91900634765625,28.49247169494629,350.1037292480469,213.55523681640625,72.60822296142578,174.99888610839844,85.49799346923828,236.8880615234375,138.66673278808594,115.84642791748047,43.464778900146484,337.34039306640625,261.48345947265625,203.66232299804688,50.04899978637695,12.579124450683594,122.50428771972656,122.80638885498047,251.9933319091797,331.15264892578125,205.04815673828125,45.67500686645508,36.460201263427734
2021-01-07,127.44439697265625,477.739990234375,158.10800170898438,29.1216983795166,348.1168518066406,215.36326599121094,72.94782257080078,174.47129821777344,88.05170440673828,235.72825622558594,139.1352081298828,119.65074157714844,42.98297882080078,340.0129699707031,266.875732421875,209.4579315185547,50.888999938964844,13.306578636169434,122.11004638671875,121.65862274169922,272.0133361816406,336.4618225097656,206.19577026367188,45.671875,36.74626159667969
2021-01-08,128.5443878173828,485.1000061035156,159.13499450683594,28.829238891601562,350.0280456542969,219.37452697753906,73.6431655883789,174.57876586914062,89.21739959716797,238.2336883544922,138.848876953125,119.78284454345703,43.94657897949219,343.8907165527344,265.7138977050781,210.734130859375,51.040000915527344,13.239517211914062,123.57568359375,121.60603332519531,293.3399963378906,334.9502868652344,207.7773895263672,45.66565704345703,37.15491485595703
2021-01-11,125.5558853149414,474.239990234375,155.7104949951172,29.30780601501465,344.41729736328125,215.6300506591797,74.06360626220703,174.96957397460938,87.1559829711914,240.1283721923828,138.26760864257812,121.57051849365234,43.18946838378906,338.399658203125,255.05831909179688,208.69033813476562,49.90999984741211,13.583301544189453,121.78436279296875,120.78240966796875,270.39666748046875,332.5168762207031,205.30850219726562,45.87120819091797,38.282806396484375
2021-01-12,125.38067626953125,471.6499938964844,156.04150390625,29.830690383911133,344.5970458984375,212.93283081054688,75.47049713134766,171.94090270996094,86.22004699707031,244.6434783935547,137.1918182373047,123.4814682006836,43.11203384399414,333.268310546875,249.3482208251953,206.23388671875,49.42499923706055,13.44693660736084,121.21868133544922,120.08146667480469,283.14666748046875,329.4013977050781,201.4220733642578,46.39442443847656,39.1328125
2021-01-13,127.41516876220703,472.04998779296875,158.29449462890625,29.653440475463867,347.1990051269531,215.5608673095703,75.39773559570312,172.06788635253906,86.70735931396484,242.6249237060547,136.983642578125,123.59597778320312,43.155052185058594,336.5823059082031,249.8944091796875,207.58685302734375,50.77899932861328,13.493803024291992,122.21290588378906,120.26545715332031,284.8033447265625,327.25372314453125,201.89463806152344,45.92103958129883,39.57415008544922
2021-01-14,125.48774719238281,463.2699890136719,156.37350463867188,30.12314796447754,342.8465881347656,213.01185607910156,77.20887756347656,169.43978881835938,85.8969955444336,237.56973266601562,139.37811279296875,124.31807708740234,42.354923248291016,317.72833251953125,243.93601989746094,204.40113830566406,50.08599853515625,13.16323184967041,121.50149536132812,118.98624420166016,281.6666564941406,323.0966491699219,194.67137145996094,45.77155303955078,41.118865966796875
2021-01-15,123.76473999023438,458.0799865722656,155.21249389648438,29.2546329498291,342.6668395996094,210.58139038085938,74.45980834960938,167.49557495117188,85.73322296142578,243.98837280273438,139.07452392578125,122.0900650024414,41.89894485473633,314.1617126464844,249.61634826660156,204.046142578125,49.79800033569336,12.823440551757812,121.18437957763672,118.09252166748047,275.38665771484375,323.80645751953125,194.4109649658203,45.0459098815918,39.1409797668457
2021-01-19,124.43641662597656,456.5,156.03799438476562,29.041934967041016,335.3907470703125,214.15792846679688,76.41649627685547,168.29672241210938,88.55440521240234,241.86361694335938,141.2261199951172,121.56168365478516,41.73548126220703,316.76617431640625,259.288818359375,207.68276977539062,50.176998138427734,12.988725662231445,121.75862884521484,117.05860900878906,281.51666259765625,324.6268005371094,194.4784698486328,44.656620025634766,39.917423248291016
2021-01-20,128.5249481201172,469.7300109863281,163.16900634765625,28.66085433959961,341.85308837890625,220.7577362060547,77.11992645263672,169.64495849609375,93.29856872558594,242.8462677001953,140.87905883789062,119.73876953125,41.88174057006836,325.4837951660156,265.62457275390625,215.26315307617188,58.63399887084961,13.328269004821777,121.13294219970703,115.59537506103516,283.48333740234375,323.3824462890625,198.67355346679688,45.316856384277344,40.48137283325195
2021-01-21,133.23643493652344,472.0199890136719,165.34950256347656,28.15570640563965,343.2723388671875,219.5029754638672,74.39513397216797,167.33926391601562,93.50102996826172,247.05162048339844,140.3151397705078,118.7348861694336,42.11403274536133,325.0270080566406,270.9771423339844,215.86767578125,57.98400115966797,13.82861328125,119.65880584716797,115.48165893554688,281.663330078125,327.2168884277344,197.83448791503906,45.11130905151367,39.32078552246094
2021-01-22,135.37796020507812,472.44000244140625,164.6114959716797,27.96072769165039,342.7992858886719,223.0597686767578,74.1687240600586,168.80474853515625,93.91836547851562,251.4340362548828,141.89414978027344,117.81903076171875,41.7182731628418,319.7303466796875,272.5958251953125,216.80801391601562,56.516998291015625,13.674044609069824,118.78451538085938,114.59140014648438,282.21331787109375,320.3499755859375,194.82565307617188,45.57223892211914,38.765018463134766
2021-01-25,139.1257781982422,473.44000244140625,164.6999969482422,27.615097045898438,342.40191650390625,223.20794677734375,73.49763488769531,167.93521118164062,94.00373840332031,252.39019775390625,144.0023956298828,116.3483657836914,41.9677734375,319.9247741699219,276.08154296875,220.24314880371094,55.678001403808594,13.614961624145508,120.14730072021484,116.56591033935547,293.6000061035156,320.5895690917969,193.82266235351562,45.5317497253418,38.331844329833984
2021-01-26,139.3594512939453,476.2799987792969,166.30650329589844,27.420129776000977,345.33502197265625,223.54388427734375,72.25245666503906,165.65882873535156,94.68211364746094,250.19451904296875,147.90652465820312,115.87284088134766,42.406551361083984,318.4766845703125,280.09344482421875,222.92987060546875,56.19300079345703,13.39757251739502,121.5357894897461,117.31514739990234,294.36334228515625,316.2574157714844,194.81600952148438,45.93971633911133,37.49000930786133
2021-01-27,138.28868103027344,460.0,161.62899780273438,26.436403274536133,337.20745849609375,222.08164978027344,71.31454467773438,159.27906799316406,90.26498413085938,242.6249237060547,145.6508026123047,112.596923828125,41.752685546875,306.6103820800781,270.2522277832031,223.476806640625,52.327999114990234,12.881524085998535,118.31309509277344,113.16342163085938,288.0533447265625,306.929443359375,188.0266876220703,44.796756744384766,37.06501770019531
2021-01-28,133.45054626464844,465.6700134277344,161.88099670410156,26.87066078186035,337.8413391113281,223.78099060058594,71.97754669189453,167.92544555664062,91.96513366699219,246.1663055419922,146.76133728027344,114.57832336425781,42.28611373901367,315.1529541015625,263.1617431640625,229.26278686523438,53.86000061035156,13.01440143585205,119.29878997802734,114.90872192382812,278.4766540527344,311.6855773925781,191.16094970703125,44.768733978271484,37.64530944824219
2021-01-29,128.45677185058594,458.7699890136719,160.30999755859375,26.276884078979492,333.4604797363281,222.852294921875,68.88886260986328,164.30079650878906,90.68282318115234,239.76536560058594,141.52975463867188,113.31023406982422,41.42576599121094,307.3878479003906,256.5379943847656,222.5748291015625,53.23899841308594,12.95332145690918,117.05320739746094,113.0135726928711,264.510009765625,307.4732360839844,186.36798095703125,43.75345993041992,36.648189544677734
2021-02-01,130.5789031982422,470.0,167.1439971923828,26.551616668701172,331.6533203125,225.7174835205078,69.86722564697266,167.036376953125,93.94369506835938,239.1013946533203,141.16537475585938,114.14683532714844,41.709659576416016,312.5094909667969,260.1924743652344,229.95367431640625,53.90399932861328,13.19987964630127,117.40463256835938,113.68346405029297,279.9366760253906,307.8603515625,191.2959747314453,43.373497009277344,36.71356964111328
2021-02-02,131.40635681152344,484.92999267578125,169.0,27.499887466430664,336.44097900390625,231.38856506347656,70.39278411865234,172.8885955810547,95.23641204833984,240.95167541503906,139.89869689941406,117.6605224609375,42.12263870239258,324.958984375,265.2272644042969,229.81939697265625,54.816001892089844,13.518730163574219,118.60453796386719,113.52482604980469,290.92999267578125,312.2109375,195.39462280273438,43.84065628051758,37.293861389160156
2021-02-03,130.38418579101562,481.9200134277344,165.62649536132812,27.987321853637695,336.0909118652344,232.0011444091797,71.92903137207031,172.37075805664062,102.1720199584961,242.73123168945312,139.24801635742188,119.00787353515625,41.959171295166016,323.4526672363281,264.80029296875,233.16818237304688,53.94499969482422,13.49255657196045,118.2959976196289,113.66584014892578,284.89666748046875,311.4459533691406,194.1891326904297,43.97456741333008,38.75684356689453
2021-02-04,133.74261474609375,489.3800048828125,166.5500030517578,28.802650451660156,337.3612976074219,235.12318420410156,71.96138000488281,176.08334350585938,101.91149139404297,246.84800720214844,140.54075622558594,121.7466049194336,42.165653228759766,331.2372131347656,264.641357421875,232.2182159423828,55.215999603271484,13.625932693481445,119.71875762939453,113.73636627197266,283.3299865722656,303.5466003417969,201.79815673828125,44.388771057128906,39.5005989074707
2021-02-05,133.3282928466797,492.1199951171875,167.6074981689453,28.687440872192383,336.7167053222656,236.0222625732422,72.17161560058594,176.991943359375,103.65828704833984,246.88339233398438,142.6750030517578,121.50886535644531,42.716285705566406,329.2156677246094,266.2402648925781,232.40049743652344,55.07899856567383,13.552885055541992,120.81583404541016,114.21236419677734,284.07666015625,299.113037109375,201.33526611328125,44.95870590209961,40.82464599609375
2021-02-08,133.47447204589844,493.760009765625,166.14700317382812,29.325529098510742,341.1344909667969,236.061767578125,73.96659851074219,185.62855529785156,103.44439697265625,247.91925048828125,143.08273315429688,123.4110336303711,42.94855880737305,327.5440979003906,264.7307434082031,232.65957641601562,54.79199981689453,14.398259162902832,120.33586883544922,113.85975646972656,287.8066711425781,298.95635986328125,199.52218627929688,45.16736602783203,42.58185958862305
2021-02-09,132.59706115722656,496.04998779296875,165.25,29.201457977294922,340.87847900390625,233.85858154296875,73.54615020751953,183.87974548339844,102.9913330078125,245.03306579589844,144.25401306152344,122.91783905029297,42.759300231933594,324.05517578125,267.58087158203125,233.90699768066406,55.90700149536133,14.223251342773438,119.65018463134766,113.4190444946289,283.1533203125,303.8323974609375,199.1654052734375,45.41651153564453,42.08314514160156
2021-02-10,131.99264526367188,492.6700134277344,164.32899475097656,29.228044509887695,337.6171875,233.87831115722656,74.80747985839844,185.26707458496094,103.54166412353516,246.73291015625,144.72250366210938,122.98833465576172,42.67325973510742,324.803466796875,269.98406982421875,232.99546813964844,56.35900115966797,14.722846031188965,118.02173614501953,113.02237701416016,268.2733459472656,307.3072204589844,199.08824157714844,44.88706970214844,42.490421295166016
2021-02-11,131.73919677734375,496.6199951171875,163.10650634765625,29.139423370361328,333.90093994140625,238.34405517578125,74.40320587158203,186.5176239013672,103.6543197631836,245.28985595703125,144.07179260253906,122.64488220214844,43.2755012512207,333.2197570800781,268.51434326171875,234.59786987304688,55.75899887084961,15.207980155944824,115.68184661865234,113.11934661865234,270.5533447265625,307.0030517578125,203.47332763671875,44.85281753540039,41.426509857177734
2021-02-12,131.97317504882812,498.8399963378906,163.885498046875,29.57367706298828,334.4223937988281,237.48451232910156,74.83175659179688,183.3521728515625,103.9659652709961,245.6881866455078,144.52296447753906,124.3885269165039,43.61103820800781,331.4023742675781,268.6235656738281,235.07766723632812,55.652000427246094,14.919295310974121,114.73905181884766,112.4935073852539,272.0400085449219,302.5511169433594,202.79721069335938,44.992958068847656,41.99171829223633
2021-02-16,129.84786987304688,501.6400146484375,163.44749450683594,30.37129020690918,335.6073913574219,245.6057891845703,76.36510467529297,182.0625457763672,104.74359130859375,243.81134033203125,143.21287536621094,127.38260650634766,43.249691009521484,331.60650634765625,272.0694885253906,233.83981323242188,55.72800064086914,15.28725814819336,115.17616271972656,112.75792694091797,265.40667724609375,299.2144775390625,200.80752563476562,45.36355972290039,43.25511932373047
2021-02-17,127.55682373046875,491.2300109863281,165.4320068359375,30.495357513427734,339.4375,244.68699645996094,78.65288543701172,182.15048217773438,105.1366195678711,248.70718383789062,143.7247772216797,127.7789306640625,43.12924575805664,327.835693359375,271.67230224609375,234.85928344726562,55.13399887084961,14.864202499389648,115.2447738647461,113.23395538330078,266.04998779296875,301.2791442871094,200.43081665039062,45.84318923950195,43.92839431762695
2021-02-18,126.45518493652344,488.3699951171875,166.4114990234375,30.300386428833008,338.375732421875,244.04476928710938,77.89849090576172,178.7895965576172,104.50092315673828,250.59295654296875,143.7941131591797,128.21041870117188,43.67986297607422,328.933837890625,267.5212707519531,234.46495056152344,54.821998596191406,14.78741455078125,116.02467346191406,114.17711639404297,262.4599914550781,302.70782470703125,202.20806884765625,42.872093200683594,43.23850631713867
2021-02-19,126.61116027832031,479.1199951171875,162.4949951171875,30.610576629638672,336.33740234375,243.6001739501953,78.55447387695312,179.4246368408203,103.65729522705078,247.57398986816406,141.39962768554688,130.35035705566406,43.11203384399414,323.7927551269531,259.7455749511719,231.7528076171875,54.02199935913086,14.884642601013184,113.57341003417969,112.05274200439453,260.4333190917969,299.17755126953125,197.74563598632812,43.083866119384766,43.5294189453125
2021-02-22,122.83827209472656,467.3299865722656,159.03700256347656,31.15117645263672,332.0142822265625,238.0575408935547,80.67822265625,187.34805297851562,101.94275665283203,244.21859741210938,141.3123016357422,131.57444763183594,43.55941390991211,331.0719299316406,258.5240783691406,225.53994750976562,53.37799835205078,14.3154935836792,113.12772369384766,111.57675170898438,238.1666717529297,301.9981384277344,201.2131805419922,42.881431579589844,45.133609771728516
2021-02-23,122.70178985595703,467.79998779296875,159.72500610351562,31.479074478149414,324.3730773925781,232.81124877929688,81.69500732421875,192.55543518066406,102.23355865478516,236.59588623046875,140.06394958496094,132.63119506835938,43.481990814208984,340.5572509765625,264.0157470703125,224.34739685058594,54.6150016784668,14.102341651916504,113.80481719970703,112.40533447265625,232.94667053222656,303.7218017578125,204.8739013671875,42.1900520324707,45.75700759887695
2021-02-24,122.20458984375,476.6199951171875,157.97650146484375,32.241249084472656,322.99847412109375,237.5832977294922,84.71256256103516,192.9657745361328,103.40916442871094,230.15951538085938,141.9408721923828,134.96484375,43.62824249267578,356.9815673828125,262.47650146484375,225.5784149169922,55.340999603271484,14.458342552185059,113.21340942382812,112.52876281738281,247.33999633789062,306.2104187011719,211.94418334960938,41.4862060546875,47.12847137451172
2021-02-25,117.9540023803711,459.1600036621094,152.85800170898438,31.84244728088379,316.5516357421875,228.30601501464844,83.92536926269531,186.5860137939453,100.04161071777344,225.98077392578125,142.08929443359375,133.13319396972656,43.16365432739258,344.5904235839844,252.92324829101562,220.2310791015625,54.66999816894531,13.270180702209473,111.42210388183594,111.57675170898438,227.4066619873047,303.13177490234375,206.4579315185547,41.09379577636719,46.34714889526367
2021-02-26,118.21722412109375,459.6700134277344,154.64649963378906,30.76122283935547,313.80242919921875,213.90106201171875,81.99842071533203,184.6906280517578,100.3373794555664,228.71641540527344,138.3354034423828,129.601806640625,42.1484489440918,343.8907165527344,255.83290100097656,223.4914093017578,53.8849983215332,13.676040649414062,110.72785186767578,108.88827514648438,225.1666717529297,306.2195739746094,205.14430236816406,40.46158218383789,45.191795349121094
2021-03-01,124.58334350585938,469.57000732421875,157.3070068359375,31.71835708618164,314.5323486328125,214.92855834960938,83.67937469482422,190.4939727783203,102.70697021484375,231.62030029296875,139.086181640625,132.5343017578125,42.931358337402344,352.6860656738281,263.07232666015625,227.87698364257812,55.06399917602539,13.802934646606445,111.95349884033203,109.5582046508789,239.47666931152344,308.4595642089844,209.2397003173828,40.91316604614258,46.87911605834961
2021-03-02,121.98036193847656,466.5899963378906,154.72650146484375,31.487943649291992,311.3944091796875,210.9074249267578,83.99916076660156,189.4779052734375,102.44991302490234,230.44284057617188,138.82427978515625,132.10281372070312,43.10342788696289,352.6081848144531,257.2033386230469,224.9243927001953,54.78200149536133,13.36865234375,112.33919525146484,109.21440887451172,228.81333923339844,308.4503173828125,208.40902709960938,40.520755767822266,46.60481643676758
2021-03-03,118.99714660644531,448.45001220703125,150.25,32.276695251464844,307.09027099609375,203.527099609375,84.94215393066406,187.8365478515625,99.81631469726562,227.84881591796875,136.37989807128906,134.6566162109375,43.00019836425781,350.1105651855469,253.6382293701172,218.85572814941406,52.06999969482422,12.768843650817871,110.68500518798828,108.56210327148438,217.73333740234375,306.8188171386719,207.52040100097656,39.73594284057617,46.978851318359375
2021-03-04,117.11556243896484,439.05999755859375,148.8784942626953,32.508262634277344,302.4638671875,202.86512756347656,85.68830871582031,183.70388793945312,100.93387603759766,222.15611267089844,133.6299591064453,132.58714294433594,42.96577072143555,339.6630859375,255.85281372070312,218.05752563476562,51.12900161743164,12.33556079864502,111.30099487304688,107.67183685302734,207.14666748046875,307.68524169921875,204.28469848632812,39.717262268066406,48.79916000366211
2021-03-05,118.3731918334961,440.8299865722656,150.0229949951172,32.8912353515625,300.833251953125,208.22994995117188,89.37825775146484,185.61880493164062,104.06719207763672,224.4490966796875,136.27513122558594,132.8953399658203,43.69707489013672,350.7227783203125,262.4467468261719,222.7412567138672,51.638999938964844,12.426553726196289,114.92953491210938,111.04786682128906,199.31666564941406,319.9351501464844,208.06134033203125,40.212432861328125,50.64439392089844
2021-03-08,113.4401626586914,421.20001220703125,147.59750366210938,33.06937026977539,295.23974609375,205.22645568847656,89.99324035644531,197.26454162597656,99.62227630615234,229.32730102539062,137.4100341796875,134.6566162109375,44.42837142944336,360.8786926269531,253.53897094726562,218.6922607421875,49.33300018310547,11.560738563537598,114.15199279785156,112.22024536132812,187.6666717529297,322.7648620605469,212.75550842285156,39.82626724243164,50.59452438354492
2021-03-09,118.05147552490234,439.17999267578125,153.1425018310547,32.34794235229492,302.2173156738281,208.99070739746094,89.78826141357422,190.03480529785156,101.25296020507812,234.5773162841797,137.67189025878906,133.70555114746094,43.75729751586914,365.922607421875,263.8965759277344,224.83790588378906,50.64400100708008,12.489447593688965,114.25565338134766,111.22417449951172,224.52667236328125,324.4331359863281,212.84243774414062,40.14080810546875,49.81320571899414
2021-03-10,116.9693374633789,437.010009765625,152.8820037841797,33.28311538696289,307.0049133300781,209.41555786132812,91.32160949707031,190.57212829589844,101.04602813720703,237.18759155273438,138.93777465820312,136.6116180419922,44.25630187988281,370.9568176269531,263.06243896484375,223.52987670898438,50.45399856567383,12.437578201293945,115.40467834472656,112.24668884277344,222.68666076660156,322.239501953125,215.55653381347656,41.16542434692383,51.34259796142578
2021-03-11,118.89965057373047,451.05999755859375,155.67950439453125,33.16733932495117,311.5744934082031,213.35765075683594,91.17402648925781,192.2232666015625,104.23939514160156,239.51278686523438,138.9290008544922,135.89830017089844,43.774497985839844,373.5614318847656,271.98016357421875,228.05970764160156,52.305999755859375,12.961535453796387,115.09365844726562,111.86766052246094,233.1999969482422,325.465576171875,218.43490600585938,41.14985275268555,50.96025848388672
2021-03-12,117.99299621582031,444.29998779296875,154.47450256347656,33.79077911376953,313.93524169921875,209.66256713867188,91.47743225097656,192.6238250732422,101.7313461303711,243.2990264892578,139.3306121826172,137.50982666015625,43.68775177001953,371.9384765625,266.5381164550781,226.73251342773438,51.801998138427734,12.82437515258789,114.93815612792969,112.95187377929688,231.2433319091797,329.3229064941406,216.7059783935547,41.769622802734375,51.508827209472656
2021-03-15,120.87870788574219,447.5899963378906,154.08399963378906,33.62156677246094,313.33782958984375,210.2454833984375,90.40324401855469,192.2330322265625,101.95167541503906,248.14535522460938,140.04647827148438,136.82296752929688,44.268985748291016,371.01507568359375,271.8510437011719,225.82843017578125,52.025001525878906,13.158798217773438,114.92953491210938,113.32209014892578,235.97999572753906,327.3432922363281,215.65318298339844,41.554725646972656,50.195552825927734
2021-03-16,122.41907501220703,450.5400085449219,154.59300231933594,33.523597717285156,310.247314453125,211.90530395507812,88.2630844116211,189.77102661132812,103.41314697265625,251.29904174804688,140.87583923339844,135.18502807617188,44.433807373046875,371.6177673339844,277.3426513671875,228.61752319335938,52.40299987792969,13.258554458618164,115.77615356445312,113.65703582763672,225.6266632080078,328.0093688964844,217.03436279296875,41.54226303100586,49.13164138793945
2021-03-17,121.62938690185547,451.010009765625,156.7864990234375,33.79969787597656,312.0863952636719,210.56161499023438,88.58287811279297,190.74801635742188,103.33026885986328,249.4727783203125,140.35202026367188,136.57635498046875,44.451168060302734,368.02178955078125,282.03985595703125,227.97317504882812,52.444000244140625,13.308429718017578,115.43923950195312,113.19866180419922,233.93666076660156,325.77081298828125,215.4116973876953,41.19658279418945,49.347747802734375
2021-03-18,117.50552368164062,439.17999267578125,151.39950561523438,34.68142318725586,306.1991271972656,206.96530151367188,85.37675476074219,187.85609436035156,100.30908966064453,252.26119995117188,140.0901336669922,138.83079528808594,43.86992645263672,356.67059326171875,276.6872863769531,221.89491271972656,50.479000091552734,12.691200256347656,114.49754333496094,113.44548797607422,217.72000122070312,334.9006652832031,213.13223266601562,40.658668518066406,47.219905853271484
2021-03-19,116.97908782958984,441.5,153.7480010986328,34.316261291503906,311.8210144042969,209.6526641845703,84.76995849609375,186.74234008789062,100.58798217773438,257.5531005859375,139.71473693847656,136.6204071044922,44.07813262939453,346.4758605957031,288.09747314453125,221.53907775878906,51.21799850463867,12.814146995544434,116.19952392578125,112.8372573852539,218.2899932861328,338.1659240722656,199.8416290283203,41.19970703125,46.95391845703125
2021-03-22,120.29374694824219,452.4100036621094,155.5435028076172,33.54139709472656,317.1109924316406,212.5869903564453,84.08116149902344,188.42276000976562,100.7730712890625,257.4106140136719,140.11631774902344,132.94821166992188,44.242958068847656,348.3126525878906,291.5037536621094,226.96334838867188,52.31100082397461,13.153810501098633,119.05050659179688,114.75004577636719,223.3333282470703,339.3500061035156,200.9040985107422,41.396724700927734,46.471824645996094
2021-03-23,119.4651107788086,460.20001220703125,156.875,32.86452102661133,322.6571350097656,212.4190673828125,83.61377716064453,184.38778686523438,101.30110168457031,258.3370361328125,139.9853973388672,131.6184539794922,44.581295013427734,345.2707214355469,288.61395263671875,228.49249267578125,53.50899887084961,13.038594245910645,120.48462677001953,116.88324737548828,220.72000122070312,340.8670349121094,201.04898071289062,41.88772201538086,45.8983039855957
2021-03-24,117.07658386230469,451.510009765625,154.35350036621094,32.86452102661133,320.4766540527344,207.0146942138672,85.85233306884766,180.4700469970703,100.86439514160156,260.8047180175781,141.34722900390625,132.63995361328125,44.69406509399414,349.5274353027344,280.182861328125,226.45361328125,52.08100128173828,12.611895561218262,119.9230728149414,116.84796905517578,210.08999633789062,342.8095397949219,200.9717559814453,41.62814712524414,46.82923889160156
2021-03-25,117.56402587890625,450.989990234375,152.31300354003906,33.54139709472656,328.34539794921875,202.97381591796875,86.1557388305664,182.60963439941406,100.86092376708984,264.75146484375,141.39962768554688,134.33956909179688,45.12782287597656,348.2737121582031,276.8063659667969,223.45294189453125,50.2859992980957,12.504413604736328,120.63153076171875,117.65892028808594,213.4633331298828,343.2627868652344,200.87515258789062,41.90961456298828,46.69624710083008
2021-03-26,118.1684799194336,469.0899963378906,152.60150146484375,34.449851989746094,333.73016357421875,206.57998657226562,88.13188171386719,181.64242553710938,100.47733306884766,270.65789794921875,143.9836883544922,136.57635498046875,46.01268005371094,355.83477783203125,281.05670166015625,227.4345703125,50.80500030517578,12.807663917541504,123.28377532958984,119.39543914794922,206.23666381835938,348.2486267089844,206.24542236328125,42.25986099243164,47.96796417236328
2021-03-29,118.3439712524414,469.32000732421875,153.7864990234375,34.12031555175781,337.64569091796875,208.23985290527344,87.67266845703125,180.59706115722656,101.52241516113281,269.2236633300781,144.95272827148438,134.45407104492188,46.71535110473633,352.6956481933594,288.80267333984375,226.2420196533203,51.39500045776367,12.916396141052246,125.106689453125,121.26412963867188,203.76333618164062,350.6351318359375,207.19200134277344,42.741485595703125,47.71029281616211
2021-03-30,116.8913345336914,465.4599914550781,152.76449584960938,34.725948333740234,331.5782470703125,207.4790802001953,86.86090087890625,181.26141357421875,101.55615997314453,271.5577087402344,144.0535430908203,136.03921508789062,46.10810852050781,348.1182556152344,286.0021667480469,222.9816436767578,51.3390007019043,12.840083122253418,123.1455307006836,119.39543914794922,211.8733367919922,345.54754638671875,204.67108154296875,42.45063400268555,47.120155334472656
2021-03-31,119.08487701416016,475.3699951171875,154.70399475097656,34.45875930786133,334.1663513183594,209.32659912109375,85.92613220214844,180.27462768554688,102.3526611328125,271.9407653808594,143.4773406982422,134.0577850341797,45.72639465332031,346.0288391113281,292.48687744140625,226.75173950195312,52.16600036621094,13.315412521362305,122.2038803100586,119.37779998779297,222.64332580566406,344.16937255859375,204.50682067871094,42.478790283203125,46.405338287353516
2021-04-01,119.91355895996094,483.3399963378906,158.0500030517578,35.171268463134766,336.4985656738281,216.09439086914062,86.71331787109375,184.62225341796875,105.69043731689453,274.16796875,142.15040588378906,135.3611602783203,45.55289840698242,353.07470703125,296.5882873535156,233.08004760742188,53.94200134277344,13.777771949768066,122.05699920654297,118.36408233642578,220.5833282470703,339.54425048828125,209.4618682861328,42.41310501098633,47.701988220214844
2021-04-05,122.74079132080078,491.6199951171875,161.3365020751953,35.447357177734375,342.072998046875,217.64553833007812,85.696533203125,184.16305541992188,110.1159896850586,280.98321533203125,142.67420959472656,136.07864379882812,45.81315231323242,357.9533996582031,306.76715087890625,239.5430145263672,54.06700134277344,13.95308780670166,123.68121337890625,120.27688598632812,230.35000610351562,342.4210205078125,211.56747436523438,43.60463333129883,46.96223449707031
2021-04-06,123.04301452636719,491.3399963378906,161.1909942626953,35.34939956665039,341.409423828125,218.43594360351562,84.9339370727539,185.36476135253906,109.6346206665039,279.5399475097656,142.63929748535156,135.12196350097656,46.142799377441406,359.1682434082031,304.13555908203125,238.37930297851562,54.452999114990234,13.827399253845215,124.12181091308594,120.32096099853516,230.5399932861328,337.0466613769531,211.19076538085938,43.81416702270508,46.82923889160156
2021-04-07,124.69058227539062,493.4100036621094,163.96949768066406,35.67001724243164,340.1674499511719,218.1395263671875,85.43413543701172,183.2447052001953,111.11196899414062,278.3728942871094,142.8313446044922,137.23904418945312,46.22087478637695,360.6357727050781,310.91815185546875,240.3412322998047,54.69900131225586,14.108705520629883,123.89720153808594,120.53252410888672,223.6566619873047,338.2215270996094,211.78961181640625,43.720340728759766,47.03703689575195
2021-04-08,127.0888671875,499.8399963378906,164.96499633789062,35.358299255371094,342.4522705078125,221.75559997558594,84.47473907470703,183.01023864746094,111.67768859863281,280.1190490722656,142.27264404296875,137.40731811523438,46.082069396972656,367.5441589355469,310.8486633300781,243.56312561035156,55.45800018310547,14.281777381896973,123.1455307006836,120.99087524414062,227.93333435058594,337.5277404785156,213.17080688476562,43.69219970703125,46.546630859375
2021-04-09,129.66262817382812,504.0400085449219,168.61000061035156,35.61659622192383,344.3388366699219,228.5036163330078,84.39275360107422,183.56712341308594,112.6821060180664,284.3952941894531,140.77108764648438,138.43490600585938,46.13412857055664,369.8209228515625,310.2924499511719,246.06365966796875,55.53099822998047,14.364572525024414,123.1715087890625,120.20637512207031,225.67333984375,348.0821228027344,214.92872619628906,43.71409225463867,46.438575744628906
2021-04-12,127.94679260253906,506.0299987792969,168.96949768066406,35.678932189941406,345.85577392578125,226.0138397216797,83.45797729492188,182.19931030273438,111.38937377929688,285.7850646972656,141.1114959716797,138.142578125,46.2816047668457,369.58746337890625,309.37890625,246.12136840820312,55.27799987792969,15.171584129333496,123.56025695800781,120.69116973876953,233.9933319091797,348.0636291503906,213.91458129882812,43.720340728759766,46.131038665771484
2021-04-13,131.05677795410156,514.8599853515625,170.0,35.01985549926758,346.2349548339844,229.21498107910156,83.83517456054688,181.22232055664062,111.87618255615234,285.4376220703125,139.2258758544922,136.49496459960938,46.056060791015625,367.9234619140625,307.61126708984375,248.6027069091797,55.37300109863281,15.640925407409668,123.58617401123047,119.09571838378906,254.10667419433594,346.4170837402344,213.47991943359375,43.58586120605469,46.30559158325195
2021-04-14,128.7169952392578,510.6300048828125,166.64999389648438,35.51861572265625,344.3009948730469,225.2827606201172,85.49972534179688,183.14700317382812,111.25487518310547,285.0990295410156,139.60997009277344,133.94383239746094,46.04737854003906,368.1083984375,300.7193603515625,245.8135986328125,54.00199890136719,15.239418983459473,122.77408599853516,119.52764129638672,244.07666015625,347.4623107910156,214.4071807861328,43.57023239135742,47.643798828125
2021-04-15,131.12498474121094,523.25,168.95449829101562,34.503292083740234,349.63848876953125,230.2029571533203,84.80274963378906,181.65219116210938,113.40563201904297,287.522216796875,140.020263671875,134.79421997070312,46.26426315307617,376.0579833984375,305.6846618652344,249.57403564453125,54.922000885009766,16.097553253173828,122.94684600830078,120.97325897216797,246.28334045410156,360.7640686035156,218.56045532226562,43.83293533325195,47.36119842529297
2021-04-16,130.79354858398438,525.0800170898438,169.9720001220703,34.86845397949219,351.4586486816406,229.12606811523438,84.42556762695312,182.95159912109375,113.28157806396484,292.27947998046875,141.6353759765625,135.79518127441406,46.567893981933594,375.7466125488281,304.0560607910156,250.7666015625,54.65399932861328,15.8733549118042,124.54513549804688,120.9820785522461,246.5933380126953,361.6890869140625,218.68603515625,43.97366714477539,47.09521484375
2021-04-19,131.45645141601562,516.1699829101562,168.60049438476562,34.886260986328125,350.3494567871094,227.7329864501953,84.67155456542969,183.11767578125,113.62944793701172,291.1837463378906,142.0281982421875,135.21937561035156,46.845489501953125,371.8447570800781,300.1434020996094,248.84310913085938,55.444000244140625,15.323958396911621,125.05484008789062,120.41792297363281,238.2100067138672,360.6068115234375,218.0872039794922,43.69219970703125,46.94561004638672
2021-04-20,129.7698974609375,514.2100219726562,166.7344970703125,33.915470123291016,352.4161682128906,225.22349548339844,83.08898162841797,178.58444213867188,113.09598541259766,288.6091613769531,145.33685302734375,132.22535705566406,46.99296188354492,366.4640197753906,300.550537109375,248.3815155029297,54.957000732421875,15.133927345275879,125.88426208496094,121.42279815673828,239.663330078125,366.7951354980469,215.6627960205078,44.02995300292969,45.95648956298828
2021-04-21,130.15008544921875,512.3400268554688,168.1009979248047,34.485477447509766,354.65362548828125,227.79225158691406,84.23698425292969,178.89706420898438,113.06322479248047,290.3819580078125,145.43289184570312,133.35031127929688,47.37466812133789,372.7593688964844,299.3787536621094,250.61273193359375,50.88999938964844,15.322712898254395,126.98141479492188,120.62947082519531,248.0399932861328,368.9041442871094,219.6905517578125,44.158164978027344,46.546630859375
2021-04-22,128.6292266845703,507.2900085449219,165.45199584960938,34.164852142333984,351.97064208984375,228.57278442382812,82.77738189697266,178.5551300048828,111.78141021728516,286.3819274902344,144.2019500732422,130.5423126220703,47.22718811035156,373.01239013671875,294.4630432128906,247.3331756591797,50.87799835205078,14.813716888427734,126.19527435302734,119.43186950683594,239.89666748046875,366.8043518066406,219.8064422607422,43.679691314697266,45.93986892700195
2021-04-23,130.94955444335938,515.8400268554688,167.04400634765625,34.895172119140625,353.8856201171875,230.7068634033203,83.26937866210938,178.80914306640625,114.13414764404297,288.5467834472656,144.49876403808594,133.040283203125,47.25321578979492,376.6125793457031,299.0411071777344,251.16094970703125,50.55500030517578,15.227696418762207,125.98793029785156,118.81976318359375,243.13333129882812,370.2915344238281,222.1535186767578,43.75162124633789,46.1892204284668
2021-04-26,131.33946228027344,515.7000122070312,170.4499969482422,35.100013732910156,349.37298583984375,232.63345336914062,83.24479675292969,180.0303955078125,114.63038635253906,285.0722961425781,143.27658081054688,133.3680419921875,46.55052947998047,377.0115661621094,300.9378356933594,251.5456085205078,51.029998779296875,15.439922332763672,123.8539810180664,116.44230651855469,246.06666564941406,366.17535400390625,222.48193359375,43.1292724609375,46.28065872192383
2021-04-27,131.01773071289062,517.3200073242188,170.8715057373047,35.51861572265625,350.97509765625,231.39845275878906,84.21236419677734,180.39187622070312,113.68999481201172,285.60687255859375,142.4559326171875,133.979248046875,46.481136322021484,378.568359375,301.46417236328125,251.94956970214844,50.55500030517578,15.343907356262207,123.44793701171875,116.37132263183594,234.913330078125,364.9173583984375,222.066650390625,43.27626419067383,46.887420654296875
2021-04-28,130.22805786132812,515.47998046875,172.9250030517578,35.6522102355957,350.3873291015625,234.03639221191406,86.27873229980469,179.170654296875,117.06747436523438,284.82293701171875,141.40834045410156,134.84735107421875,46.489803314208984,384.97064208984375,304.9696960449219,244.822998046875,50.652000427246094,15.239169120788574,122.53218078613281,116.56652069091797,231.46665954589844,365.0006103515625,225.48587036132812,43.12302017211914,48.30044937133789
2021-04-29,130.13055419921875,516.0900268554688,173.5655059814453,36.61410140991211,354.8907775878906,231.54666137695312,87.65629577636719,181.06600952148438,118.74082946777344,289.83856201171875,143.34640502929688,137.46937561035156,47.071041107177734,378.4515380859375,327.2242431640625,242.8514404296875,50.900001525878906,15.28704833984375,124.35505676269531,117.55119323730469,225.6666717529297,371.43865966796875,228.77951049804688,43.667171478271484,48.99032974243164
2021-04-30,128.16127014160156,508.3399963378906,173.37100219726562,36.09752655029297,353.5130920410156,227.55516052246094,84.51576232910156,181.74012756347656,116.79254913330078,288.3507080078125,142.06309509277344,136.2469482421875,46.82814025878906,371.7474670410156,322.8249206542969,242.53404235839844,51.34700012207031,14.972574234008789,124.54513549804688,118.35848236083984,236.47999572753906,368.8948669433594,225.59210205078125,43.7547492980957,47.577308654785156
2021-05-03,129.2141571044922,503.4599914550781,169.32449340820312,36.12425231933594,360.3822021484375,221.0738983154297,86.53292083740234,181.2418670654297,116.27545928955078,294.23052978515625,144.22817993164062,135.8483428955078,47.26189422607422,369.1593322753906,320.3422546386719,242.2262725830078,50.9109992980957,14.800249099731445,125.95336151123047,119.76012420654297,228.3000030517578,375.4624328613281,224.67449951171875,44.44588851928711,48.89059066772461
2021-05-04,124.64183807373047,490.70001220703125,165.593505859375,36.51613235473633,356.55340576171875,214.57286071777344,87.00851440429688,180.01084899902344,114.4765396118164,296.457763671875,146.46304321289062,137.7262420654297,46.966941833496094,365.7635192871094,316.15155029296875,238.31198120117188,50.31800079345703,14.315945625305176,124.37236022949219,119.3520278930664,224.53334045410156,380.4945983886719,224.11431884765625,44.008052825927734,49.1981315612793
2021-05-05,124.88557434082031,486.69000244140625,163.52699279785156,36.86348342895508,353.90264892578125,212.81422424316406,89.345458984375,177.33387756347656,114.87055969238281,295.8163146972656,145.85191345214844,139.53330993652344,46.845489501953125,359.1762390136719,312.834716796875,237.04246520996094,49.608001708984375,14.422928810119629,124.31187438964844,118.39398193359375,223.64666748046875,381.5675354003906,221.39047241210938,43.97053527832031,50.67765426635742
2021-05-06,126.48445129394531,483.6099853515625,165.31849670410156,37.415672302246094,363.65045166015625,215.43243408203125,89.39466857910156,177.60745239257812,115.99109649658203,300.74285888671875,146.43682861328125,142.34132385253906,47.313941955566406,365.3451232910156,317.800048828125,240.1777801513672,49.95500183105469,14.48727035522461,125.75462341308594,119.8843002319336,221.17999267578125,383.8523254394531,223.4285125732422,44.28450393676758,51.15974807739258
2021-05-07,127.1582260131836,488.7300109863281,164.58050537109375,37.56707763671875,365.132568359375,213.90106201171875,90.21463775634766,180.58726501464844,116.71463775634766,302.2306823730469,147.10032653808594,142.8285369873047,47.28791809082031,365.2672424316406,316.8665771484375,242.80331420898438,50.38399887084961,14.775810241699219,125.75462341308594,119.8931884765625,224.1233367919922,386.3313903808594,224.2012481689453,44.01763153076172,51.89118576049805
2021-05-10,123.87699890136719,479.3800048828125,159.52450561523438,37.45130157470703,362.434326171875,211.3223876953125,89.84564208984375,180.05970764160156,113.72820281982422,303.89654541015625,148.64547729492188,142.810791015625,47.634925842285156,356.45184326171875,303.8475341796875,237.725341796875,48.66899871826172,14.230653762817383,126.75682067871094,122.12867736816406,209.67999267578125,389.3283996582031,218.26104736328125,44.212284088134766,52.015869140625
2021-05-11,122.95904541015625,485.19000244140625,161.19549560546875,37.0237922668457,359.2991027832031,212.97232055664062,87.49229431152344,177.49020385742188,112.65184020996094,294.5779724121094,147.43202209472656,140.4368438720703,47.12308883666992,357.6875,304.40362548828125,236.8116455078125,49.507999420166016,14.271055221557617,125.83238983154297,121.52545928955078,205.73333740234375,380.8276062011719,217.78775024414062,43.81354904174805,50.36180114746094
2021-05-12,119.89262390136719,472.0899963378906,157.5970001220703,36.67644500732422,353.6176452636719,208.01258850097656,88.04169464111328,173.7581024169922,109.18750762939453,282.4085998535156,146.8384246826172,139.4712677001953,46.880184173583984,346.9941711425781,300.4512634277344,229.858154296875,48.49800109863281,13.724655151367188,124.6056137084961,120.2391357421875,196.6300048828125,374.9721984863281,213.1031951904297,42.68013381958008,50.631656646728516
2021-05-13,122.04108428955078,474.1600036621094,158.07350158691406,37.26426696777344,360.58172607421875,209.31675720214844,87.47590637207031,174.23683166503906,110.61621856689453,289.90985107421875,148.3749237060547,143.05885314941406,47.28791809082031,350.3023681640625,303.1424560546875,233.7340087890625,48.66600036621094,13.631631851196289,126.45442199707031,122.17305755615234,190.56333923339844,377.9230041503906,216.42100524902344,43.402259826660156,50.00761413574219
2021-05-14,124.46292877197266,486.55999755859375,161.14500427246094,37.72739791870117,365.2275085449219,215.04713439941406,89.76366424560547,169.70358276367188,113.06471252441406,288.315185546875,148.60189819335938,145.2822265625,47.47876739501953,354.0873718261719,313.7483825683594,238.658203125,49.33700180053711,14.207961082458496,126.6445083618164,122.43031311035156,196.5800018310547,379.07000732421875,219.51637268066406,43.804134368896484,51.247257232666016
2021-05-17,123.31060028076172,482.739990234375,163.51950073242188,38.06584167480469,364.79052734375,212.47836303710938,90.86244201660156,166.16688537597656,113.58775329589844,285.09014892578125,148.7502899169922,145.86680603027344,47.400699615478516,353.49383544921875,313.27166748046875,235.8018035888672,48.89400100708008,14.13064956665039,126.28164672851562,122.1819076538086,192.27667236328125,377.9877014160156,219.03269958496094,43.6063346862793,52.44474411010742
2021-05-18,121.92386627197266,480.6199951171875,161.61399841308594,37.54927062988281,363.69793701171875,211.75711059570312,88.13166809082031,165.7760467529297,112.27517700195312,282.1859130859375,148.80267333984375,143.81178283691406,47.14044189453125,353.2700500488281,307.809814453125,233.78211975097656,48.62799835205078,13.981269836425781,125.71146392822266,120.93106842041016,192.6233367919922,379.6065368652344,218.19117736816406,44.55450439453125,50.96054458618164
2021-05-19,121.76762390136719,480.4700012207031,161.58999633789062,37.38005065917969,360.7052307128906,218.68295288085938,85.658203125,165.37550354003906,112.7232894897461,280.13690185546875,148.47964477539062,142.71334838867188,46.99296188354492,351.23651123046875,311.4146728515625,234.36053466796875,48.77000045776367,14.031147003173828,125.64234161376953,121.17948913574219,187.82000732421875,378.79254150390625,217.2432403564453,44.557647705078125,49.737762451171875
2021-05-20,124.32623291015625,491.6700134277344,162.38400268554688,37.290985107421875,364.4294738769531,221.09365844726562,85.95701599121094,167.4174346923828,114.48250579833984,281.42864990234375,149.3439178466797,142.46533203125,47.40936279296875,357.7751770019531,316.3998107910156,237.5994415283203,50.16699981689453,14.576552391052246,127.1974105834961,122.4214859008789,195.5933380126953,377.9969787597656,219.03269958496094,44.71462631225586,49.61968994140625
2021-05-21,122.49028778076172,488.07000732421875,160.1540069580078,37.763023376464844,361.7122802734375,219.90806579589844,86.42184448242188,168.43348693847656,113.84629821777344,281.31280517578125,149.2478790283203,144.08639526367188,47.383331298828125,357.67779541015625,314.036376953125,236.33665466308594,49.78900146484375,14.954867362976074,127.08513641357422,122.4214859008789,193.6266632080078,380.7627868652344,219.35191345214844,44.5042610168457,49.687156677246094
2021-05-24,124.12114715576172,497.8299865722656,162.24949645996094,37.967864990234375,364.3060302734375,224.26513671875,87.65023803710938,170.299560546875,117.16673278808594,280.48431396484375,149.81890869140625,144.86590576171875,47.539485931396484,362.32879638671875,322.37811279296875,241.7445526123047,50.290000915527344,15.573593139648438,127.73307037353516,122.38594055175781,202.14666748046875,380.1338195800781,221.8184814453125,44.50741195678711,50.26903533935547
2021-05-25,123.92581939697266,505.0799865722656,162.95249938964844,37.415672302246094,366.1396789550781,224.97647094726562,86.21431732177734,172.11676025390625,117.25753784179688,282.1859130859375,149.406005859375,143.36888122558594,47.53082275390625,357.3080139160156,325.5161437988281,242.65066528320312,50.13399887084961,15.609254837036133,128.12184143066406,122.80289459228516,201.56333923339844,382.0762939453125,221.5283203125,44.68950653076172,49.130577087402344
2021-05-26,123.87699890136719,506.9800109863281,163.25799560546875,37.44239044189453,366.36767578125,226.92282104492188,86.42184448242188,172.4098358154297,118.12300872802734,282.70257568359375,148.51878356933594,143.35116577148438,47.739013671875,352.8614196777344,325.3870544433594,242.428955078125,50.236000061035156,15.661375999450684,128.12184143066406,122.52792358398438,206.3766632080078,382.224365234375,219.64210510253906,44.636131286621094,49.70402145385742
2021-05-27,122.34379577636719,498.2799987792969,161.5054931640625,37.8966178894043,368.1537780761719,223.11904907226562,85.50048828125,174.92071533203125,117.24810791015625,283.9853820800781,148.2903594970703,145.58340454101562,48.13807678222656,352.22894287109375,330.4417419433594,240.3274688720703,50.38600158691406,15.449896812438965,126.57534790039062,119.74236297607422,210.28334045410156,381.7525634765625,219.43894958496094,44.485435485839844,49.38357162475586
2021-05-28,121.68951416015625,504.5799865722656,161.15350341796875,37.754119873046875,359.3845520019531,235.24176025390625,86.1479263305664,174.5396728515625,116.95878601074219,284.1101989746094,148.67689514160156,145.48597717285156,47.96458053588867,350.8472595214844,326.44964599609375,240.68414306640625,50.28099822998047,16.20453453063965,127.81085205078125,119.62703704833984,208.4066619873047,381.03106689453125,219.8645782470703,44.592185974121094,49.22334289550781
2021-06-01,121.36723327636719,495.9100036621094,160.9324951171875,38.22615432739258,359.34661865234375,233.36456298828125,88.52178955078125,174.72532653808594,118.16616821289062,281.7938537597656,145.40908813476562,147.08929443359375,47.955894470214844,350.0786437988281,326.8468933105469,238.48629760742188,49.90800094604492,16.224485397338867,127.5429916381836,117.87944793701172,207.96665954589844,376.22100830078125,219.21649169921875,44.47600555419922,50.98583984375
2021-06-02,122.12896728515625,495.7699890136719,161.69949340820312,38.24396514892578,361.5887756347656,231.80352783203125,89.70870208740234,172.9276580810547,117.6406478881836,280.5132751464844,145.9976348876953,147.09814453125,48.146751403808594,356.94805908203125,326.8667297363281,238.389892578125,49.92399978637695,16.73697280883789,128.052734375,118.39398193359375,201.7066650390625,375.41619873046875,222.14736938476562,44.37868881225586,51.390621185302734
2021-06-03,120.64458465576172,493.1400146484375,159.35049438476562,38.68222427368164,364.7049865722656,228.06890869140625,89.30199432373047,172.18515014648438,116.49876403808594,278.90130615234375,145.85707092285156,147.1956024169922,48.268192291259766,352.0538635253906,323.7783203125,236.857177734375,48.94300079345703,16.92800521850586,128.50958251953125,120.5141830444336,190.94667053222656,377.3680114746094,220.64805603027344,44.45718002319336,51.593013763427734
2021-06-04,122.93949127197266,504.5,160.31100463867188,38.70009994506836,368.1727600097656,234.62918090820312,90.01581573486328,173.10350036621094,118.78102111816406,278.525146484375,145.79556274414062,147.43475341796875,48.788700103759766,356.14044189453125,328.05841064453125,241.75418090820312,49.4739990234375,17.535001754760742,128.65753173828125,120.60285949707031,199.68333435058594,375.2220153808594,222.6116485595703,44.535667419433594,51.820701599121094
2021-06-07,122.94927215576172,509.4700012207031,159.90049743652344,38.565940856933594,361.4082336425781,235.28128051757812,89.4347915649414,172.9178924560547,119.21424865722656,277.58477783203125,144.80294799804688,146.74380493164062,48.615203857421875,354.2527770996094,334.2451477050781,244.66537475585938,49.465999603271484,17.575660705566406,128.5792236328125,121.0197982788086,201.7100067138672,370.23614501953125,223.75303649902344,44.23740005493164,51.4833869934082
2021-06-08,123.76958465576172,509.20001220703125,163.20550537109375,38.35129928588867,360.7431640625,233.58192443847656,90.24822235107422,172.2730712890625,119.02269744873047,278.4266357421875,143.52919006347656,146.15919494628906,48.27688217163086,355.4010009765625,331.3652648925781,243.4700469970703,49.23899841308594,17.4140567779541,127.37828063964844,119.6181640625,201.19667053222656,371.6144714355469,224.45919799804688,43.901466369628906,52.39414978027344
2021-06-09,124.15042877197266,514.6799926757812,164.0574951171875,37.850440979003906,360.990234375,233.255859375,89.4596939086914,171.98971557617188,119.49413299560547,275.23846435546875,145.46177673339844,144.33444213867188,48.129390716552734,353.5231018066406,327.9591369628906,244.45330810546875,48.58100128173828,17.319515228271484,127.1433334350586,119.57380676269531,199.5933380126953,371.0224609375,224.710693359375,43.665985107421875,52.832664489746094
2021-06-10,123.15434265136719,535.52001953125,167.4824981689453,37.28697204589844,363.8879699707031,237.30667114257812,89.98261260986328,172.50755310058594,120.84342956542969,276.107177734375,146.77069091796875,142.0844268798828,48.50243377685547,354.4668884277344,330.15374755859375,247.9717559814453,48.72700119018555,17.3861141204834,128.44869995117188,120.4609375,203.3733367919922,371.3831481933594,226.2970428466797,43.91716003417969,52.916996002197266
2021-06-11,124.36529541015625,541.260009765625,167.3415069580078,37.43901062011719,362.7668762207031,237.42520141601562,89.56761169433594,173.29891967773438,120.59878540039062,278.3102722167969,144.9084014892578,141.98703002929688,48.71930694580078,355.63446044921875,328.9621276855469,248.59835815429688,48.87699890136719,17.785470962524414,128.5269775390625,119.63591766357422,203.29666137695312,368.05316162109375,227.27395629882812,44.190311431884766,52.42787170410156
2021-06-14,127.42192077636719,556.9500122070312,169.19349670410156,36.99182891845703,364.60052490234375,243.30380249023438,89.61740112304688,174.08050537109375,121.52727508544922,277.01171875,145.2685089111328,139.57762145996094,48.5532341003418,356.62689208984375,334.4338684082031,250.52633666992188,49.98899841308594,17.97853660583496,129.29281616210938,119.68026733398438,205.89666748046875,369.2278747558594,226.4227752685547,44.130653381347656,52.34355163574219
2021-06-15,126.60161590576172,548.4600219726562,169.156494140625,37.0186653137207,364.7429504394531,239.66798400878906,91.5513687133789,171.81390380859375,120.50897216796875,274.4414978027344,144.49551391601562,137.46047973632812,48.430870056152344,358.1837158203125,334.41400146484375,249.05140686035156,49.189998626708984,17.748804092407227,129.3015594482422,119.44961547851562,199.7866668701172,370.263916015625,225.3587646484375,43.95484161376953,54.24940490722656
2021-06-16,127.09963989257812,543.3300170898438,170.7624969482422,37.224365234375,360.46771240234375,239.48023986816406,91.02842712402344,170.64149475097656,119.8668212890625,271.1548156738281,144.4427490234375,138.42601013183594,47.78407669067383,353.9998474121094,328.7833557128906,248.10675048828125,49.24100112915039,17.7705078125,128.01358032226562,117.79072570800781,201.6233367919922,367.4610595703125,222.08934020996094,43.06003952026367,54.05543518066406
2021-06-17,128.7012176513672,551.3599853515625,174.46200561523438,35.59657669067383,365.5410461425781,241.49575805664062,88.87037658691406,170.6317138671875,120.83053588867188,271.4593505859375,145.13670349121094,134.4310302734375,48.02880859375,357.37615966796875,334.1756896972656,251.49993896484375,49.83399963378906,18.615617752075195,129.2493133544922,118.86412048339844,205.53334045410156,367.5537109375,224.55593872070312,43.23899459838867,52.276084899902344
2021-06-18,127.40238952636719,565.5900268554688,174.34500122070312,34.68430709838867,361.86431884765625,239.86558532714844,85.51710510253906,168.45303344726562,119.21028137207031,271.00250244140625,142.2906036376953,131.02947998046875,46.99742889404297,357.5026550292969,327.3731994628906,250.08291625976562,50.07699966430664,18.597156524658203,126.55152130126953,117.1253890991211,207.77000427246094,361.4911193847656,222.8728485107422,42.438392639160156,50.93524169921875
2021-06-21,129.19927978515625,567.3499755859375,172.697998046875,35.5518684387207,367.48870849609375,241.545166015625,88.02376556396484,169.96737670898438,120.8990249633789,275.47137451171875,143.92454528808594,133.25286865234375,47.51312255859375,363.0196228027344,329.9849853515625,253.1675567626953,49.70000076293945,18.38612937927246,127.54364776611328,118.04798889160156,206.94332885742188,369.5682678222656,226.65496826171875,42.8245735168457,52.78206253051758
2021-06-22,130.83990478515625,575.739990234375,175.27200317382812,35.748634338378906,372.6000671386719,240.1916046142578,88.31427001953125,169.50819396972656,121.41313934326172,280.047607421875,143.73123168945312,133.0580291748047,47.68793487548828,367.8360290527344,336.6781921386719,255.94384765625,50.88199996948242,18.844600677490234,127.73509979248047,118.09233856201172,207.90333557128906,370.14385986328125,228.21226501464844,43.022361755371094,53.794029235839844
2021-06-23,130.5664825439453,574.22998046875,175.1909942626953,35.9543342590332,372.4006042480469,238.93685913085938,88.20636749267578,171.2960968017578,121.21116638183594,279.1162109375,142.86163330078125,133.86410522460938,47.30335998535156,365.0143127441406,338.2273864746094,255.71250915527344,51.27399826049805,19.014724731445312,126.0555191040039,117.92376708984375,218.85667419433594,367.23797607421875,227.003173828125,42.6864128112793,54.190372467041016
2021-06-24,130.2832489013672,578.260009765625,172.45399475097656,36.517799377441406,372.49566650390625,240.8437042236328,88.92848205566406,173.83624267578125,121.58136749267578,279.2684631347656,143.5116424560547,135.0954132080078,47.53934097290039,364.6348571777344,340.7994384765625,257.0813293457031,51.805999755859375,19.162643432617188,126.7690658569336,118.00361633300781,226.60667419433594,370.31097412109375,228.5121307373047,42.98468780517578,54.409629821777344
2021-06-25,129.99026489257812,579.6599731445312,170.072998046875,37.224365234375,374.8138427734375,238.96649169921875,89.0613021850586,174.24659729003906,121.58979797363281,280.8714904785156,144.2495574951172,136.45953369140625,47.4781608581543,369.3636169433594,339.001953125,255.47137451171875,52.707000732421875,18.98853302001953,127.41309356689453,119.68914031982422,223.9566650390625,375.9556884765625,229.55679321289062,43.493316650390625,54.52769088745117
2021-06-28,131.62115478515625,588.7999877929688,172.1945037841797,37.17070388793945,376.74249267578125,241.6340789794922,86.31391143798828,172.50755310058594,121.61710357666016,281.4535827636719,144.08265686035156,136.7075653076172,47.425724029541016,357.7557067871094,353.1730041503906,259.0381774902344,53.303001403808594,19.940404891967773,127.96135711669922,120.04399871826172,229.57333374023438,372.7154846191406,226.4324493408203,43.358306884765625,53.1362419128418
2021-06-29,133.1348114013672,590.75,172.40699768066406,36.57145309448242,378.8800964355469,242.8592071533203,86.1230239868164,169.9282989501953,121.3555679321289,284.9999084472656,144.09141540527344,136.53924560546875,47.07611083984375,358.0670166015625,349.44903564453125,261.6216125488281,53.349998474121094,19.9820613861084,127.87432861328125,119.22783660888672,226.9199981689453,369.5960998535156,228.2316131591797,43.10713195800781,52.8073616027832
2021-06-30,133.75003051757812,585.6400146484375,172.00799560546875,36.875553131103516,375.9158630371094,241.33770751953125,86.93643188476562,171.72598266601562,121.17394256591797,285.5821228027344,144.71510314941406,137.7793731689453,47.29460906982422,355.235595703125,345.2979736328125,261.1395568847656,52.82099914550781,19.957870483398438,128.94471740722656,119.69800567626953,226.56666564941406,371.76849365234375,226.1712646484375,44.27507019042969,53.195289611816406
2021-07-01,134.0527801513672,584.72998046875,171.64849853515625,37.15281677246094,374.8327941894531,242.0391387939453,88.15656280517578,173.1816864013672,121.52628326416016,287.95526123046875,145.7867889404297,139.14356994628906,47.16350173950195,360.70379638671875,351.931640625,261.81439208984375,53.354000091552734,20.166894912719727,128.9708251953125,119.97301483154297,225.97332763671875,375.89996337890625,227.45779418945312,43.7413330078125,53.34707260131836
2021-07-02,136.67971801757812,593.0700073242188,175.5489959716797,36.804012298583984,379.022705078125,245.22048950195312,88.04035186767578,173.03512573242188,124.31819152832031,288.9941711425781,148.439697265625,139.0099334716797,47.35578918457031,364.9071960449219,352.2395324707031,267.64642333984375,53.39799880981445,20.441286087036133,129.58871459960938,120.55853271484375,226.3000030517578,380.04986572265625,230.823974609375,43.9893684387207,53.271175384521484
2021-07-06,138.6914520263672,596.9000244140625,183.78700256347656,35.83806610107422,378.94659423828125,247.24588012695312,86.31391143798828,169.6938018798828,125.24369812011719,285.9134521484375,147.55247497558594,136.6757049560547,47.09358596801758,365.9677429199219,350.3327941894531,267.6560974121094,54.16400146484375,20.65230941772461,129.78013610839844,120.62947845458984,219.86000061035156,380.88543701171875,231.7622528076172,43.93600082397461,51.753238677978516
2021-07-07,141.1817169189453,605.77001953125,184.82899475097656,35.5518684387207,384.47607421875,245.45765686035156,85.43409729003906,168.84384155273438,125.52555847167969,289.6926574707031,148.81744384765625,136.83607482910156,47.4781608581543,363.8272399902344,348.0586853027344,269.8442687988281,53.59600067138672,20.326292037963867,130.3545379638672,121.53431701660156,214.88333129882812,382.1852111816406,232.14913940429688,43.86378479003906,50.943668365478516
2021-07-08,139.88290405273438,605.9500122070312,186.57049560546875,34.68430709838867,386.82269287109375,242.84933471679688,85.16019439697266,168.8242950439453,124.10629272460938,285.2686462402344,148.52757263183594,134.4751434326172,47.31208801269531,360.6222839355469,343.2522888183594,267.4247131347656,53.07600021362305,19.858341217041016,130.41543579101562,121.51658630371094,217.60333251953125,380.59759521484375,228.87001037597656,43.82610321044922,50.71597671508789
2021-07-09,141.70904541015625,604.5,185.9669952392578,35.81123352050781,391.7821044921875,242.1182098388672,86.38031768798828,172.9667205810547,124.57723236083984,288.4478454589844,149.11610412597656,138.77828979492188,47.60052490234375,363.3011779785156,347.9892272949219,267.92596435546875,53.597999572753906,20.005502700805664,130.08474731445312,121.56092071533203,218.98333740234375,382.60302734375,230.6691436767578,44.04901885986328,51.63517379760742
2021-07-12,141.11334228515625,600.2000122070312,185.92750549316406,36.338924407958984,387.5163269042969,239.99398803710938,86.55461883544922,180.1378631591797,126.02330780029297,288.1343994140625,148.87893676757812,140.76502990722656,47.61800765991211,365.85345458984375,350.710205078125,267.3282470703125,53.73099899291992,20.46672821044922,130.11083984375,121.65850830078125,228.56666564941406,386.2515869140625,230.0887908935547,43.97052764892578,51.58456802368164
2021-07-13,142.2266387939453,605.010009765625,183.8679962158203,35.650245666503906,386.7372741699219,241.0906982421875,86.26410675048828,179.4246368408203,126.38655090332031,283.9342041015625,148.69448852539062,138.6713409423828,48.090003967285156,373.79278564453125,349.64764404296875,270.8564758300781,54.06800079345703,20.204814910888672,133.1132354736328,121.5077133178711,222.84666442871094,388.5726013183594,234.42227172851562,44.13692855834961,51.34002685546875
2021-07-14,145.65435791015625,608.8300170898438,184.08399963378906,34.755863189697266,389.48297119140625,239.519775390625,84.63727569580078,179.199951171875,127.27533721923828,285.87762451171875,149.7046661376953,138.1991729736328,49.173805236816406,380.6995544433594,345.2185363769531,272.3313293457031,54.79499816894531,19.79722023010254,134.48818969726562,122.4036865234375,217.7933349609375,385.0446472167969,237.94322204589844,44.44147491455078,50.20157241821289
2021-07-15,145.0000457763672,606.1699829101562,181.55999755859375,34.729026794433594,391.2596740722656,234.72799682617188,84.08116912841797,179.91314697265625,126.05258178710938,289.0030822753906,147.9038543701172,138.50209045410156,49.33113479614258,380.1442565917969,342.0705261230469,270.9045715332031,54.29499816894531,18.92392921447754,135.10606384277344,123.45051574707031,216.86666870117188,389.9744567871094,240.41949462890625,44.47600555419922,49.71245574951172
2021-07-16,142.9590606689453,606.0999755859375,178.68150329589844,33.915130615234375,389.8819274902344,235.5677947998047,81.856689453125,175.18450927734375,126.0178451538086,287.95526123046875,147.6666717529297,135.33937072753906,49.296173095703125,377.11468505859375,338.7934265136719,270.63470458984375,53.03099822998047,18.120471954345703,135.6021270751953,124.64811706542969,214.74000549316406,389.6495361328125,240.0034942626953,44.44462585449219,48.33787155151367
2021-07-19,139.11138916015625,602.0499877929688,177.47950744628906,33.029693603515625,393.4732360839844,234.69834899902344,79.64884185791016,168.97084045410156,123.64378356933594,285.5641784667969,146.59498596191406,130.9381866455078,48.71056365966797,356.0047912597656,334.6126403808594,267.029541015625,53.22800064086914,18.737844467163086,135.58474731445312,124.58600616455078,215.4066619873047,379.7713623046875,232.54576110839844,44.34101104736328,46.67658233642578
2021-07-20,142.7246551513672,608.719970703125,178.6595001220703,33.70942687988281,395.4588623046875,237.2276153564453,80.12194061279297,172.68341064453125,125.26305389404297,291.3673400878906,147.97412109375,133.37930297851562,48.79796600341797,364.71380615234375,339.28997802734375,269.2563171386719,53.10499954223633,18.57046890258789,135.6021270751953,123.92066192626953,220.1666717529297,383.40142822265625,234.76080322265625,44.541934967041016,47.19099426269531
2021-07-21,141.99221801757812,612.260009765625,179.25999450683594,34.398101806640625,394.2903137207031,239.20359802246094,82.85274505615234,172.8201904296875,126.59249877929688,292.2718811035156,148.8877410888672,136.18568420410156,49.42728042602539,370.23712158203125,343.8282775878906,271.2613220214844,51.362998962402344,19.366683959960938,135.097412109375,123.4859848022461,218.42999267578125,384.9518127441406,235.68942260742188,44.322174072265625,48.70893859863281
2021-07-22,143.3594207763672,623.6799926757812,181.90150451660156,33.95091247558594,396.69403076171875,245.29953002929688,82.02268981933594,171.10069274902344,127.45845794677734,292.54052734375,149.31813049316406,134.46621704101562,49.35735321044922,372.2828369140625,348.75384521484375,275.8305358886719,51.176998138427734,19.550273895263672,135.05386352539062,123.01285552978516,216.4199981689453,386.0008850097656,236.15374755859375,44.35356903076172,48.160789489746094
2021-07-23,145.0781707763672,625.8699951171875,182.83200073242188,33.7183723449707,402.2899475097656,245.26991271972656,82.05592346191406,172.0874481201172,132.0175323486328,298.07501220703125,150.9081268310547,134.20787048339844,49.82933807373047,383.0960388183594,367.22479248046875,279.2333984375,51.54100036621094,19.514358520507812,136.78565979003906,124.78931427001953,214.4600067138672,387.7927551269531,240.87408447265625,44.7177619934082,48.10175704956055
2021-07-26,145.4980926513672,620.7999877929688,184.99099731445312,34.10295867919922,402.0999450683594,244.62771606445312,83.79065704345703,174.62762451171875,133.0298614501953,296.58837890625,150.9783935546875,135.10768127441406,49.87305450439453,382.6478271484375,369.87628173828125,278.6356506347656,51.64899826049805,19.250944137573242,136.68991088867188,125.22671508789062,219.2066650390625,383.9306335449219,242.06382751464844,44.78054428100586,49.31611251831055
2021-07-27,143.3301544189453,618.280029296875,181.3195037841797,33.96879577636719,403.1544189453125,240.5867919921875,83.50845336914062,175.37013244628906,130.91087341308594,293.077880859375,151.67242431640625,134.92950439453125,50.0478515625,380.1831970214844,365.2585754394531,276.2161560058594,51.89099884033203,19.165138244628906,137.44708251953125,125.73555755615234,214.92666625976562,385.37890625,242.72157287597656,44.78369140625,48.76796340942383
2021-07-28,141.5820770263672,620.9199829101562,181.51600646972656,34.10295867919922,401.1402893066406,241.0314178466797,83.9815444946289,174.97933959960938,135.07342529296875,291.5195617675781,151.250732421875,135.15223693847656,49.593353271484375,373.5297546386719,370.69061279296875,275.9076232910156,51.93000030517578,19.45948028564453,136.1852264404297,123.8698501586914,215.66000366210938,379.87347412109375,238.86209106445312,44.601593017578125,49.09685134887695
2021-07-29,142.2266387939453,621.7000122070312,179.99600219726562,34.594871520996094,404.8049011230469,241.11045837402344,85.13528442382812,174.24659729003906,134.75929260253906,293.23004150390625,151.250732421875,136.3104248046875,49.86430358886719,378.7609558105469,355.83441162109375,276.17755126953125,51.42499923706055,19.618127822875977,136.4636688232422,124.51255798339844,225.78334045410156,382.5751037597656,239.81002807617188,44.658111572265625,49.695594787597656
2021-07-30,142.44143676757812,621.6300048828125,166.37950134277344,34.30866622924805,409.0312805175781,239.0257568359375,84.50446319580078,171.97021484375,133.71617126464844,293.9107360839844,151.26832580566406,135.22348022460938,49.84682083129883,375.9652404785156,353.8283386230469,274.6448059082031,51.75699996948242,19.45548439025879,136.5855255126953,126.96743774414062,229.06666564941406,382.7051086425781,238.3301239013672,44.75544357299805,48.548702239990234
2021-08-02,142.10946655273438,618.75,166.57400512695312,33.95091247558594,408.2697448730469,237.96864318847656,84.35506439208984,171.51100158691406,133.84323120117188,293.0419921875,151.32981872558594,134.6800537109375,49.71571350097656,365.56121826171875,349.508544921875,274.55804443359375,51.51499938964844,19.7059268951416,136.0372772216797,126.65506744384766,236.55667114257812,385.81524658203125,231.9363250732422,44.65182113647461,48.55714416503906
2021-08-03,143.90631103515625,621.280029296875,168.31199645996094,34.47860336303711,414.1236572265625,238.23541259765625,85.16019439697266,169.00991821289062,134.61288452148438,297.26904296875,153.192138671875,136.21241760253906,49.75067901611328,358.09918212890625,348.803466796875,276.7752380371094,51.082000732421875,19.770784378051758,136.34185791015625,128.5029296875,236.5800018310547,391.6920471191406,229.33433532714844,45.15416717529297,49.079986572265625
2021-08-04,143.50595092773438,625.6799926757812,167.73599243164062,34.22817611694336,414.0951232910156,241.23887634277344,83.25114440917969,168.60935974121094,134.1121826171875,295.80926513671875,152.287353515625,134.74241638183594,49.033958435058594,358.49859619140625,356.43023681640625,276.18719482421875,51.73500061035156,20.228759765625,134.06179809570312,127.14598846435547,236.97332763671875,391.3577575683594,228.9280548095703,44.84648895263672,47.93309020996094
2021-08-05,143.6133270263672,632.0800170898438,168.79949951171875,34.89896011352539,421.85272216796875,247.55218505859375,84.0230712890625,172.6443328857422,135.229736328125,298.3168029785156,152.5772247314453,136.44406127929688,49.383583068847656,362.3269958496094,360.4521179199219,279.0887145996094,52.48899841308594,20.590944290161133,134.28805541992188,127.2085189819336,238.2100067138672,381.74884033203125,232.35226440429688,45.678489685058594,48.2366828918457
2021-08-06,142.92872619628906,631.3800048828125,167.2469940185547,35.90961456298828,418.464111328125,247.5818328857422,84.62067413330078,173.05465698242188,134.72059631347656,295.3883972167969,152.0677032470703,140.31951904296875,49.50593948364258,364.8501281738281,360.9884033203125,279.0308837890625,52.05500030517578,20.320547103881836,134.30545043945312,126.2354736328125,233.03334045410156,385.39739990234375,233.50331115722656,45.596866607666016,48.79326629638672
2021-08-09,142.8798065185547,629.219970703125,167.093505859375,36.374691009521484,419.26373291015625,246.32705688476562,83.20963287353516,172.65411376953125,135.88629150390625,294.4212341308594,152.59474182128906,140.1680908203125,49.51468276977539,361.0995788574219,359.1015319824219,277.94158935546875,51.99700164794922,20.24971580505371,134.3228759765625,126.92282104492188,237.9199981689453,381.4517517089844,232.14913940429688,45.706748962402344,48.2366828918457
2021-08-10,142.40060424804688,621.739990234375,166.03399658203125,37.0544319152832,421.700439453125,240.46826171875,84.72859191894531,172.9960479736328,135.7810821533203,296.8570556640625,152.64743041992188,141.88758850097656,49.64579391479492,358.3330078125,358.6248474121094,276.11968994140625,51.58399963378906,19.891517639160156,134.3925018310547,127.0031967163086,236.663330078125,382.2966613769531,230.28224182128906,46.68003845214844,49.063114166259766
2021-08-11,142.65489196777344,626.030029296875,164.60549926757812,37.51951599121094,422.90924072265625,239.37158203125,85.3676986694336,173.99258422851562,135.2570343017578,301.80047607421875,152.673828125,143.58030700683594,49.58461380004883,354.8259582519531,357.4630126953125,276.6114196777344,51.2400016784668,19.65504264831543,134.92333984375,127.31562805175781,235.94000244140625,378.5458679199219,227.37075805664062,47.09760284423828,49.206478118896484
2021-08-12,145.61830139160156,634.3499755859375,165.1750030517578,37.69839096069336,423.91827392578125,245.40823364257812,85.1933822631836,175.1649627685547,136.1651611328125,299.1317443847656,153.90362548828125,144.14158630371094,49.680763244628906,352.62445068359375,360.13433837890625,279.3682556152344,51.071998596191406,19.860586166381836,134.94944763183594,127.6102066040039,240.75,376.8932800292969,224.5133514404297,46.9715576171875,49.09518814086914
2021-08-13,145.8236541748047,637.3099975585938,164.69850158691406,37.23331069946289,426.2598876953125,248.5401611328125,84.62898254394531,176.91378784179688,136.6946563720703,296.7138366699219,154.82601928710938,142.529052734375,50.02163314819336,353.37457275390625,360.66064453125,282.29876708984375,51.59199905395508,20.142948150634766,136.21131896972656,128.2261505126953,239.05667114257812,380.33770751953125,225.3463134765625,47.11966323852539,48.598670959472656
2021-08-16,147.79930114746094,636.9400024414062,164.94949340820312,36.929222106933594,431.0571594238281,246.20849609375,83.76576232910156,174.96957397460938,137.2722930908203,300.0541687011719,156.2227783203125,141.59356689453125,50.24014663696289,354.1636047363281,364.0172119140625,283.9857482910156,51.79199981689453,19.90547752380371,137.5428009033203,129.11886596679688,228.72332763671875,387.33782958984375,227.9712677001953,47.504112243652344,47.88814163208008
2021-08-17,146.88973999023438,635.010009765625,162.09800720214844,36.75033950805664,430.5622863769531,244.02503967285156,83.60807037353516,171.78457641601562,135.63668823242188,287.247802734375,157.6546173095703,139.8830108642578,50.065338134765625,353.84210205078125,355.9635009765625,282.52044677734375,51.89099884033203,19.414579391479492,137.41226196289062,129.33309936523438,221.90333557128906,391.5805969238281,227.1673126220703,47.48834991455078,47.56283950805664
2021-08-18,143.14389038085938,626.77001953125,160.06100463867188,36.482032775878906,424.7273254394531,248.20425415039062,81.34518432617188,170.7196502685547,134.4332733154297,287.9642028808594,155.6517333984375,138.60899353027344,49.383583068847656,351.62103271484375,352.98431396484375,280.79168701171875,52.1870002746582,18.997509002685547,136.00245666503906,127.92269134521484,229.663330078125,387.43994140625,224.35838317871094,46.984161376953125,46.561248779296875
2021-08-19,143.47642517089844,637.6599731445312,159.3874969482422,35.94539260864258,432.3897705078125,250.0320281982422,79.31786346435547,169.26393127441406,134.66250610351562,289.1733093261719,156.86404418945312,137.45079040527344,49.698238372802734,348.0751647949219,352.6566162109375,286.6251220703125,54.37099838256836,19.75382423400879,138.29119873046875,129.43130493164062,224.49000549316406,397.25311279296875,224.3002471923828,47.302433013916016,45.14019012451172
2021-08-20,144.9336700439453,647.3400268554688,159.99749755859375,36.106380462646484,436.8919982910156,253.0552978515625,79.32627868652344,171.0908966064453,136.39889526367188,294.8510437011719,157.6282501220703,137.84280395507812,49.50593948364258,345.8150329589844,356.8770751953125,293.9557189941406,54.6879997253418,20.769548416137695,137.80386352539062,129.52056884765625,226.75332641601562,398.9427795410156,224.09683227539062,47.724693298339844,45.14873504638672
2021-08-23,146.42025756835938,656.8599853515625,163.2935028076172,36.58935546875,433.0274658203125,257.39263916015625,81.37042236328125,173.5724639892578,138.99131774902344,293.5076599121094,156.94781494140625,139.60682678222656,49.33113479614258,351.6794738769531,360.8294372558594,294.23583984375,55.33300018310547,21.909000396728516,137.3687286376953,128.85997009277344,235.43333435058594,394.9042053222656,226.78956604003906,47.40957260131836,47.00639343261719
2021-08-24,146.33224487304688,657.239990234375,165.28900146484375,37.09915542602539,430.0386962890625,256.5429382324219,82.30416107177734,174.36383056640625,140.2021942138672,290.96429443359375,154.986083984375,140.47100830078125,48.95529556274414,352.4295654296875,362.9745178222656,292.2751770019531,55.340999603271484,21.744361877441406,135.6630859375,127.81553649902344,236.163330078125,393.0939025878906,226.8864288330078,46.92113494873047,47.39162826538086
2021-08-25,145.09996032714844,656.7999877929688,164.95899963378906,37.69839096069336,429.5056457519531,257.7186584472656,82.86776733398438,174.20750427246094,141.01353454589844,290.0509033203125,153.96107482910156,143.36651611328125,49.00774002075195,349.8188781738281,365.8345642089844,291.6860656738281,54.757999420166016,22.163433074951172,135.0625762939453,127.36024475097656,237.06666564941406,389.6866149902344,225.28822326660156,46.94004821777344,47.47723388671875
2021-08-26,144.29795837402344,652.3900146484375,165.8000030517578,37.600006103515625,427.6781311035156,264.5753479003906,81.78260803222656,172.49778747558594,140.37982177734375,287.90155029296875,153.13922119140625,144.10597229003906,48.54450225830078,343.7401428222656,361.8523254394531,288.86590576171875,55.012001037597656,22.018756866455078,134.5665283203125,127.1371078491211,233.72000122070312,387.003662109375,223.28323364257812,46.43270492553711,46.835182189941406
2021-08-27,145.33470153808594,658.52001953125,167.48150634765625,38.002479553222656,428.658447265625,263.33050537109375,82.97714233398438,175.99539184570312,142.9241180419922,289.6031494140625,152.81228637695312,145.26416015625,48.640647888183594,346.5359191894531,370.0450439453125,289.474365234375,55.891998291015625,22.58548927307129,134.83633422851562,127.03887939453125,237.30667114257812,388.7768859863281,225.3850860595703,46.1711540222168,47.74260711669922
2021-08-30,149.75535583496094,665.989990234375,171.07850646972656,37.2601432800293,433.9793701171875,261.7892150878906,82.76681518554688,175.8390655517578,143.50621032714844,292.9345703125,153.4573516845703,142.9388885498047,49.103885650634766,343.9251403808594,378.0194396972656,293.21209716796875,56.61800003051758,22.637371063232422,135.75877380371094,127.59233856201172,243.6366729736328,388.34979248046875,223.97091674804688,46.542991638183594,47.22041702270508
2021-08-31,148.4936981201172,663.7000122070312,173.5395050048828,37.34063720703125,433.5605163574219,262.0855712890625,81.40406799316406,177.12872314453125,143.61241149902344,292.11065673828125,152.98898315429688,142.50230407714844,49.21751403808594,337.281494140625,376.748291015625,291.5605773925781,56.91899871826172,22.3389892578125,136.09817504882812,127.1103286743164,245.24000549316406,386.4651794433594,221.90777587890625,46.66904830932617,46.67253875732422
2021-09-01,149.1587371826172,665.8900146484375,173.9499969482422,36.839778900146484,434.541015625,265.0989990234375,80.51239776611328,179.258544921875,144.1265411376953,291.30950927734375,153.52804565429688,142.29739379882812,49.549652099609375,340.5352478027344,379.3998107910156,291.51226806640625,58.207000732421875,22.394874572753906,137.42095947265625,128.4047088623047,244.69667053222656,387.4677734375,222.89573669433594,46.56820297241211,46.03049087524414
2021-09-02,150.27371215820312,664.6400146484375,173.156005859375,36.8757438659668,438.77667236328125,260.9790344238281,82.19480895996094,177.6758575439453,142.21250915527344,295.0,154.57962036132812,142.95668029785156,49.61956787109375,332.45941162109375,372.6767272949219,290.85546875,58.85499954223633,22.34996223449707,137.521728515625,128.5029296875,244.1300048828125,393.3725280761719,217.14224243164062,46.813987731933594,47.15193176269531
2021-09-03,150.90943908691406,666.5900268554688,173.90249633789062,36.9027099609375,440.2805480957031,263.8738708496094,82.00972747802734,176.8356170654297,142.66159057617188,297.3402404785156,154.67678833007812,142.0924835205078,49.58461380004883,331.4365539550781,373.64996337890625,290.84588623046875,59.053001403808594,22.796043395996094,137.64437866210938,128.59217834472656,244.52333068847656,392.5833435058594,218.04307556152344,47.03142547607422,46.9721565246582
2021-09-07,153.2469024658203,661.3900146484375,175.46449279785156,37.14543533325195,437.4727478027344,262.0262756347656,81.64802551269531,180.09877014160156,143.1985321044922,296.089111328125,152.27325439453125,141.84303283691406,48.65812683105469,335.8008117675781,379.52886962890625,289.91864013671875,60.67100143432617,22.615415573120117,135.40127563476562,128.11013793945312,250.97332763671875,391.07928466796875,219.1666259765625,46.40748977661133,46.69820785522461
2021-09-08,151.70164489746094,663.219970703125,176.27499389648438,36.65999221801758,443.2789611816406,259.4674377441406,81.08441925048828,180.89013671875,142.6134490966797,298.45635986328125,151.90208435058594,141.21047973632812,49.31365966796875,341.9671936035156,374.95086669921875,289.9476318359375,60.60499954223633,22.293081283569336,137.32020568847656,129.08319091796875,251.2899932861328,385.648193359375,221.8981170654297,46.46736145019531,46.27018737792969
2021-09-09,150.6844482421875,661.6799926757812,174.20799255371094,36.79483413696289,443.50750732421875,257.6099548339844,80.75634002685547,181.6326446533203,142.46458435058594,298.62738037109375,148.5176544189453,141.8251953125,48.824188232421875,342.3276062011719,375.3778991699219,287.0888366699219,59.75400161743164,22.13141632080078,136.45277404785156,128.5386199951172,251.6199951171875,384.8682861328125,220.34832763671875,46.13964080810547,46.30442428588867
2021-09-10,145.696533203125,658.9400024414062,173.45750427246094,36.20150375366211,442.7649841308594,254.11248779296875,80.8152084350586,179.8838348388672,139.81956481933594,298.7894287109375,147.54559326171875,140.19483947753906,48.605682373046875,338.41156005859375,376.0630187988281,285.60137939453125,59.87200164794922,22.431795120239258,136.2161865234375,128.66358947753906,245.42333984375,376.306396484375,217.8493194580078,45.972625732421875,46.210262298583984
2021-09-13,146.2637939453125,645.1500244140625,172.85850524902344,36.80382537841797,437.52984619140625,251.0595703125,82.41352081298828,180.72406005859375,141.26513671875,301.93975830078125,146.51173400878906,142.42213439941406,49.00774002075195,338.8303527832031,373.89825439453125,286.83770751953125,58.92900085449219,22.106462478637695,136.47903442382812,130.0472412109375,247.6666717529297,386.19122314453125,217.57814025878906,45.71108627319336,47.40018844604492
2021-09-14,144.86524963378906,645.010009765625,172.5,35.81496047973633,436.3400573730469,251.31643676757812,80.92457580566406,178.20339965820312,141.4755401611328,299.8424987792969,145.62806701660156,139.93650817871094,49.04296875,336.86260986328125,373.91802978515625,289.5419921875,57.7760009765625,22.196279525756836,135.94451904296875,129.82408142089844,248.163330078125,384.3465576171875,216.02833557128906,45.47159194946289,46.72389221191406
2021-09-15,145.75521850585938,661.0800170898438,173.7895050048828,36.08464813232422,438.5483093261719,253.08494567871094,82.64066314697266,180.16717529296875,143.34642028808594,300.06756591796875,146.1759490966797,140.9075927734375,49.210289001464844,335.8397521972656,371.326171875,294.3999938964844,58.2869987487793,22.29507827758789,136.7068328857422,129.54737854003906,251.94332885742188,388.9861755371094,216.7838134765625,45.55036926269531,48.299049377441406
2021-09-16,145.52052307128906,665.1099853515625,174.41200256347656,36.36333084106445,441.0040283203125,257.2344970703125,81.86673736572266,179.12179565429688,142.53306579589844,302.785888671875,145.99917602539062,140.84519958496094,48.743553161621094,337.35943603515625,370.4721374511719,294.786376953125,58.650001525878906,22.196279525756836,136.30377197265625,128.645751953125,252.3300018310547,388.3526611328125,217.2875213623047,45.70162582397461,47.7854118347168
2021-09-17,142.85047912597656,654.47998046875,173.12600708007812,36.40827178955078,437.3870849609375,257.4024963378906,81.3956527709961,179.24879455566406,139.744140625,302.1378479003906,145.58387756347656,140.4799346923828,47.942161560058594,334.1739807128906,362.1899719238281,289.6192321777344,58.935001373291016,21.854982376098633,135.05079650878906,128.85108947753906,253.163330078125,391.44580078125,214.78854370117188,45.60708999633789,47.22041702270508
2021-09-20,139.79905700683594,641.2899780273438,167.7864990234375,35.15870666503906,429.41998291015625,255.1202392578125,79.73004913330078,174.5006103515625,137.6792449951172,298.1233215332031,144.7532196044922,136.27479553222656,47.607513427734375,330.91046142578125,353.2325439453125,284.2396240234375,57.542999267578125,21.069604873657227,134.5951690673828,127.5566635131836,243.38999938964844,384.49560546875,213.14190673828125,44.98000717163086,45.961997985839844
2021-09-21,140.2782745361328,645.8900146484375,167.18150329589844,35.17668151855469,430.34326171875,254.87322998046875,79.78893280029297,167.23178100585938,137.9904022216797,300.8326416015625,145.3894805908203,136.29258728027344,47.59870910644531,328.6601867675781,355.0002136230469,284.7225646972656,57.31399917602539,21.202329635620117,134.53384399414062,127.7530517578125,246.4600067138672,384.1602783203125,213.2581329345703,45.068233489990234,45.91919708251953
2021-09-22,142.64508056640625,626.0800170898438,169.00250244140625,36.08464813232422,430.5526428222656,256.0588073730469,82.13594055175781,169.6547088623047,139.2314910888672,302.371826171875,144.85928344726562,138.90301513671875,47.66917037963867,334.53436279296875,340.8292236328125,288.3733215332031,59.064998626708984,21.895898818969727,134.9456329345703,128.19046020507812,250.64666748046875,380.76898193359375,215.7571563720703,44.96424865722656,47.263214111328125
2021-09-23,143.6035919189453,630.8400268554688,170.8000030517578,37.47804641723633,430.98101806640625,274.5244140625,84.17166137695312,172.19491577148438,140.15701293945312,302.3537902832031,145.6811065673828,143.59811401367188,47.58990478515625,344.9189147949219,343.56011962890625,289.3197937011719,59.32600021362305,22.435789108276367,135.05079650878906,128.71717834472656,251.2133331298828,380.1448059082031,221.14259338378906,44.98945617675781,48.864051818847656
2021-09-24,143.6915740966797,622.7100219726562,171.2760009765625,37.88258743286133,445.2302551269531,282.2012023925781,84.62590026855469,171.95065307617188,141.1485137939453,303.7759094238281,145.23927307128906,145.25523376464844,47.45780944824219,348.9031677246094,350.5115661621094,289.1170349121094,59.23899841308594,22.035612106323242,135.11209106445312,128.1458740234375,258.1300048828125,379.2596740722656,224.31961059570312,45.115509033203125,49.3006477355957
2021-09-27,142.17567443847656,603.6500244140625,170.2899932861328,38.88942337036133,438.386474609375,276.3226013183594,86.61957550048828,174.15866088867188,140.01409912109375,307.304443359375,144.1876983642578,148.76544189453125,47.21122741699219,347.5491027832031,351.1272277832031,284.1141052246094,59.263999938964844,21.615474700927734,133.8153533935547,126.45865631103516,263.78668212890625,377.57342529296875,222.39208984375,44.82560348510742,50.7645149230957
2021-09-28,138.7916717529297,578.77001953125,165.79800415039062,38.799530029296875,425.8124084472656,269.01141357421875,86.94763946533203,170.50473022460938,134.81141662597656,300.45458984375,143.8695831298828,147.963623046875,46.35700988769531,342.10357666015625,338.2869567871094,273.8280944824219,58.3849983215332,20.65644645690918,132.35205078125,125.50346374511719,259.1866760253906,371.37786865234375,218.47891235351562,44.274139404296875,51.29526901245117
2021-09-29,139.69143676757812,577.7000122070312,165.05599975585938,38.718624114990234,430.0386962890625,267.2528381347656,86.92240905761719,168.70704650878906,133.3459930419922,303.2719421386719,144.93882751464844,147.8478240966797,46.6388053894043,344.0616149902344,337.254150390625,274.291748046875,59.90599822998047,20.474830627441406,133.44732666015625,126.77999877929688,260.4366760253906,373.0455322265625,219.56375122070312,44.25523376464844,51.261024475097656
2021-09-30,138.39068603515625,575.719970703125,164.2519989013672,38.1612663269043,427.716064453125,267.96417236328125,85.3409423828125,165.27781677246094,132.67355346679688,295.468017578125,142.71194458007812,145.83433532714844,46.207298278808594,338.6940002441406,337.03570556640625,272.2828369140625,61.034000396728516,20.673419952392578,131.79127502441406,124.79825592041016,258.49334716796875,364.0364074707031,215.7571563720703,43.92121505737305,50.35361099243164
2021-10-01,139.515380859375,577.469970703125,164.16299438476562,38.72761535644531,426.7452697753906,271.9557189941406,87.76363372802734,171.96043395996094,135.51907348632812,296.9081115722656,141.80178833007812,148.8991241455078,46.691646575927734,350.8709716796875,340.6305847167969,279.2173767089844,61.314998626708984,20.699363708496094,132.264404296875,124.60183715820312,258.40667724609375,365.6108703613281,223.22508239746094,43.186981201171875,52.15988540649414
2021-10-04,136.08253479003906,558.489990234375,159.48899841308594,38.96134567260742,418.9495849609375,267.6084899902344,88.09170532226562,169.46910095214844,132.6571807861328,293.8568115234375,140.6972198486328,148.7387237548828,46.66523361206055,335.3039855957031,323.967041015625,273.4321594238281,60.334999084472656,19.691442489624023,131.60723876953125,123.89662170410156,260.510009765625,360.561279296875,217.67501831054688,42.77101516723633,52.836185455322266
2021-10-05,138.00927734375,566.7000122070312,161.0500030517578,39.752437591552734,424.755859375,268.507568359375,89.05068969726562,170.5926513671875,135.00294494628906,296.5661926269531,141.01535034179688,151.16766357421875,46.74449157714844,334.3394775390625,330.6502685546875,278.88897705078125,63.48099899291992,20.40896224975586,132.38711547851562,124.37866973876953,260.1966552734375,366.5425109863281,217.2390899658203,43.05148696899414,52.750572204589844
2021-10-06,138.8797149658203,570.3099975585938,163.10049438476562,39.77042007446289,427.7066650390625,271.96551513671875,88.26835632324219,171.44261169433594,136.5333709716797,297.3582458496094,141.3069610595703,151.49032592773438,47.29930114746094,339.6778564453125,331.3255615234375,283.09027099609375,63.90999984741211,20.657447814941406,135.778076171875,126.03907012939453,260.9166564941406,367.3064880371094,219.39907836914062,43.366607666015625,51.78323745727539
2021-10-07,140.14137268066406,578.9600219726562,165.1215057373047,39.66254425048828,431.0666809082031,271.2838134765625,88.89926147460938,173.62132263183594,138.18096923828125,303.7669677734375,142.57058715820312,152.44937133789062,47.44900131225586,345.1986389160156,326.93621826171875,284.77081298828125,63.185001373291016,21.031681060791016,137.03106689453125,127.0478286743164,264.53668212890625,377.0423278808594,223.31227111816406,43.87709045410156,51.92875671386719
2021-10-08,139.7598876953125,576.8599853515625,164.43099975585938,39.86032485961914,430.0957946777344,269.2090759277344,90.89293670654297,172.67364501953125,138.73727416992188,300.940673828125,142.2083282470703,152.56585693359375,47.66035842895508,346.2227478027344,327.76043701171875,284.77081298828125,63.26599884033203,20.788185119628906,136.7156219482422,126.52112579345703,261.8299865722656,380.54541015625,223.04107666015625,44.00944900512695,53.2299690246582
2021-10-11,139.671875,573.0700073242188,162.31500244140625,39.35689163208008,428.04925537109375,270.46380615234375,90.11902618408203,169.52774047851562,137.87228393554688,303.3079528808594,141.60739135742188,149.357177734375,47.757225036621094,338.60498046875,323.19244384765625,284.1720886230469,62.70399856567383,20.6524600982666,136.8996124267578,127.0478286743164,263.9800109863281,377.3125915527344,218.04307556152344,43.96847152709961,52.69921112060547
2021-10-12,138.4004364013672,580.6900024414062,162.3665008544922,39.141143798828125,425.3554992675781,275.65081787109375,90.13585662841797,169.14669799804688,135.42578125,304.0550231933594,139.3452606201172,148.2098846435547,47.757225036621094,336.83953857421875,321.5240173339844,282.8681945800781,62.49399948120117,20.628511428833008,137.50421142578125,126.8603744506836,268.5733337402344,375.68212890625,217.01632690429688,43.92121505737305,52.425270080566406
2021-10-13,137.8136444091797,591.1199951171875,164.21400451660156,38.78155517578125,423.86114501953125,280.995849609375,90.67423248291016,168.98060607910156,136.55026245117188,304.4870300292969,140.6795654296875,144.3021240234375,47.76603317260742,333.9231872558594,322.2887268066406,286.180908203125,62.97600173950195,20.895957946777344,138.4329833984375,127.1549301147461,270.3599853515625,375.9709777832031,215.4762420654297,43.60293960571289,52.279747009277344
2021-10-14,140.60101318359375,607.510009765625,164.9929962158203,40.516563415527344,428.96307373046875,286.5384826660156,91.53225708007812,170.3972625732422,140.09249877929688,309.6806945800781,141.4836883544922,146.51593017578125,48.09186935424805,336.0982971191406,326.25103759765625,292.4007263183594,63.380001068115234,21.701303482055664,139.54574584960938,128.59217834472656,272.7733459472656,391.63214111328125,218.11083984375,44.075618743896484,53.075870513916016
2021-10-15,141.6573028564453,610.0900268554688,170.4510040283203,41.68522644042969,430.60980224609375,288.1587829589844,92.2052230834961,172.4000701904297,140.30787658691406,315.4053039550781,142.5352325439453,149.3302764892578,47.97739028930664,347.2371826171875,322.5071716308594,293.8109130859375,62.82899856567383,21.817060470581055,139.15147399902344,128.92247009277344,281.010009765625,398.81524658203125,223.7384490966797,44.28990173339844,53.580955505371094
2021-10-18,143.32972717285156,622.8300170898438,172.33700561523438,41.60431671142578,439.7095031738281,288.1983337402344,92.16316986083984,167.2024688720703,141.707275390625,319.5457763671875,141.49252319335938,149.27650451660156,47.5018424987793,349.61712646484375,333.0137634277344,296.7856140136719,63.797000885009766,22.17632484436035,138.52056884765625,127.06562805175781,290.03668212890625,395.60107421875,223.4091339111328,44.64598083496094,53.55527877807617
2021-10-19,145.4911651611328,636.0700073242188,172.20750427246094,41.784114837646484,444.5925598144531,288.8305969238281,93.96336364746094,167.2415313720703,142.16287231445312,322.2281494140625,144.80624389648438,151.08700561523438,47.68677520751953,353.18701171875,337.631591796875,297.6934509277344,63.900001525878906,22.244182586669922,140.2818145751953,125.56594848632812,288.0899963378906,395.37738037109375,226.18899536132812,45.594486236572266,54.3599739074707
2021-10-20,145.9801788330078,632.3699951171875,170.7530059814453,42.33248519897461,447.1530456542969,286.6076354980469,95.19153594970703,166.62606811523438,140.70587158203125,322.4441223144531,144.72671508789062,153.1215362548828,48.1094856262207,347.9882507324219,338.4160461425781,296.9014587402344,62.513999938964844,22.057567596435547,141.34201049804688,126.05695343017578,288.6000061035156,405.35546875,224.15496826171875,46.00729751586914,54.65959548950195
2021-10-21,146.1953125,638.6599731445312,171.75050354003906,42.098758697509766,454.2539367675781,286.3310241699219,93.99700164794922,167.3978729248047,140.8219757080078,328.19573974609375,144.3909454345703,151.92051696777344,47.86289978027344,347.4419860839844,339.5084228515625,300.136962890625,65.31600189208984,22.645355224609375,139.47564697265625,125.14973449707031,298.0,412.0541076660156,223.01199340820312,46.26254653930664,53.66656494140625
2021-10-22,145.42271423339844,643.5800170898438,166.77749633789062,42.76399230957031,458.78466796875,289.0479736328125,94.8886947631836,165.5220489501953,136.5348663330078,329.4289245605469,144.6737060546875,153.9640350341797,47.95096969604492,349.8414306640625,322.35821533203125,298.5916442871094,66.47799682617188,22.679285049438477,140.16787719726562,126.49705505371094,303.2266540527344,418.4638977050781,223.97091674804688,46.744667053222656,54.034671783447266
2021-10-25,145.373779296875,646.969970703125,166.01849365234375,42.71004867553711,466.5043029785156,290.39166259765625,95.77197265625,168.05247497558594,136.416259765625,334.1724548339844,144.99183654785156,153.21119689941406,47.757225036621094,351.9775390625,326.40985107421875,297.5968933105469,67.16600036621094,23.11838150024414,139.51071166992188,126.51505279541016,341.6199951171875,418.7713317871094,226.53770446777344,47.286678314208984,55.08762741088867
2021-10-26,146.0388641357422,642.5,168.80349731445312,43.11458969116211,462.154296875,291.5673828125,95.98226165771484,168.08177185058594,138.26380920410156,332.31829833984375,146.46755981445312,153.62347412109375,47.968589782714844,348.5246887207031,313.6192626953125,299.5091552734375,66.85199737548828,24.66619300842285,141.21934509277344,128.31149291992188,339.4766540527344,423.5694580078125,224.54237365722656,46.87386703491211,56.363162994384766
2021-10-27,145.5791778564453,640.0800170898438,169.62449645996094,42.287540435791016,465.5619201660156,291.60687255859375,94.27460479736328,165.64907836914062,145.1210174560547,335.1266174316406,144.69140625,150.4237518310547,48.89325714111328,327.4563293457031,310.0541687011719,312.12274169921875,66.29199981689453,24.400741577148438,140.72865295410156,127.39527893066406,345.9533386230469,422.48870849609375,209.00596618652344,46.48942565917969,54.899295806884766
2021-10-28,149.21746826171875,639.280029296875,172.32850646972656,42.95277404785156,467.6689453125,294.7981262207031,95.15787506103516,165.7760467529297,144.75527954101562,334.4515686035156,143.90493774414062,152.69137573242188,49.351192474365234,324.8324890136719,314.7216491699219,313.262451171875,67.40499877929688,24.889732360839844,141.61366271972656,128.15879821777344,359.0133361816406,424.314697265625,203.25241088867188,46.77933120727539,55.05338668823242
2021-10-29,146.50828552246094,650.3599853515625,168.6215057373047,42.95277404785156,468.6318359375,296.0924072265625,96.31035614013672,165.1801300048828,146.93582153320312,334.6045837402344,143.93141174316406,152.2700958251953,49.64180374145508,327.2612609863281,321.325439453125,320.28387451171875,69.03099822998047,25.51444435119629,141.59609985351562,128.43722534179688,371.3333435058594,429.0009765625,205.12185668945312,47.08499526977539,55.19034957885742
2021-11-01,145.68678283691406,640.2000122070312,165.90550231933594,43.01570510864258,468.9464416503906,299.12554931640625,96.34400177001953,166.2743377685547,142.42091369628906,329.8699645996094,144.05514526367188,152.189453125,49.46567153930664,325.8274230957031,327.69097900390625,318.1107482910156,68.11699676513672,25.77391242980957,141.29815673828125,128.12286376953125,402.86334228515625,423.0755920410156,205.7901611328125,47.20159149169922,56.18339157104492
2021-11-02,146.72344970703125,640.4000244140625,165.6374969482422,43.04267883300781,473.8277893066406,299.31329345703125,95.75514221191406,165.92263793945312,144.3418731689453,330.59906005859375,146.32615661621094,152.7899169921875,49.40402603149414,320.39453125,325.80413818359375,321.74237060546875,67.77200317382812,26.34673309326172,142.59500122070312,129.39834594726562,390.6666564941406,421.1470947265625,202.57437133789062,47.179534912109375,55.4899787902832
2021-11-03,148.1611785888672,655.1799926757812,169.1999969482422,43.48316955566406,478.9189758300781,299.2539978027344,95.06535339355469,166.16688537597656,145.4986572265625,332.11126708984375,145.8578338623047,152.8437042236328,49.57135009765625,321.3211364746094,329.319580078125,322.5825500488281,68.8290023803711,26.54332733154297,143.9619140625,130.28758239746094,404.6199951171875,426.0755920410156,201.56704711914062,47.324485778808594,54.728084564208984
2021-11-04,147.64279174804688,674.0800170898438,173.85000610351562,42.54824447631836,491.589599609375,304.3421936035156,95.4859619140625,166.3622589111328,147.1556396484375,335.0005187988281,145.4513397216797,150.83604431152344,49.84435272216797,327.1734924316406,333.520263671875,324.939208984375,66.83999633789062,29.73974609375,143.9706573486328,130.53009033203125,409.9700012207031,425.54449462890625,202.22572326660156,47.671119689941406,55.13899612426758
2021-11-05,148.17173767089844,662.719970703125,175.94949340820312,42.224609375,489.2060546875,303.5616455078125,96.52064514160156,171.58917236328125,147.73574829101562,331.59820556640625,144.41744995117188,150.62094116210938,50.05570602416992,340.20465087890625,338.76361083984375,324.57208251953125,64.5719985961914,29.690841674804688,145.45143127441406,131.1768035888672,407.36334228515625,424.659423828125,209.86802673339844,47.34024429321289,55.661190032958984
2021-11-08,147.34896850585938,666.02001953125,174.44900512695312,42.55722427368164,480.33001708984375,306.2391052246094,96.86555480957031,172.80064392089844,147.9134063720703,331.7691955566406,143.92259216308594,151.52615356445312,49.60658264160156,341.06298828125,336.2710266113281,325.47027587890625,65.1449966430664,30.74068832397461,142.3233642578125,130.19773864746094,387.64666748046875,431.0040588378906,213.56808471679688,47.03772735595703,56.260440826416016
2021-11-09,147.71136474609375,667.9199829101562,178.81149291992188,42.143699645996094,485.0016174316406,305.99212646484375,97.58057403564453,171.08114624023438,147.80172729492188,333.6233825683594,143.6044464111328,150.3789520263672,49.74747848510742,336.16656494140625,333.0435791015625,324.4658508300781,65.5989990234375,30.593984603881836,143.26966857910156,130.59298706054688,341.1666564941406,432.61578369140625,206.69097900390625,47.20159149169922,56.80831527709961
2021-11-10,144.88072204589844,647.5,174.1024932861328,42.45833969116211,481.9508056640625,296.0726623535156,96.02433013916016,170.4363250732422,144.7994384765625,331.76025390625,145.1597442626953,150.23550415039062,49.95002365112305,349.12939453125,325.3672180175781,319.4919128417969,64.69100189208984,29.398448944091797,143.7340545654297,131.87744140625,355.98333740234375,428.4698791503906,209.160400390625,46.776187896728516,55.68915939331055
2021-11-11,144.83177185058594,643.1699829101562,173.625,42.692073822021484,488.3099060058594,299.3429260253906,96.03274536132812,158.3802490234375,144.6733856201172,330.905029296875,144.0904998779297,150.2265625,49.9676399230957,345.6180419921875,325.46649169921875,321.066162109375,65.75800323486328,30.327529907226562,142.55116271972656,131.50015258789062,354.5033264160156,426.1314697265625,204.17303466796875,46.79509353637695,55.79325866699219
2021-11-12,146.9082489013672,657.5999755859375,176.25750732421875,42.17067337036133,493.06732177734375,302.9688720703125,96.09163665771484,155.95730590820312,147.56301879882812,335.4056091308594,145.81361389160156,149.55435180664062,49.8531494140625,354.5525207519531,338.52532958984375,325.2095642089844,68.26100158691406,30.327529907226562,142.51612854003906,131.6438751220703,344.47332763671875,427.6221008300781,205.79342651367188,46.56189727783203,55.3681526184082
2021-11-15,146.91802978515625,659.72998046875,177.28399658203125,42.29652404785156,495.6605529785156,301.82275390625,98.27037811279297,154.78489685058594,147.33872985839844,334.01043701171875,144.49697875976562,149.28546142578125,49.86195755004883,352.4651794433594,345.1490478515625,324.5817565917969,67.93299865722656,29.963281631469727,143.52378845214844,132.3983917236328,337.7966613769531,419.9918518066406,205.9971923828125,46.29405212402344,55.84532165527344
2021-11-16,147.89749145507812,671.030029296875,177.03500366210938,42.3234977722168,502.1722412109375,303.403564453125,98.65731048583984,155.1757049560547,146.76705932617188,353.1376953125,143.74586486816406,148.2098846435547,49.509708404541016,360.4634094238281,340.5809020996094,327.90423583984375,68.73999786376953,30.140914916992188,143.0944366455078,132.2097930908203,351.57666015625,418.8924560546875,208.7916717529297,45.115509033203125,56.40923309326172
2021-11-17,150.33628845214844,670.6699829101562,177.4499969482422,41.811073303222656,501.7622985839844,304.3223876953125,98.21483612060547,153.71022033691406,146.93678283691406,355.40594482421875,144.28488159179688,147.41221618652344,49.23670959472656,350.32916259765625,338.4060974121094,328.12677001953125,69.16899871826172,29.200857162475586,143.14698791503906,132.12893676757812,363.0033264160156,418.2682800292969,198.97215270996094,44.72792053222656,55.79325866699219
2021-11-18,154.6262969970703,670.9600219726562,184.80299377441406,41.64027786254883,504.69879150390625,299.352783203125,97.38943481445312,152.00048828125,148.71484375,365.30706787109375,143.5072784423828,146.13951110839844,48.79638671875,339.64862060546875,336.3405456542969,330.2070007324219,68.2020034790039,31.609891891479492,143.1907958984375,132.14686584472656,365.4599914550781,418.752685546875,197.2935028076172,45.112361907958984,55.18595886230469
2021-11-19,157.25123596191406,688.3699951171875,183.82850646972656,40.81322479248047,508.9128112792969,297.55462646484375,95.22806549072266,150.4568328857422,147.80972290039062,367.8633117675781,143.94024658203125,144.23040771484375,48.5498046875,331.35791015625,342.9046630859375,331.9873352050781,67.87999725341797,32.91720199584961,143.53256225585938,131.87744140625,379.0199890136719,409.929931640625,194.8968505859375,44.86970901489258,52.635318756103516
2021-11-22,157.71160888671875,673.5700073242188,178.6284942626953,41.60431671142578,514.499755859375,293.276611328125,96.92992401123047,150.6131591796875,145.2048797607422,367.9533386230469,142.04574584960938,147.3046875,48.84922790527344,313.39129638671875,338.64447021484375,328.813720703125,65.91999816894531,31.89031219482422,143.83042907714844,132.75772094726562,385.6233215332031,407.6380310058594,189.77357482910156,45.62285232543945,53.364070892333984
2021-11-23,158.09356689453125,665.1599731445312,179.0019989013672,42.70106887817383,519.84814453125,287.921630859375,98.96366882324219,147.55514526367188,144.6887664794922,367.5752868652344,142.92630004882812,150.82705688476562,49.210289001464844,320.9017639160156,334.9105529785156,326.73345947265625,65.40599822998047,31.680740356445312,144.79428100585938,134.2307891845703,369.6766662597656,416.5726623535156,192.59718322753906,45.947425842285156,54.769527435302734
2021-11-24,158.6127166748047,668.3200073242188,179.02049255371094,42.817928314208984,524.1098022460938,285.69873046875,99.72100830078125,147.8580322265625,145.0242156982422,370.9416809082031,142.5260467529297,149.64395141601562,48.81399917602539,331.6310729980469,338.6941223144531,326.95599365234375,65.8290023803711,32.60683822631836,143.47120666503906,133.5301971435547,372.0,419.3955383300781,197.21585083007812,46.177452087402344,55.07318115234375
2021-11-26,153.58810424804688,662.0999755859375,175.22799682617188,41.136863708496094,520.6777954101562,280.79815673828125,97.44050598144531,144.70233154296875,141.1167755126953,362.4718017578125,141.6010284423828,145.13563537597656,47.31691360473633,316.1906433105469,330.8092041015625,318.99273681640625,66.56400299072266,31.43824577331543,141.19305419921875,132.46127319335938,360.6400146484375,409.8460388183594,191.78213500976562,45.6606559753418,53.13850021362305
2021-11-29,156.94760131835938,687.489990234375,178.07850646972656,40.98403549194336,529.0198364257812,293.17779541015625,97.72981262207031,144.4092559814453,144.43914794921875,366.18011474609375,142.09022521972656,144.50827026367188,48.065460205078125,315.0591735839844,335.68511962890625,325.71746826171875,66.38400268554688,33.30738830566406,143.8216552734375,133.85354614257812,378.9966735839844,421.10980224609375,190.46249389648438,44.94534683227539,53.43347930908203
2021-11-30,161.90362548828125,669.8499755859375,175.35350036621094,39.97719192504883,514.2422485351562,281.5391845703125,96.04496002197266,141.56619262695312,140.83340454101562,360.5904541015625,138.69247436523438,142.35716247558594,46.54787826538086,307.16839599609375,322.2092590332031,319.8731384277344,64.19000244140625,32.60883331298828,140.00140380859375,129.8654022216797,381.586669921875,413.8614807128906,188.017333984375,44.315101623535156,51.91524124145508
2021-12-01,161.38455200195312,657.4099731445312,172.18600463867188,39.410831451416016,505.1468811035156,248.4808807373047,95.38973999023438,138.8794708251953,139.99375915527344,361.9101257324219,140.6048126220703,141.51467895507812,46.41476058959961,298.7409362792969,308.4454040527344,319.3797607421875,61.777000427246094,31.37421989440918,140.33438110351562,131.50015258789062,365.0,413.9732666015625,184.5144805908203,43.2153434753418,51.87186050415039
2021-12-02,160.39527893066406,671.8800048828125,171.8679962158203,40.548980712890625,501.0186767578125,258.0644836425781,97.97659301757812,143.8132781982422,141.8938751220703,368.55322265625,139.7242889404297,144.4903106689453,47.09811019897461,312.31842041015625,308.2369079589844,318.8088684082031,61.64699935913086,32.06389236450195,141.6884307861328,132.2726287841797,361.5333251953125,415.5384826660156,192.40313720703125,42.68909454345703,53.16453170776367
2021-12-03,158.51478576660156,616.530029296875,169.489501953125,39.627628326416016,504.2792663574219,255.2190704345703,97.35540008544922,142.8558349609375,140.9365997314453,368.5894470214844,141.7611083984375,141.87313842773438,47.51521301269531,314.181396484375,304.71148681640625,312.53900146484375,60.2130012512207,30.63365936279297,145.29637145996094,134.62599182128906,338.3233337402344,419.978271484375,190.4916229248047,43.331939697265625,52.826175689697266
2021-12-06,161.92323303222656,622.0399780273438,171.36849975585938,39.880550384521484,508.3502197265625,255.6438751220703,98.87857818603516,146.9103546142578,142.08145141601562,375.7205505371094,144.9275665283203,143.5492401123047,48.73106384277344,325.1251525878906,315.66497802734375,315.6158752441406,61.26900100708008,29.978931427001953,146.80479431152344,136.6649627685547,336.336669921875,430.0636901855469,196.66281127929688,43.80147171020508,53.424800872802734
2021-12-07,167.66285705566406,649.9600219726562,176.1645050048828,40.386390686035156,516.7592163085938,263.7849426269531,100.34217071533203,147.34022521972656,146.16510009765625,376.1544189453125,145.30113220214844,145.70928955078125,48.99730682373047,331.1531066894531,320.5707092285156,324.0628662109375,62.55799865722656,32.36430358886719,146.63719177246094,136.30567932128906,350.5833435058594,434.3819885253906,201.2135467529297,43.65966033935547,54.02342224121094
2021-12-08,171.4827423095703,653.0999755859375,176.1580047607422,39.88957595825195,505.4042053222656,263.1131286621094,100.79316711425781,149.81199645996094,147.07522583007812,371.69854736328125,146.17279052734375,144.0421905517578,48.81092834472656,333.91339111328125,328.2669677734375,324.11126708984375,62.80799865722656,31.764469146728516,146.89303588867188,136.91647338867188,356.32000732421875,438.2422180175781,202.78546142578125,43.21848678588867,54.179588317871094
2021-12-09,170.97337341308594,632.5700073242188,174.17100524902344,40.18766784667969,499.8937683105469,261.14703369140625,100.52938842773438,149.4212188720703,146.53135681152344,371.77996826171875,147.56036376953125,143.81814575195312,48.68667984008789,336.0397644042969,327.53204345703125,322.3018798828125,61.099998474121094,30.43105125427246,146.70779418945312,137.71592712402344,334.6000061035156,442.4110412597656,205.1142120361328,43.81963348388672,54.31840133666992
2021-12-10,175.76287841796875,654.4500122070312,172.21200561523438,40.21476364135742,532.7762451171875,262.8364562988281,100.69957733154297,149.196533203125,146.89163208007812,375.4494323730469,147.19569396972656,143.24449157714844,49.9468879699707,341.3067932128906,327.4625549316406,331.4359130859375,61.16600036621094,30.139619827270508,149.0542449951172,139.6381072998047,339.010009765625,447.0004577636719,207.06454467773438,44.62009048461914,54.6654167175293
2021-12-13,172.12918090820312,658.2999877929688,169.5675048828125,39.36566925048828,531.2508544921875,262.5697326660156,98.60626220703125,146.96897888183594,144.73294067382812,366.2666015625,149.8284454345703,141.54153442382812,51.260353088378906,336.8102722167969,332.169677734375,328.3976745605469,60.45600128173828,28.106557846069336,149.79525756835938,141.6231689453125,322.13665771484375,446.916259765625,204.75518798828125,45.423709869384766,53.468177795410156
2021-12-14,170.7481231689453,614.8599853515625,169.0915069580078,39.86248779296875,519.9246215820312,252.5218048095703,98.89558410644531,145.66957092285156,142.8278045654297,363.51898193359375,151.4650421142578,142.62606811523438,51.29584884643555,332.1674499511719,331.4249267578125,317.6961364746094,59.79899978637695,28.282215118408203,149.4247589111328,142.14414978027344,319.5033264160156,448.1501159667969,203.74606323242188,45.85716247558594,53.39010238647461
2021-12-15,175.6160125732422,630.3300170898438,173.31500244140625,39.690853118896484,539.1257934570312,256.9183654785156,98.33396911621094,146.93966674804688,145.3428192138672,368.5894470214844,152.2211151123047,141.55946350097656,51.52659225463867,337.8247375488281,339.28997802734375,323.8016662597656,60.50400161743164,30.400108337402344,151.3477783203125,142.6920623779297,325.3299865722656,462.0957946777344,206.00689697265625,46.11976623535156,53.15586471557617
2021-12-16,168.72064208984375,566.0900268554688,168.87100219726562,40.64835739135742,526.8748168945312,250.08143615722656,99.25296783447266,145.32760620117188,143.36178588867188,361.105712890625,153.8843536376953,143.77333068847656,52.05019760131836,344.23297119140625,332.5768737792969,314.36773681640625,59.10599899291992,28.33211898803711,151.56834411621094,144.7130889892578,308.97332763671875,460.6750183105469,208.00575256347656,45.35094451904297,53.24261474609375
2021-12-17,167.62367248535156,556.6400146484375,170.0175018310547,39.636661529541016,522.0885009765625,249.8937225341797,96.6661376953125,145.33738708496094,140.6621856689453,350.6665344238281,149.63279724121094,140.5018310546875,51.233726501464844,340.71173095703125,331.47454833984375,313.30328369140625,58.67300033569336,27.747255325317383,148.4632568359375,141.43458557128906,310.8566589355469,455.309814453125,205.58969116210938,43.89872741699219,52.08007049560547
2021-12-20,166.26220703125,549.77001953125,167.07899475097656,38.98628234863281,522.9944458007812,244.2423858642578,96.70869445800781,143.10008239746094,140.5450897216797,351.9499206542969,149.20582580566406,137.9743194580078,51.06510925292969,328.72430419921875,323.19244384765625,309.5394592285156,59.374000549316406,27.6654109954834,149.4512176513672,141.79380798339844,299.9800109863281,452.1412353515625,202.54290771484375,44.04110336303711,51.32529067993164
2021-12-21,169.43563842773438,557.52001953125,170.41700744628906,39.916683197021484,520.0103149414062,249.51829528808594,98.25738525390625,147.57469177246094,142.3966064453125,352.91705322265625,148.72552490234375,139.90133666992188,51.26921844482422,342.106689453125,331.8817138671875,316.6802062988281,60.492000579833984,29.01878547668457,149.01016235351562,141.70401000976562,312.84332275390625,455.39398193359375,208.98577880859375,44.17397689819336,52.48783493041992
2021-12-22,172.0312042236328,563.97998046875,171.03700256347656,39.99797821044922,524.0525512695312,249.7653045654297,98.81900787353516,148.38560485839844,145.31703186035156,357.58984375,149.36593627929688,140.4480438232422,51.63309860229492,348.6807556152344,328.15777587890625,322.3987121582031,61.42399978637695,29.343158721923828,149.93638610839844,143.10525512695312,336.2900085449219,461.8621520996094,211.48919677734375,44.230934143066406,52.912933349609375
2021-12-23,172.6580352783203,569.6199951171875,171.06849670410156,40.12443161010742,524.719970703125,250.1011962890625,99.05728912353516,150.09535217285156,145.81475830078125,358.88232421875,149.65057373046875,140.94998168945312,51.66858673095703,351.70440673828125,332.91448974609375,323.8403015136719,61.409000396728516,29.58269691467285,149.768798828125,143.80587768554688,355.6666564941406,463.0304870605469,210.18894958496094,44.13285827636719,52.938968658447266
2021-12-27,176.62484741210938,577.6799926757812,169.66949462890625,40.32316589355469,537.2095336914062,255.19927978515625,101.0824966430664,149.28443908691406,146.79733276367188,365.2271423339844,150.91358947753906,141.75665283203125,52.05019760131836,351.4411315917969,343.778564453125,331.3487548828125,61.3120002746582,30.885169982910156,151.25961303710938,145.4855499267578,364.64666748046875,466.88140869140625,211.16893005371094,44.53467559814453,53.69374465942383
2021-12-28,175.60621643066406,569.3599853515625,170.66099548339844,40.37736511230469,538.324951171875,252.38348388671875,100.88677978515625,151.6292266845703,145.58697509765625,367.1523132324219,151.51840209960938,142.18687438964844,52.25431823730469,351.8995056152344,343.81829833984375,330.1877136230469,61.07099914550781,30.263376235961914,152.044677734375,146.26702880859375,362.8233337402344,470.09674072265625,211.57650756835938,45.17376708984375,53.520233154296875
2021-12-29,175.6943817138672,569.2899780273438,169.2010040283203,40.31413650512695,541.309326171875,251.48440551757812,100.36770629882812,151.3068084716797,145.5552215576172,371.3280334472656,152.58578491210938,142.1151580810547,52.31644821166992,352.3969421386719,340.56109619140625,330.8649597167969,61.05400085449219,29.9429988861084,152.58282470703125,147.4796142578125,362.0633239746094,472.5644226074219,211.6929473876953,45.151615142822266,53.05174255371094
2021-12-30,174.5386199951172,570.530029296875,168.64450073242188,40.22380065917969,537.6290283203125,252.26490783691406,99.92520904541016,152.34243774414062,145.10414123535156,370.51458740234375,153.26173400878906,142.04345703125,52.16557312011719,352.10430908203125,341.9712219238281,328.3202819824219,61.20899963378906,29.5288028717041,152.3181610107422,146.20411682128906,356.7799987792969,471.4893798828125,211.40184020996094,45.29715347290039,52.739418029785156
2021-12-31,173.9215545654297,567.0599975585938,166.7169952392578,40.18766784667969,541.2425537109375,251.07933044433594,99.85713958740234,151.3263397216797,143.7657470703125,375.09698486328125,152.15882873535156,141.9269561767578,52.547183990478516,350.4754638671875,334.016845703125,325.41748046875,60.24399948120117,29.35413360595703,153.23558044433594,146.9316864013672,352.260009765625,469.3489685058594,210.2762908935547,45.77806854248047,53.08644485473633
2022-01-03,178.27027893066406,564.3699951171875,170.4044952392578,41.71424102783203,540.2987060546875,252.39337158203125,101.4824447631836,153.1533203125,143.90420532226562,369.3396301269531,152.5768585205078,144.92950439453125,52.62705612182617,361.81915283203125,336.1916198730469,323.8984069824219,59.73699951171875,30.062767028808594,152.5916290283203,146.3209228515625,399.9266662597656,469.4798278808594,214.85609436035156,45.76542282104492,55.12522888183594
2022-01-04,176.00778198242188,554.0,167.52200317382812,43.349205017089844,537.9341430664062,245.25013732910156,103.32897186279297,152.1470184326172,143.31663513183594,373.1356201171875,152.16770935058594,150.4237518310547,53.50564956665039,366.14996337890625,334.1955261230469,318.344482421875,59.1150016784668,29.23337745666504,152.81214904785156,146.8328857421875,383.1966552734375,458.8430480957031,215.85557556152344,44.926979064941406,57.19871520996094
2022-01-05,171.3260040283203,514.4299926757812,164.35699462890625,42.61753845214844,524.291015625,224.93695068359375,104.00119018554688,151.6194610595703,136.74179077148438,368.07421875,153.18167114257812,147.67367553710938,53.94939041137695,364.69659423828125,321.9212951660156,306.1239318847656,56.75199890136719,27.550630569458008,153.33262634277344,147.49755859375,362.7066650390625,457.7120666503906,213.46859741210938,45.53445053100586,57.91012191772461
2022-01-06,168.4659881591797,514.1199951171875,163.25399780273438,43.47567367553711,524.1767578125,226.39918518066406,104.88615417480469,153.29010009765625,136.7145233154297,366.7366027832031,152.6569061279297,149.24258422851562,53.66539764404297,361.3661804199219,330.15374755859375,303.7049560546875,55.32899856567383,28.123523712158203,153.3678741455078,146.25802612304688,354.8999938964844,438.980712890625,213.22601318359375,45.40789031982422,59.27219772338867
2022-01-07,168.63250732421875,510.70001220703125,162.5540008544922,44.424129486083984,511.19134521484375,225.5692596435547,106.39232635498047,154.19871520996094,135.98947143554688,355.75506591796875,154.72044372558594,150.72129821777344,53.54115295410156,361.0242614746094,329.4884033203125,303.8597106933594,54.10599899291992,27.19432258605957,153.56198120117188,146.1771697998047,342.32000732421875,428.65228271484375,210.5188751220703,45.841346740722656,59.75804138183594
2022-01-10,168.65208435058594,525.8300170898438,161.48599243164062,44.19830322265625,494.621337890625,226.87342834472656,106.46038818359375,152.9970245361328,137.6295928955078,350.196533203125,153.9555206298828,150.8655548095703,53.62989807128906,355.418212890625,325.794189453125,304.0823059082031,53.98500061035156,27.34702491760254,153.64137268066406,144.18313598632812,352.7066650390625,434.6343688964844,205.67698669433594,45.752750396728516,59.402347564697266
2022-01-11,171.4827423095703,529.8900146484375,165.36199951171875,44.451229095458984,497.700927734375,232.0208740234375,108.89405822753906,154.25733947753906,138.68809509277344,349.4825134277344,152.3188934326172,151.0188446044922,53.64765548706055,357.74273681640625,332.0505065917969,304.76934814453125,54.08399963378906,27.763219833374023,153.57077026367188,142.51242065429688,354.79998779296875,438.3730773925781,208.01541137695312,45.6230354309082,61.90092468261719
2022-01-12,171.92344665527344,532.3699951171875,165.20700073242188,44.13507843017578,501.2951354980469,234.97499084472656,108.34947204589844,154.1693878173828,140.36990356445312,351.9499206542969,151.0203094482422,151.87542724609375,53.72752380371094,358.7388916015625,330.9482116699219,307.9526062011719,53.72200012207031,27.944866180419922,153.40318298339844,142.8267822265625,368.739990234375,442.78497314453125,209.3059844970703,45.38258743286133,61.7187385559082
2022-01-13,168.65208435058594,516.9000244140625,161.21400451660156,44.04474639892578,492.7909240722656,225.88543701171875,107.89847564697266,151.8636932373047,137.54774475097656,349.76275634765625,150.1041717529297,151.68606567382812,54.04701614379883,360.8973388671875,324.2152404785156,294.91925048828125,51.91999816894531,26.523622512817383,153.65016174316406,142.18003845214844,343.85333251953125,436.9056701660156,208.61703491210938,46.024845123291016,61.27627944946289
2022-01-14,169.51402282714844,520.5999755859375,162.13800048828125,43.27694320678711,479.54815673828125,228.45420837402344,109.73651885986328,148.44422912597656,138.4345245361328,336.223388671875,149.285888671875,142.36293029785156,54.48188018798828,363.4562683105469,329.5976257324219,300.1442565917969,52.569000244140625,26.889911651611328,154.93807983398438,143.54537963867188,349.8699951171875,438.0833740234375,208.29685974121094,45.89512634277344,62.35208511352539
2022-01-18,166.31121826171875,513.3400268554688,158.91749572753906,41.78650665283203,465.3235778808594,223.34629821777344,110.09391021728516,148.7666473388672,134.97813415527344,331.451171875,148.62770080566406,136.39393615722656,54.04701614379883,357.7524719238281,315.9430236816406,292.8388977050781,51.08000183105469,25.852922439575195,153.45611572265625,140.77886962890625,343.5033264160156,430.8861999511719,209.3059844970703,45.09150314331055,63.401824951171875
2022-01-19,162.81454467773438,516.5800170898438,156.2989959716797,41.949092864990234,467.316162109375,223.55377197265625,109.69395446777344,146.65631103515625,134.10325622558594,325.0972595214844,148.16519165039062,134.2840576171875,54.13576126098633,352.3124694824219,317.3730773925781,293.4969482421875,51.58599853515625,25.01854133605957,154.5587921142578,145.51251220703125,331.8833312988281,432.3163146972656,208.30653381347656,45.540775299072266,63.4278678894043
2022-01-20,161.12985229492188,510.8500061035156,151.66749572753906,41.3258171081543,460.31829833984375,220.2637481689453,109.30252838134766,144.22361755371094,132.3078155517578,315.9595642089844,146.98219299316406,133.13893127441406,53.91387939453125,355.5061950683594,314.36407470703125,291.8230895996094,50.82500076293945,24.103309631347656,153.43846130371094,146.29818725585938,332.0899963378906,432.7649841308594,207.98634338378906,44.680198669433594,63.56664276123047
2022-01-21,159.07302856445312,499.9100036621094,142.64300537109375,40.576087951660156,459.16461181640625,216.00546264648438,107.9920654296875,134.21923828125,129.37399291992188,315.5257568359375,146.64419555664062,130.81265258789062,53.64765548706055,346.7942810058594,301.0669860839844,286.4335632324219,39.75,23.32880973815918,153.6854705810547,146.85804748535156,314.6333312988281,431.05450439453125,199.8163299560547,44.35432815551758,62.61233139038086
2022-01-24,158.29922485351562,519.6599731445312,144.54400634765625,40.24187469482422,466.1148681640625,220.35267639160156,108.22181701660156,134.29737854003906,129.8231201171875,328.8210144042969,144.95425415039062,130.69544982910156,53.21278381347656,341.2663879394531,306.56854248046875,286.7625732421875,38.71500015258789,23.326812744140625,152.90037536621094,145.66603088378906,310.0,432.0826110839844,195.85745239257812,44.357486724853516,63.15023422241211
2022-01-25,156.49705505371094,502.7200012207031,139.98599243164062,41.03676986694336,455.0745849609375,212.80435180664062,112.82537841796875,133.36923217773438,125.98310852050781,324.4555358886719,149.09913635253906,132.12005615234375,53.08855056762695,330.85516357421875,298.0678405761719,279.1380310058594,36.641998291015625,22.28083610534668,151.14492797851562,144.0765838623047,306.1333312988281,427.0072326660156,196.00302124023438,43.392513275146484,65.00682067871094
2022-01-26,156.408935546875,500.80999755859375,138.87249755859375,41.46131896972656,460.93792724609375,208.46705627441406,112.9104995727539,130.52618408203125,128.26388549804688,322.9190368652344,149.76617431640625,133.3733673095703,52.89329528808594,336.61737060546875,292.5862121582031,287.0915222167969,35.970001220703125,22.727970123291016,149.54824829101562,142.8213348388672,312.4700012207031,428.4934387207031,199.75807189941406,42.94956970214844,64.34749603271484
2022-01-27,155.9485626220703,493.04998779296875,139.6374969482422,41.072898864746094,460.0321960449219,210.1862030029297,115.19097137451172,132.30429077148438,128.03759765625,322.15081787109375,151.7318878173828,131.02005004882812,52.93767166137695,342.3504638671875,292.5961608886719,290.1200866699219,38.66999816894531,21.901575088500977,149.4071044921875,143.70635986328125,276.3666687011719,431.4563903808594,200.02980041503906,42.97804260253906,65.17166900634766
2022-01-28,166.83030700683594,518.1599731445312,143.97799682617188,41.43421936035156,469.4803466796875,219.4634552001953,111.14054107666016,135.44046020507812,132.35098266601562,331.2885437011719,152.79920959472656,132.19216918945312,53.99376678466797,373.5842590332031,299.6170959472656,298.26708984375,38.43600082397461,22.795839309692383,152.3181610107422,144.94357299804688,282.1166687011719,435.6251525878906,221.23110961914062,43.50957489013672,65.31047821044922
2022-01-31,171.18887329101562,534.2999877929688,149.57350158691406,41.67810821533203,481.5885009765625,229.83743286132812,111.75322723388672,139.68060302734375,134.28883361816406,331.6861877441406,153.2439422607422,133.9865264892578,54.144630432128906,377.3639221191406,311.0869140625,300.89892578125,42.7140007019043,24.43865966796875,153.0679931640625,144.89840698242188,312.239990234375,441.7100524902344,219.45541381835938,44.234100341796875,65.90042877197266
2022-02-01,171.0224151611328,535.97998046875,151.19349670410156,42.4007453918457,484.7156066894531,229.33352661132812,114.69744873046875,141.1656494140625,136.61178588867188,333.24072265625,151.9898223876953,136.28573608398438,53.74527359008789,382.91131591796875,316.7871398925781,298.75091552734375,45.7130012512207,24.590364456176758,152.02706909179688,144.25721740722656,310.4166564941406,437.8216857910156,225.46168518066406,44.582130432128906,70.12548828125
2022-02-02,172.22711181640625,533.0900268554688,150.6125030517578,42.35558319091797,497.6912841796875,222.30886840820312,115.22501373291016,139.33865356445312,146.89013671875,337.7869567871094,153.67088317871094,135.19473266601562,54.295501708984375,387.4919128417969,320.7593688964844,303.2985534667969,42.948001861572266,25.193199157714844,154.78814697265625,146.84002685546875,301.88665771484375,448.4491271972656,228.43081665039062,44.563140869140625,69.94329071044922
2022-02-03,169.3474884033203,510.8299865722656,138.8455047607422,41.940059661865234,498.2069396972656,210.21583557128906,114.19540405273438,136.80824279785156,142.01695251464844,329.7248840332031,153.66201782226562,134.07666015625,54.677120208740234,380.9677429199219,236.1106719970703,291.4843444824219,40.560001373291016,23.901702880859375,154.6998748779297,148.23074340820312,297.0466613769531,456.85211181640625,224.66598510742188,44.60744094848633,69.12777709960938
2022-02-04,169.06309509277344,513.5399780273438,157.63949584960938,43.61116027832031,496.2972717285156,216.5982666015625,115.62496948242188,138.75245666503906,142.21841430664062,325.07916259765625,152.6569061279297,137.5570526123047,54.100257873535156,373.281494140625,235.44534301757812,296.0223083496094,41.016998291015625,24.27198028564453,152.1593780517578,145.87371826171875,307.7733459472656,451.6177978515625,221.6094970703125,44.08223342895508,70.62867736816406
2022-02-07,168.34719848632812,507.1000061035156,157.9355010986328,43.81892395019531,492.5924987792969,214.36538696289062,117.89695739746094,139.23118591308594,138.1571044921875,322.9822998046875,152.14991760253906,138.01693725585938,54.668235778808594,367.35308837890625,223.34982299804688,291.194091796875,40.209999084472656,24.680191040039062,151.5595245361328,144.781005859375,302.4466552734375,452.1131896972656,220.41603088378906,43.64878463745117,71.47888946533203
2022-02-08,171.45602416992188,511.30999755859375,161.4134979248047,44.60478210449219,497.6150207519531,214.81985473632812,116.10150146484375,139.20188903808594,138.35365295410156,326.6789855957031,152.5501708984375,140.6136932373047,55.023231506347656,365.63421630859375,218.6526336669922,294.6870422363281,40.35300064086914,25.059459686279297,151.74476623535156,144.45590209960938,307.3333435058594,461.18914794921875,221.1728973388672,43.65827178955078,69.6309585571289
2022-02-09,172.87802124023438,521.75,161.1894989013672,44.51445770263672,504.9481506347656,219.37452697753906,117.25025177001953,143.84259033203125,140.5301971435547,329.3271789550781,152.5324249267578,141.1997833251953,54.1712532043457,372.4708251953125,230.3906707763672,301.1214599609375,41.28900146484375,26.65336799621582,151.67417907714844,144.1308135986328,310.6666564941406,465.5727844238281,224.01588439941406,43.5633659362793,69.2976303100586
2022-02-10,168.79830932617188,495.0199890136719,159.0034942626953,44.30670166015625,495.06549072265625,215.05702209472656,115.76109313964844,148.6591796875,137.58047485351562,320.93963623046875,150.69122314453125,140.6136932373047,54.472999572753906,365.6537780761719,226.48794555664062,292.57769775390625,40.62699890136719,25.774076461791992,148.5249481201172,141.9363250732422,301.51666259765625,454.9359436035156,219.24874877929688,43.05397033691406,68.63097381591797
2022-02-11,165.38548278808594,473.9700012207031,153.2935028076172,43.285972595214844,486.65338134765625,205.40428161621094,118.11819458007812,146.03103637695312,133.2755126953125,316.6014099121094,149.17025756835938,138.78329467773438,53.50564956665039,361.1415100097656,218.02700805664062,285.4756774902344,39.13100051879883,23.90269660949707,148.71022033691406,141.14161682128906,286.6666564941406,446.90692138671875,218.3740692138672,42.816688537597656,70.35901641845703
2022-02-14,165.62081909179688,474.010009765625,155.16700744628906,42.834327697753906,483.68389892578125,203.9222869873047,116.29719543457031,147.3793182373047,134.50967407226562,317.7490539550781,147.2935028076172,137.4939727783203,53.85177230834961,365.4290771484375,216.18984985351562,285.43695068359375,39.65700149536133,24.220081329345703,147.0518035888672,141.54800415039062,291.9200134277344,443.4205322265625,219.00579833984375,42.38006591796875,69.28008270263672
2022-02-15,169.4553985595703,479.5,156.510498046875,43.16854476928711,490.7113952636719,211.6780548095703,115.44593811035156,151.16024780273438,135.58407592773438,319.2856750488281,148.81448364257812,139.50465393066406,54.05588150024414,372.6368408203125,219.4669647216797,290.7296447753906,40.74599838256836,26.44377326965332,146.39906311035156,141.6202392578125,307.4766540527344,447.0004577636719,221.4160614013672,42.5129508972168,68.41167449951172
2022-02-16,169.21998596191406,477.70001220703125,158.10049438476562,43.069183349609375,489.26007080078125,209.1981658935547,115.48033905029297,152.75277709960938,136.705078125,316.4205322265625,148.72552490234375,139.7571563720703,54.04701614379883,373.994384765625,215.03787231445312,290.39031982421875,39.80799865722656,26.459745407104492,146.69895935058594,142.69493103027344,307.7966613769531,448.7015686035156,222.38795471191406,42.2471809387207,68.72746276855469
2022-02-17,165.62081909179688,457.7099914550781,154.65249633789062,41.61487579345703,491.7521057128906,197.62875366210938,114.88701629638672,149.4309844970703,131.54507446289062,314.47735595703125,147.81826782226562,136.53819274902344,55.12972640991211,364.9798278808594,206.2691650390625,281.8870544433594,38.66699981689453,24.45962142944336,147.0959014892578,144.32945251464844,292.1166687011719,439.6256408691406,218.2963409423828,43.93985366821289,68.62220764160156
2022-02-18,164.07130432128906,442.55999755859375,152.60150146484375,41.5155143737793,489.5179138183594,194.47708129882812,114.72362518310547,147.87757873535156,129.42510986328125,313.51019287109375,146.23387145996094,137.1783905029297,55.50246810913086,361.31732177734375,204.72988891601562,279.1722412109375,39.12900161743164,23.596290588378906,147.94276428222656,144.40170288085938,285.6600036621094,437.2608337402344,216.43028259277344,43.65827178955078,67.85904693603516
2022-02-22,161.1488494873047,438.3999938964844,150.19749450683594,41.15419387817383,479.5015869140625,192.78758239746094,113.84656524658203,144.68280029296875,128.8400421142578,285.7627868652344,144.24659729003906,136.93490600585938,55.27172088623047,359.6960754394531,200.6781768798828,278.9686279296875,37.737998962402344,23.344778060913086,148.50732421875,142.62265014648438,273.84332275390625,432.30694580078125,215.09878540039062,43.17103958129883,67.06957244873047
2022-02-23,156.98085021972656,429.45001220703125,144.82699584960938,40.449623107910156,472.8941345214844,188.25265502929688,116.5551528930664,142.5138702392578,126.63119506835938,278.7852478027344,144.31820678710938,134.06764221191406,54.659358978271484,352.80084228515625,197.07339477539062,271.74517822265625,36.74599838256836,22.34371566772461,147.04299926757812,140.84361267089844,254.67999267578125,429.6056823730469,209.87974548339844,42.72808837890625,67.34151458740234
2022-02-24,159.59933471679688,463.82000732421875,151.35800170898438,39.383724212646484,482.7480773925781,201.83761596679688,115.95323944091797,145.96266174316406,131.6959228515625,283.1145935058594,141.56109619140625,130.3347930908203,53.70090103149414,360.7605895996094,206.159912109375,285.6296691894531,39.00299835205078,23.70208168029785,144.4847869873047,137.0507049560547,266.92333984375,426.11932373046875,211.1918182373047,42.563575744628906,66.49064636230469
2022-02-25,161.66859436035156,465.5400085449219,153.7884979248047,40.666412353515625,494.1202087402344,205.5919952392578,120.70832061767578,146.08966064453125,133.45118713378906,286.1965637207031,148.59710693359375,133.41844177246094,55.777587890625,360.4773864746094,209.01992797851562,288.2669372558594,39.08000183105469,24.110294342041016,148.5338134765625,142.90260314941406,269.9566650390625,444.682373046875,213.10643005371094,43.148895263671875,68.28008270263672
2022-02-28,161.9333953857422,467.67999267578125,153.56300354003906,39.92571258544922,495.8006896972656,208.00271606445312,123.82105255126953,145.04429626464844,134.04420471191406,285.4554748535156,147.3169708251953,127.85521697998047,55.23622512817383,352.4003601074219,209.56613159179688,289.7018737792969,39.45199966430664,24.337858200073242,144.44070434570312,140.78038024902344,290.1433410644531,444.7945251464844,210.0449676513672,42.76289749145508,68.78887176513672
2022-03-01,160.05047607421875,466.67999267578125,151.14199829101562,38.363014221191406,499.3145751953125,206.3824005126953,128.739501953125,142.34779357910156,133.05616760253906,289.45037841796875,146.80674743652344,123.03135681152344,54.99660873413086,336.4416809082031,202.0784149169922,285.97869873046875,38.624000549316406,23.431612014770508,143.14395141601562,138.45042419433594,288.1233215332031,445.1497497558594,203.095947265625,43.0255012512207,69.44676208496094
2022-03-02,163.34561157226562,471.17999267578125,152.05250549316406,38.98628234863281,504.1556701660156,207.86441040039062,132.5401153564453,143.95005798339844,133.5623321533203,295.8855895996094,148.63284301757812,125.58303833007812,55.404842376708984,336.06072998046875,206.6663818359375,291.0592956542969,38.00299835205078,24.177291870117188,145.12875366210938,138.88392639160156,293.2966613769531,453.68353271484375,202.6197052001953,43.07927703857422,70.63972473144531
2022-03-03,163.02197265625,459.0799865722656,147.89849853515625,38.56873321533203,508.9774475097656,202.29209899902344,134.32861328125,142.22079467773438,132.8953857421875,293.1650390625,150.81707763671875,124.69039916992188,55.440345764160156,333.0330810546875,201.56201171875,286.91912841796875,36.80699920654297,23.67218589782715,144.97337341308594,139.39866638183594,279.7633361816406,454.814453125,201.4048614501953,44.06957244873047,71.08709716796875
2022-03-04,160.02105712890625,452.1300048828125,145.64100646972656,37.17085647583008,501.7684631347656,200.57298278808594,136.4181365966797,137.48239135742188,130.9173126220703,293.0747375488281,151.71224975585938,121.18294525146484,55.52908706665039,323.0418701171875,198.6721954345703,281.0434875488281,36.17300033569336,22.895557403564453,147.1754608154297,140.10308837890625,279.42999267578125,466.0869140625,194.65994262695312,45.18642044067383,73.76249694824219
2022-03-07,156.22573852539062,437.9700012207031,137.4530029296875,34.80173110961914,504.6521911621094,193.87437438964844,139.3330841064453,130.42848205566406,125.4307861328125,291.72802734375,154.1560516357422,116.50335693359375,54.20676040649414,305.61810302734375,186.16954040527344,270.4265441894531,35.0260009765625,21.314350128173828,144.2453155517578,138.02598571777344,268.1933288574219,455.076171875,185.3395233154297,44.82257843017578,76.42037200927734
2022-03-08,154.40162658691406,431.5299987792969,136.01449584960938,35.02865219116211,499.72509765625,189.77418518066406,146.63333129882812,128.71875,126.15133666992188,286.27789306640625,151.0319366455078,115.68283081054688,52.05907440185547,306.9951171875,188.969970703125,267.45965576171875,34.17599868774414,21.476062774658203,140.17849731445312,132.56239318847656,274.79998779296875,442.5418395996094,186.32110595703125,43.895565032958984,76.99931335449219
2022-03-09,159.80528259277344,450.8699951171875,139.2790069580078,37.25254821777344,503.8214416503906,200.72120666503906,142.97032165527344,130.5750274658203,132.4194793701172,288.423828125,151.6048126220703,120.31736755371094,52.325313568115234,320.4731750488281,197.12303161621094,279.72479248046875,35.87900161743164,22.97342300415039,139.7611846923828,134.35049438476562,286.3233337402344,453.8611145019531,194.14483642578125,44.12337112426758,72.6221694946289
2022-03-10,155.46080017089844,438.95001220703125,146.8175048828125,36.916690826416016,508.6623229980469,197.74729919433594,146.88270568847656,130.5652618408203,131.43641662597656,289.0967102050781,151.87339782714844,118.89273834228516,51.36684799194336,317.0158386230469,193.85585021972656,276.9033508300781,35.676998138427734,22.618045806884766,137.195068359375,130.8916778564453,279.4333190917969,459.3477783203125,192.4051513671875,45.126304626464844,74.87653350830078
2022-03-11,151.74391174316406,416.3800048828125,145.52450561523438,36.60808181762695,503.6018371582031,195.52432250976562,146.9514923095703,128.71875,128.89659118652344,288.0510559082031,151.59588623046875,116.21479034423828,51.402347564697266,317.2110900878906,186.30857849121094,271.55126953125,34.03200149536133,22.061031341552734,136.50247192382812,129.33840942382812,265.1166687011719,452.67303466796875,191.18055725097656,44.949134826660156,74.4905776977539
2022-03-14,147.71327209472656,411.5,141.85299682617188,37.39778518676758,502.1981506347656,190.80169677734375,143.35726928710938,126.06132507324219,125.00647735595703,289.4786376953125,153.69056701660156,117.36893463134766,52.35026550292969,320.9224548339844,185.33538818359375,268.03167724609375,33.10100173950195,21.292390823364258,138.42037963867188,130.99105834960938,255.4566650390625,457.4072265625,194.69882202148438,45.575584411621094,71.82392120361328
2022-03-15,152.0969696044922,421.6600036621094,147.3665008544922,37.670101165771484,517.8287963867188,193.78543090820312,136.09999084472656,131.11239624023438,128.2291259765625,298.735107421875,157.67404174804688,119.45176696777344,53.31607437133789,327.1828918457031,190.6979217529297,278.41595458984375,34.375,22.932491302490234,141.18190002441406,135.70509338378906,267.2966613769531,466.7724609375,200.3455047607422,46.1229248046875,67.73626708984375
2022-03-16,156.51011657714844,442.3599853515625,153.10400390625,38.85011672973633,518.8506469726562,203.10227966308594,135.60983276367188,134.96173095703125,132.28102111816406,300.8900451660156,156.22384643554688,124.78956604003906,53.173004150390625,336.6368713378906,202.21742248535156,285.4356994628906,35.75299835205078,24.452808380126953,141.80343627929688,135.24452209472656,280.07666015625,467.1005554199219,205.91439819335938,45.98688507080078,67.48185729980469
2022-03-17,157.52023315429688,444.3599853515625,157.23899841308594,39.058895111083984,527.825927734375,207.8841552734375,137.957275390625,136.26113891601562,132.8353271484375,305.84564208984375,158.26483154296875,126.36748504638672,53.736385345458984,338.35589599609375,206.39822387695312,286.240478515625,37.13999938964844,24.72233009338379,142.9044647216797,135.66897583007812,290.5333251953125,475.3127136230469,207.4499969482422,46.05675506591797,69.28008270263672
2022-03-18,160.8153839111328,453.3299865722656,161.25050354003906,38.940895080566406,535.99951171875,216.17344665527344,139.06649780273438,137.07203674316406,135.10467529296875,309.8282775878906,156.5103302001953,126.32242584228516,53.74531936645508,341.9207458496094,214.98825073242188,291.2919921875,38.060001373291016,26.406354904174805,144.5471649169922,135.59671020507812,301.7966613769531,474.46905517578125,212.95091247558594,46.193328857421875,69.00814819335938
2022-03-21,162.18841552734375,453.5899963378906,161.4915008544922,38.88643264770508,530.4424438476562,211.15443420410156,141.5687713623047,135.43069458007812,135.08087158203125,299.48974609375,157.3965301513672,125.91664123535156,54.17456817626953,337.5159912109375,210.02293395996094,290.0606689453125,37.45899963378906,26.686859130859375,144.3429412841797,136.11151123046875,307.0533447265625,475.9127197265625,210.93907165527344,45.80902099609375,72.1046142578125
2022-03-22,165.56201171875,466.45001220703125,164.88900756835938,40.10276794433594,534.1566772460938,215.5905303955078,141.09580993652344,136.8863983154297,138.81910705566406,299.8171081542969,156.653564453125,128.59457397460938,54.371299743652344,341.37384033203125,215.14712524414062,294.8115234375,38.29199981689453,26.47722625732422,145.9234619140625,137.1590576171875,331.32666015625,473.7191162109375,212.32891845703125,45.67244338989258,71.78883361816406
2022-03-23,166.9251708984375,422.8999938964844,163.4080047607422,39.11335754394531,529.0006103515625,208.57574462890625,142.61778259277344,134.47320556640625,137.2385711669922,288.287353515625,156.062744140625,126.03388977050781,54.013607025146484,334.1953430175781,211.97927856445312,290.3805847167969,37.44900131225586,25.588796615600586,145.15982055664062,136.20181274414062,333.03668212890625,471.759765625,208.64541625976562,45.08486557006836,72.9203872680664
2022-03-24,170.71066284179688,432.1400146484375,163.64950561523438,39.095211029052734,532.9057006835938,211.41127014160156,142.99612426757812,135.7628631591797,140.5103759765625,287.13262939453125,156.86839294433594,126.8543930053711,54.53227233886719,341.1979675292969,218.046875,294.8504333496094,37.57099914550781,28.100364685058594,146.0388946533203,136.43658447265625,337.97332763671875,481.35003662109375,211.2014923095703,45.36436462402344,73.13970947265625
2022-03-25,171.34814453125,431.6199951171875,164.77349853515625,39.694297790527344,530.6141967773438,208.4967041015625,145.58432006835938,135.938720703125,140.610595703125,282.49530029296875,158.3722686767578,127.96340942382812,55.02411651611328,340.87567138671875,220.28128051757812,294.443115234375,37.3849983215332,27.64316749572754,146.7226104736328,138.01695251464844,336.8800048828125,480.94696044921875,212.2900390625,45.561279296875,74.73615264892578
2022-03-28,172.21116638183594,450.010009765625,168.99049377441406,39.530906677246094,539.6851806640625,212.69569396972656,143.03912353515625,135.52838134765625,140.3947296142578,285.7687683105469,159.18685913085938,127.01669311523438,55.37287521362305,342.3114013671875,222.0389862060547,301.2496643066406,37.85100173950195,28.16923713684082,147.15765380859375,138.96522521972656,363.9466552734375,481.10626220703125,214.56423950195312,46.371192932128906,72.63970947265625
2022-03-29,175.50631713867188,466.3299865722656,169.31500244140625,39.431060791015625,544.23974609375,218.63351440429688,141.2935791015625,139.10418701171875,141.4368438720703,288.8875732421875,159.10630798339844,127.29618835449219,55.58750915527344,358.97332763671875,228.26551818847656,305.81634521484375,39.18199920654297,28.605466842651367,149.34202575683594,140.39205932617188,366.5233459472656,478.79071044921875,221.70761108398438,46.7618522644043,72.25373840332031
2022-03-30,174.33929443359375,460.05999755859375,166.30099487304688,39.03166198730469,550.4366455078125,212.35977172851562,142.29103088378906,137.7168731689453,140.87408447265625,280.4767150878906,160.76235961914062,126.71913146972656,55.63221740722656,353.78717041015625,226.2694549560547,304.3134460449219,38.14699935913086,27.641176223754883,149.1378173828125,139.42578125,364.663330078125,488.24981689453125,217.6548614501953,47.60034942626953,73.4905776977539
2022-03-31,171.2402801513672,455.6199951171875,162.99749755859375,37.415950775146484,549.8446044921875,209.77122497558594,140.01235961914062,134.0042724609375,138.0246124267578,272.17498779296875,158.64974975585938,122.91413879394531,55.444427490234375,349.0406494140625,220.81753540039062,298.932373046875,37.45899963378906,27.237882614135742,148.62277221679688,137.98988342285156,359.20001220703125,478.0782470703125,215.5361328125,47.298614501953125,72.44671630859375
2022-04-01,170.94602966308594,458.19000244140625,163.55999755859375,37.12546920776367,549.5773315429688,209.7020721435547,141.20758056640625,133.84796142578125,139.0994873046875,274.5027770996094,159.50914001464844,122.00347137451172,56.22243118286133,355.47686767578125,223.2902374267578,300.00860595703125,37.34700012207031,26.664899826049805,150.736083984375,140.05795288085938,361.5299987792969,480.53448486328125,219.9971160888672,47.96241760253906,72.91163635253906
2022-04-04,174.99636840820312,468.80999755859375,168.34649658203125,37.06193161010742,549.1571655273438,216.2228546142578,141.33656311035156,135.39161682128906,141.89935302734375,277.85797119140625,157.96945190429688,122.54444885253906,55.92732620239258,358.3482360839844,232.2675323486328,305.3897399902344,39.150001525878906,27.311756134033203,150.3453826904297,139.14581298828125,381.8166809082031,478.1251525878906,221.33834838867188,47.97195053100586,72.94673156738281
2022-04-05,171.68153381347656,458.5799865722656,164.05499267578125,36.43560791015625,549.3385620117188,207.6173858642578,140.4680938720703,132.4997100830078,139.5366973876953,277.20330810546875,158.9899139404297,121.11836242675781,55.8647346496582,354.842041015625,230.23175048828125,301.4241943359375,38.01499938964844,25.885276794433594,150.50523376464844,139.6334686279297,363.7533264160156,485.3811340332031,219.73472595214844,48.1085205078125,72.56951904296875
2022-04-06,168.5138702392578,444.3299865722656,158.75599670410156,36.036216735839844,558.380859375,198.40928649902344,141.71490478515625,129.5198974609375,135.52401733398438,271.4566345214844,163.12557983398438,119.43794250488281,56.42810821533203,345.2999267578125,221.75099182128906,290.39031982421875,36.834999084472656,24.36396598815918,153.0713348388672,141.62925720214844,348.586669921875,498.49627685546875,212.85369873046875,49.22651290893555,73.37654113769531
2022-04-07,168.81793212890625,452.7200012207031,157.7845001220703,35.754825592041016,580.5905151367188,197.75718688964844,143.68399047851562,128.8359832763672,134.8694610595703,275.28472900390625,162.70486450195312,119.07460021972656,56.73216247558594,341.8671569824219,221.4034423828125,292.2033996582031,36.21500015258789,24.165313720703125,153.21340942382812,143.46250915527344,352.4200134277344,503.3710632324219,210.07412719726562,49.718814849853516,74.6045913696289
2022-04-08,166.8074951171875,445.3399963378906,154.4604949951172,36.00897979736328,572.9422607421875,194.80308532714844,146.11741638183594,128.8359832763672,132.2879638671875,282.88629150390625,163.02708435058594,121.25460052490234,57.0809326171875,344.5273742675781,220.7877197265625,287.937255859375,35.5880012512207,23.078231811523438,153.72845458984375,144.58233642578125,341.8299865722656,511.81756591796875,210.8807830810547,49.99513244628906,76.17475891113281
2022-04-11,162.55123901367188,434.44000244140625,151.1219940185547,35.93636703491211,558.2665405273438,193.10374450683594,142.3598175048828,127.64405059814453,127.85746002197266,278.8945617675781,160.9861297607422,120.80953216552734,57.063045501708984,339.7350158691406,214.95846557617188,276.5834655761719,34.79999923706055,21.878355026245117,153.2578582763672,144.03147888183594,325.30999755859375,503.8303527832031,208.7134552001953,49.004188537597656,73.5519790649414
2022-04-12,164.4243927001953,426.7699890136719,150.78750610351562,35.55512619018555,555.1058959960938,192.47142028808594,145.3263397216797,127.82966613769531,126.75675201416016,278.50360107421875,161.03982543945312,119.48334503173828,57.73374557495117,338.19952392578125,212.654541015625,273.4807434082031,34.40999984741211,21.466079711914062,153.87936401367188,143.59796142578125,328.98333740234375,500.3336486816406,205.45761108398438,48.66751480102539,75.08704376220703
2022-04-13,167.11146545410156,431.6700134277344,155.54100036621094,35.237422943115234,564.3964233398438,193.37049865722656,147.6135711669922,129.30494689941406,128.919921875,282.2589416503906,161.7201385498047,115.63196563720703,57.885772705078125,347.3342590332031,213.49867248535156,278.8716125488281,35.042999267578125,22.163850784301758,153.61297607421875,144.00437927246094,340.7900085449219,503.41796875,207.27505493164062,49.934783935546875,76.14844512939453
2022-04-14,162.10008239746094,420.44000244140625,151.7064971923828,34.102783203125,563.7281494140625,187.13624572753906,147.54483032226562,127.46819305419922,125.7796401977539,276.8941650390625,161.03982543945312,114.56011962890625,58.14510726928711,349.9553527832031,208.7220001220703,271.318603515625,34.112998962402344,21.22051429748535,152.63623046875,143.20062255859375,328.3333435058594,501.3742370605469,206.80856323242188,49.89032745361328,77.04317474365234
2022-04-18,161.88438415527344,425.4700012207031,152.78500366210938,35.26465606689453,555.8316040039062,184.76502990722656,149.5225067138672,124.83031463623047,126.71904754638672,272.9751892089844,159.03466796875,116.68565368652344,57.62643051147461,348.957763671875,209.3079376220703,271.9875793457031,33.7859992980957,21.744590759277344,151.3220977783203,141.83700561523438,334.7633361816406,500.68060302734375,207.17791748046875,49.50918960571289,77.67475128173828
2022-04-19,164.16937255859375,436.3999938964844,158.11549377441406,35.9182014465332,567.4613647460938,189.0924530029297,147.75119018554688,128.86529541015625,129.0340576171875,279.8765869140625,163.88648986816406,119.1018295288086,58.18982696533203,355.87237548828125,215.80255126953125,276.62225341796875,34.861000061035156,22.158857345581055,153.52423095703125,143.95919799804688,342.7166748046875,504.0741271972656,209.63674926757812,50.07135772705078,76.98177337646484
2022-04-20,164.00267028808594,428.1099853515625,153.9980010986328,35.999900817871094,576.274658203125,183.9944305419922,148.3531036376953,121.70394134521484,127.07981872558594,286.5507507324219,164.6115264892578,119.51969146728516,58.98570251464844,357.26116943359375,199.02972412109375,277.6499328613281,22.618999481201172,21.444120407104492,155.80621337890625,147.78823852539062,325.73333740234375,511.8643798828125,211.6680145263672,50.70022964477539,77.15721893310547
2022-04-21,163.20828247070312,417.4800109863281,148.29600524902344,35.319114685058594,565.0170288085938,175.10244750976562,141.5171356201172,118.86090087890625,123.87850952148438,282.2043151855469,164.13711547851562,118.5931625366211,59.20927047729492,356.4298095703125,186.765380859375,272.2687683105469,21.82200050354004,20.147411346435547,155.24681091308594,147.67294311523438,336.260009765625,503.8303527832031,210.36570739746094,50.77644729614258,76.3414306640625
2022-04-22,158.6676788330078,408.6700134277344,144.35000610351562,34.09370422363281,545.8821411132812,169.3720703125,138.39581298828125,115.54888916015625,118.73834991455078,272.8841857910156,162.50790405273438,115.18688201904297,58.35078048706055,343.46136474609375,182.83285522460938,265.6949462890625,21.552000045776367,19.480587005615234,152.85824584960938,146.43783569335938,335.01666259765625,488.3623046875,202.3184356689453,49.82044982910156,74.6747817993164
2022-04-25,159.73663330078125,413.95001220703125,146.07400512695312,33.8486213684082,542.5497436523438,172.4744110107422,135.4207000732422,117.19023132324219,122.15105438232422,277.2760009765625,166.50930786132812,115.15054321289062,58.967838287353516,346.80615234375,185.69287109375,272.1815490722656,20.990999221801758,19.866910934448242,154.2700958251953,147.61843872070312,332.67333984375,491.4840393066406,204.0484161376953,49.845863342285156,72.15725708007812
2022-04-26,153.77394104003906,399.1199951171875,139.39100646972656,33.086151123046875,528.7522583007812,168.03829956054688,134.59518432617188,113.10640716552734,117.76024627685547,272.7478332519531,165.31871032714844,111.74427032470703,58.171939849853516,336.5466613769531,179.69476318359375,262.0009765625,19.84000015258789,18.754871368408203,153.87936401367188,145.11196899414062,292.1400146484375,481.6500244140625,195.4471893310547,49.324974060058594,72.18357849121094
2022-04-27,153.5484161376953,397.8999938964844,138.16700744628906,32.904605865478516,529.0578002929688,172.5830535888672,134.34584045410156,112.55929565429688,113.43739318847656,274.2391357421875,163.00921630859375,110.2909164428711,58.628013610839844,353.6229553222656,173.7364044189453,274.6054992675781,18.854000091552734,18.382532119750977,155.25570678710938,144.72146606445312,293.836669921875,481.67816162109375,208.09146118164062,48.98830032348633,74.24495697021484
2022-04-28,160.48199462890625,410.5299987792969,144.59649658203125,33.41292953491211,537.4932250976562,183.51031494140625,139.1180877685547,112.637451171875,117.63369750976562,283.4773254394531,164.22662353515625,112.03492736816406,59.1913948059082,370.5035400390625,204.30287170410156,280.8204345703125,19.95199966430664,19.747114181518555,157.6086883544922,148.3994140625,292.5033264160156,491.6245422363281,214.45738220214844,49.6140022277832,76.49054718017578
2022-04-29,154.6075439453125,395.95001220703125,124.28150177001953,32.387203216552734,508.5335998535156,173.82797241210938,134.715576171875,109.06166076660156,113.2537841796875,273.14794921875,161.5411376953125,108.41973114013672,57.77845001220703,355.3931579589844,199.07936096191406,269.0788269042969,19.035999298095703,18.514299392700195,152.46755981445312,145.80210876464844,290.2533264160156,476.7470703125,207.13900756835938,48.59129333496094,74.78003692626953
2022-05-02,154.91159057617188,407.2900085449219,124.5,32.80475616455078,505.8843688964844,175.43838500976562,137.3639678955078,110.88863372802734,115.708740234375,279.12188720703125,159.9119415283203,109.40982818603516,56.73216247558594,351.14862060546875,209.66543579101562,275.81744384765625,19.945999145507812,19.498558044433594,148.960205078125,143.8314666748047,300.9800109863281,469.8098449707031,205.58396911621094,48.270511627197266,75.79756927490234
2022-05-03,156.40225219726562,407.5799865722656,124.25350189208984,33.703392028808594,505.0523681640625,176.21890258789062,139.72003173828125,110.93749237060547,116.4541015625,277.29425048828125,159.59864807128906,111.75334167480469,56.41023254394531,349.926025390625,210.55918884277344,273.20928955078125,19.98699951171875,19.56743621826172,149.16441345214844,141.8607940673828,303.0833435058594,468.37554931640625,202.69747924804688,48.438838958740234,77.35897064208984
2022-05-04,162.8160400390625,423.3500061035156,125.92849731445312,35.055885314941406,520.6893310546875,183.25343322753906,144.10531616210938,113.5167465209961,121.34416961669922,286.7052917480469,161.30841064453125,115.4503173828125,58.1540412902832,360.420166015625,221.86024475097656,281.15985107421875,20.400999069213867,20.298147201538086,154.37660217285156,142.90516662597656,317.5400085449219,475.8752136230469,208.4899444580078,49.109004974365234,80.4378890991211
2022-05-05,153.74452209472656,400.510009765625,116.40699768066406,34.0755500793457,494.7615661621094,170.2316436767578,142.9617156982422,110.01911163330078,115.6318130493164,271.9749450683594,158.22903442382812,112.561767578125,57.68902587890625,345.60321044921875,206.83518981933594,268.9140625,18.832000732421875,18.810768127441406,151.2954864501953,140.27157592773438,291.09332275390625,463.7820129394531,199.47080993652344,48.688228607177734,79.21858978271484
2022-05-06,154.47134399414062,391.010009765625,114.77249908447266,33.99386978149414,481.4103088378906,167.66285705566406,146.7709503173828,107.75249481201172,114.87850952148438,267.61041259765625,157.87994384765625,112.3801040649414,57.894710540771484,339.4905700683594,202.3564910888672,266.37371826171875,18.097000122070312,18.642066955566406,151.313232421875,141.6701202392578,288.54998779296875,468.37554931640625,197.1188507080078,47.674556732177734,80.42912292480469
2022-05-09,149.34451293945312,376.9100036621094,108.78900146484375,33.01352310180664,477.0778503417969,161.63607788085938,136.93406677246094,104.5186538696289,111.66727447509766,270.08367919921875,158.73927307128906,110.69059753417969,57.77845001220703,320.7809143066406,194.8489227294922,256.5324401855469,17.309999465942383,16.920114517211914,152.4586944580078,141.31593322753906,262.3699951171875,456.0010070800781,187.57485961914062,48.232391357421875,74.0870590209961
2022-05-10,151.7508087158203,393.0299987792969,108.85900115966797,32.45981979370117,479.5931396484375,165.14344787597656,138.24964904785156,105.20254516601562,113.53713989257812,264.7461853027344,158.52444458007812,107.99280548095703,57.24190139770508,318.1794738769531,196.27891540527344,261.3027648925781,17.766000747680664,17.563974380493164,152.27220153808594,140.57125854492188,266.67999267578125,457.4915771484375,188.1385498046875,47.55341339111328,74.57828521728516
2022-05-11,143.88381958007812,379.3299865722656,105.37200164794922,32.287357330322266,467.75299072265625,159.3340606689453,140.296142578125,102.78936767578125,112.75059509277344,257.2900695800781,157.66510009765625,107.31155395507812,57.510169982910156,318.7076110839844,187.43075561523438,252.62501525878906,16.636999130249023,16.60067367553711,151.53521728515625,138.5914764404297,244.6666717529297,455.7479553222656,191.19027709960938,47.056156158447266,76.13090515136719
2022-05-12,140.0142059326172,388.489990234375,106.93049621582031,31.833494186401367,464.9794616699219,158.49423217773438,141.62893676757812,101.91007995605469,111.9977798461914,263.4095153808594,159.22265625,107.22073364257812,57.68902587890625,314.1794128417969,189.91342163085938,247.5831756591797,17.430999755859375,16.1464786529541,151.3043670654297,138.02845764160156,242.6666717529297,448.8575134277344,188.87765502929688,47.01152038574219,76.47651672363281
2022-05-13,144.4829559326172,405.45001220703125,113.05500030517578,31.924280166625977,475.5857849121094,164.9063262939453,144.34613037109375,104.86060333251953,115.18023681640625,269.17437744140625,158.30960083007812,108.17447662353516,58.77109146118164,325.4853515625,197.24220275878906,253.1776580810547,18.763999938964844,17.674776077270508,154.25230407714844,139.5087127685547,256.5299987792969,455.0447082519531,193.99952697753906,47.1932258605957,78.7450942993164
2022-05-16,142.94097900390625,402.8599853515625,110.81050109863281,31.597501754760742,472.9653015136719,162.14984130859375,148.76580810546875,102.76005554199219,113.5867691040039,269.1379699707031,159.41067504882812,107.42056274414062,58.98570251464844,322.4827880859375,198.65235900878906,253.54608154296875,18.650999069213867,17.233552932739258,155.80621337890625,140.87094116210938,241.4566650390625,458.62591552734375,192.6168212890625,47.24422836303711,80.59720611572266
2022-05-17,146.5749053955078,409.6499938964844,115.36849975585938,32.668601989746094,469.0824279785156,161.7645263671875,149.64288330078125,106.14044952392578,115.59955596923828,273.64801025390625,160.07308959960938,110.98126983642578,58.824745178222656,331.4120178222656,201.21446228027344,258.70428466796875,19.055999755859375,18.144947052001953,154.9093780517578,140.47134399414062,253.8699951171875,461.7289123535156,198.64431762695312,41.86983871459961,81.62516784667969
2022-05-18,138.30526733398438,397.8800048828125,107.11250305175781,31.66103744506836,410.6753845214844,155.44137573242188,145.6982879638672,101.90031433105469,111.06036376953125,259.3086853027344,157.1011505126953,109.08283233642578,54.7290153503418,328.5171203613281,190.90646362304688,246.92556762695312,17.7189998626709,16.908130645751953,145.31076049804688,131.71685791015625,236.60333251953125,441.901611328125,194.73959350585938,39.02644729614258,80.33135223388672
2022-05-19,134.89727783203125,394.3800048828125,107.31900024414062,31.27071762084961,404.48748779296875,153.7321319580078,144.657958984375,100.76699829101562,109.55622863769531,261.6546325683594,155.7046661376953,107.46598815917969,53.6558952331543,324.9179992675781,189.96302795410156,246.01202392578125,18.347999572753906,17.093809127807617,143.13534545898438,128.6836700439453,236.47332763671875,448.6231384277344,192.18838500976562,37.95539474487305,80.76558685302734
2022-05-20,135.13294982910156,399.0899963378906,107.59100341796875,30.735170364379883,398.2710266113281,157.73348999023438,145.490234375,100.06356811523438,108.09129333496094,261.13629150390625,158.4259796142578,106.5848617553711,54.53227233886719,328.791015625,192.1974334716797,245.44837951660156,18.635000228881836,16.66456413269043,144.03216552734375,128.76539611816406,221.3000030517578,455.3541564941406,193.80477905273438,37.9968376159668,81.40361785888672
2022-05-23,140.55438232421875,406.760009765625,107.55699920654297,32.559669494628906,410.7519226074219,158.3954620361328,148.87130737304688,103.39511108398438,110.65193176269531,260.0815124511719,161.6602783203125,113.17945098876953,56.21348571777344,340.77178955078125,194.8687744140625,253.31057739257812,18.743999481201172,16.86820411682129,147.0423126220703,131.72593688964844,224.96665954589844,461.3070373535156,202.11087036132812,39.08064270019531,83.20254516601562
2022-05-24,137.85348510742188,398.4100036621094,104.0999984741211,32.359981536865234,418.62298583984375,155.046142578125,149.66893005371094,99.25265502929688,105.17533111572266,261.8001403808594,163.42604064941406,114.77812957763672,57.250831604003906,333.20184326171875,180.02249145507812,252.3096160888672,18.034000396728516,16.125513076782227,149.01348876953125,134.06895446777344,209.3866729736328,466.4443664550781,197.3102569580078,39.568363189697266,83.65449523925781
2022-05-25,138.0106201171875,402.5,106.7750015258789,32.532440185546875,420.9183349609375,157.73348999023438,152.07032775878906,100.88423919677734,105.01155853271484,266.93756103515625,161.82241821289062,115.57747650146484,57.29554748535156,337.18243408203125,182.55479431152344,255.12791442871094,18.783000946044922,16.945068359375,150.03460693359375,131.87124633789062,219.60000610351562,466.9411926269531,198.48855590820312,39.32608413696289,85.33821868896484
2022-05-26,141.21243286132812,408.6000061035156,111.07749938964844,33.28584671020508,444.7134094238281,160.509765625,153.0933380126953,103.18016815185547,106.98416137695312,275.33929443359375,161.67828369140625,117.5758285522461,57.50123596191406,342.1996154785156,190.30068969726562,258.4127502441406,19.139999389648438,17.819520950317383,151.04684448242188,133.02459716796875,235.91000366210938,470.8222961425781,203.0748748779297,40.1644401550293,85.63953399658203
2022-05-27,146.96775817871094,428.2200012207031,115.14649963378906,33.603538513183594,450.23187255859375,163.11807250976562,154.55844116210938,106.80480194091797,111.47423553466797,280.4767150878906,163.14675903320312,119.23809814453125,57.84105682373047,349.9162292480469,193.77642822265625,265.54608154296875,19.518999099731445,18.77783203125,152.52085876464844,135.05885314941406,253.2100067138672,475.39703369140625,207.2911834716797,40.95498275756836,86.48136901855469
2022-05-31,146.18202209472656,416.4800109863281,120.20950317382812,33.766929626464844,445.8897399902344,158.31642150878906,151.42010498046875,107.89904022216797,112.90890502929688,275.28472900390625,161.74134826660156,120.11009216308594,56.67850875854492,350.0042724609375,192.29676818847656,264.214599609375,19.743999481201172,18.639076232910156,148.9513397216797,134.29598999023438,252.75332641601562,465.713134765625,206.59983825683594,41.0027961730957,85.07235717773438
2022-06-01,146.05435180664062,418.1600036621094,121.68399810791016,33.28584671020508,437.06231689453125,173.95640563964844,152.85923767089844,106.67780303955078,113.03791046142578,271.9357604980469,160.1016845703125,118.00275421142578,56.40127944946289,349.2120666503906,187.33145141601562,264.7491455078125,19.291000366210938,18.287696838378906,147.83251953125,132.26173400878906,246.7899932861328,461.74761962890625,204.41864013671875,39.98912048339844,86.70292663574219
2022-06-02,148.50973510742188,441.2799987792969,125.51100158691406,33.50494384765625,466.3470764160156,186.13836669921875,152.58184814453125,108.31915283203125,116.74044036865234,279.8782043457031,159.59713745117188,119.90116119384766,56.99149703979492,355.0997314453125,197.4805450439453,266.8482971191406,20.509000778198242,19.557451248168945,149.0306396484375,133.6875457763672,258.3333435058594,461.47576904296875,209.4042205810547,40.645782470703125,86.5522689819336
2022-06-03,142.78384399414062,429.760009765625,122.3499984741211,33.03934860229492,455.4824523925781,182.69029235839844,153.9689483642578,106.16976928710938,113.68205261230469,279.1552429199219,158.93948364257812,118.22984313964844,56.311859130859375,349.9553527832031,189.45660400390625,262.4167175292969,19.898000717163086,18.686992645263672,147.3944549560547,132.48878479003906,234.51666259765625,455.2416076660156,207.0672149658203,39.94768142700195,87.81063079833984
2022-06-06,143.53024291992188,429.4599914550781,124.79000091552734,33.00284194946289,451.8673095703125,180.67477416992188,153.30140686035156,105.34909057617188,115.9444580078125,278.06640625,158.9214630126953,117.83924865722656,56.22243118286133,352.22442626953125,192.90252685546875,261.1824951171875,19.714000701904297,18.752872467041016,148.0113525390625,131.9711456298828,238.27999877929688,459.52587890625,207.34962463378906,39.804237365722656,87.58908081054688
2022-06-07,146.05435180664062,433.4200134277344,123.0,33.185420989990234,451.2074279785156,184.9033966064453,156.22296142578125,105.31001281738281,116.27098083496094,276.12652587890625,160.6692352294922,118.14807891845703,56.562252044677734,356.01904296875,194.29281616210938,264.8269348144531,19.861000061035156,18.89262580871582,148.92335510253906,133.4423370361328,238.8866729736328,466.0131530761719,208.86863708496094,39.32608413696289,91.60344696044922
2022-06-08,145.3177490234375,428.8399963378906,121.18000030517578,32.76546859741211,447.5826721191406,186.91888427734375,157.0292510986328,104.870361328125,116.3151626586914,272.24688720703125,159.7142791748047,116.26780700683594,56.24031448364258,354.3662109375,195.2759246826172,262.79571533203125,20.283000946044922,18.619054794311523,148.1811981201172,131.78045654296875,241.86666870117188,462.6663513183594,207.8948974609375,38.985008239746094,92.68457794189453
2022-06-09,140.09274291992188,426.4200134277344,116.1500015258789,31.505605697631836,451.46563720703125,184.86386108398438,153.8995819091797,100.9233169555664,113.9743423461914,274.37884521484375,156.4980010986328,113.8243637084961,55.26556396484375,341.3292541503906,182.7236328125,257.3340148925781,19.277000427246094,18.01998519897461,145.54359436035156,129.40110778808594,239.7066650390625,458.8227844238281,200.6989288330078,38.576995849609375,90.68183135986328
2022-06-10,134.68115234375,393.8399963378906,109.6500015258789,30.28226661682129,443.1067810058594,176.3078155517578,152.06166076660156,97.113037109375,110.32788848876953,264.6613464355469,155.45294189453125,108.59232330322266,54.916805267333984,327.3924255371094,174.3520965576172,245.86627197265625,18.29400062561035,16.947650909423828,145.3111114501953,128.91070556640625,232.22999572753906,454.322998046875,194.2721710205078,38.79375457763672,89.0246810913086
2022-06-13,129.52488708496094,371.6499938964844,103.66999816894531,29.232385635375977,432.5289611816406,164.03692626953125,145.0654296875,93.50794982910156,105.59465026855469,259.0979919433594,153.88534545898438,105.35861206054688,54.854209899902344,312.7122802734375,163.12054443359375,235.43841552734375,16.9689998626709,15.622710227966309,142.8255157470703,125.45978546142578,215.73666381835938,440.32659912109375,187.2125244140625,38.06377410888672,84.9394302368164
2022-06-14,130.3892059326172,370.82000732421875,102.30999755859375,28.72113609313965,434.9677429199219,162.47589111328125,145.25616455078125,92.0522232055664,105.91522979736328,254.9895477294922,151.5249786376953,103.60551452636719,53.349998474121094,315.0595703125,162.59423828125,237.60562133789062,16.753999710083008,15.811417579650879,139.5888214111328,121.54566955566406,220.88999938964844,432.873779296875,188.43948364257812,38.079708099365234,85.1609878540039
2022-06-15,133.0115203857422,376.9200134277344,107.66999816894531,29.259769439697266,438.78387451171875,166.52664184570312,142.4038848876953,93.67402648925781,108.94136810302734,255.95944213867188,153.14662170410156,104.83177947998047,53.746315002441406,318.2381591796875,168.1752471923828,244.6708984375,18.01099967956543,16.5013484954834,141.0819549560547,120.33785247802734,233.0,435.2923889160156,191.01016235351562,38.05421829223633,84.08871459960938
2022-06-16,127.73741912841797,365.0799865722656,103.66000366210938,29.077180862426758,432.06036376953125,157.93109130859375,134.79217529296875,92.11084747314453,105.23834228515625,250.22222900390625,153.22769165039062,103.03326416015625,53.20587921142578,301.99322509765625,159.75405883789062,238.07212829589844,17.334999084472656,15.576783180236816,140.40243530273438,121.0734634399414,213.10000610351562,429.0925598144531,184.08680725097656,38.449485778808594,80.98712158203125
2022-06-17,129.21060180664062,360.7900085449219,106.22000122070312,29.141088485717773,427.21142578125,161.30014038085938,128.6368865966797,92.1694564819336,106.34002685546875,247.72425842285156,152.6691131591797,102.66992950439453,53.53014373779297,303.8612060546875,162.6041717529297,240.67662048339844,17.551000595092773,15.855347633361816,140.42929077148438,120.20162200927734,216.75999450683594,425.30108642578125,185.02162170410156,37.706756591796875,76.31700134277344
2022-06-21,133.4436798095703,362.989990234375,108.68000030517578,29.99011993408203,442.9154968261719,164.82730102539062,134.02059936523438,91.14361572265625,110.70751953125,246.32424926757812,155.86737060546875,105.21329498291016,54.6740608215332,310.4237365722656,155.96055603027344,246.5951690673828,17.090999603271484,16.540283203125,143.6927947998047,123.84324645996094,237.0366668701172,451.8882751464844,189.28660583496094,38.943565368652344,81.06688690185547
2022-06-22,132.93299865722656,365.3299865722656,108.94999694824219,29.76188850402832,439.90277099609375,165.43988037109375,128.19476318359375,91.34879302978516,110.65145874023438,246.12295532226562,158.3268585205078,104.62285614013672,55.07939147949219,309.20123291015625,154.7689208984375,246.0023193359375,17.888999938964844,16.334609985351562,144.87301635742188,125.7776107788086,236.086669921875,460.6942443847656,188.73159790039062,38.471797943115234,77.85894775390625
2022-06-23,135.8008270263672,376.6400146484375,112.44000244140625,29.287158966064453,454.2869567871094,170.97264099121094,123.47856140136719,92.13038635253906,111.40028381347656,252.01568603515625,161.8584747314453,103.47835540771484,55.7369270324707,309.7978820800781,157.64877319335938,251.57095336914062,18.17099952697754,16.199819564819336,146.72381591796875,129.2285614013672,235.07000732421875,470.2245788574219,191.47755432128906,39.40578079223633,75.51057434082031
2022-06-24,139.1302947998047,387.7200012207031,116.45999908447266,29.49713897705078,463.24835205078125,183.68812561035156,125.50723266601562,95.53031921386719,117.09029388427734,258.9515686035156,164.22787475585938,106.56671905517578,56.781761169433594,323.23583984375,168.97959899902344,260.1620788574219,19.084999084472656,17.099411010742188,148.53887939453125,131.09024047851562,245.7066650390625,466.3014221191406,200.11468505859375,39.437652587890625,77.00820922851562
2022-06-27,139.1302947998047,381.07000732421875,113.22000122070312,29.533647537231445,460.74261474609375,179.1334686279297,127.93466186523438,94.38724517822266,114.96485900878906,258.6679382324219,164.07469177246094,105.71287536621094,56.66466522216797,321.6025085449219,168.31430053710938,257.4311828613281,18.913999557495117,16.842811584472656,148.735595703125,130.09132385253906,244.9199981689453,475.7283020019531,198.2158660888672,39.56516647338867,78.895751953125
2022-06-28,134.98562622070312,365.6300048828125,107.4000015258789,29.451488494873047,448.1756286621094,169.4017333984375,129.98931884765625,93.71310424804688,111.16754913330078,247.1935272216797,159.407958984375,105.2042236328125,56.097206115722656,311.294189453125,159.5653839111328,249.25799560546875,17.959999084472656,15.957191467285156,146.6433563232422,127.9753646850586,232.663330078125,478.3437194824219,192.91868591308594,39.00733184814453,81.08460998535156
2022-06-29,136.74363708496094,368.5,108.91999816894531,29.086313247680664,449.35198974609375,168.5619354248047,127.42314910888672,93.44932556152344,110.86383056640625,250.59739685058594,159.45301818847656,104.73189544677734,56.502540588378906,315.4997253417969,162.80276489257812,252.9315948486328,17.836000442504883,15.517875671386719,149.07534790039062,129.13772583007812,228.49000549316406,485.1834411621094,194.262451171875,38.86387634277344,78.0893325805664
2022-06-30,134.27850341796875,366.05999755859375,106.20999908447266,28.419864654541016,458.38037109375,163.05877685546875,125.515869140625,92.22808074951172,108.14588165283203,250.96340942382812,159.9214630126953,102.28841400146484,56.66466522216797,308.54595947265625,160.13140869140625,249.59812927246094,17.48699951171875,15.135469436645508,149.0127410888672,130.58169555664062,224.47332763671875,483.2265319824219,191.72097778320312,38.7555046081543,75.89163208007812
2022-07-01,136.44903564453125,368.4800109863281,109.55999755859375,28.812429428100586,464.5777282714844,166.18087768554688,127.01569366455078,93.92804718017578,107.92207336425781,255.36468505859375,161.73233032226562,103.5964584350586,57.98872756958008,311.24530029296875,158.9198760986328,252.27069091796875,17.9950008392334,14.500457763671875,151.4536590576172,132.68861389160156,227.26333618164062,486.7734069824219,193.95086669921875,39.09020233154297,77.584228515625
2022-07-05,139.0320587158203,376.489990234375,113.5,28.52028465270996,466.96881103515625,170.13282775878906,123.677978515625,94.94412231445312,112.41363525390625,259.6195068359375,160.48907470703125,103.20240020751953,56.99793243408203,312.242919921875,167.02330017089844,255.44866943359375,18.58799934387207,14.94077205657959,151.11390686035156,131.4081268310547,233.06666564941406,475.3331604003906,195.275146484375,39.606597900390625,75.1561279296875
2022-07-06,140.36776733398438,382.8299865722656,114.33000183105469,28.28292465209961,471.1673583984375,170.65646362304688,122.04810333251953,93.86943817138672,113.71281433105469,259.48223876953125,160.6332244873047,102.53343963623047,57.115028381347656,313.1329040527344,168.59234619140625,258.7139892578125,18.4060001373291,15.106514930725098,152.6249542236328,132.63409423828125,231.73333740234375,484.7882080078125,195.8399200439453,39.88711929321289,73.80027770996094
2022-07-07,143.7365264892578,390.8900146484375,116.33000183105469,29.086313247680664,473.3670349121094,174.51954650878906,124.4235610961914,95.18836212158203,117.89224243164062,262.3280334472656,160.81338500976562,105.12678527832031,56.66466522216797,317.4329528808594,170.99554443359375,260.8423767089844,18.927000045776367,15.83338451385498,152.32098388671875,132.58865356445312,244.5433349609375,483.9320983886719,197.47584533691406,39.94768142700195,76.15750122070312
2022-07-08,144.41421508789062,389.44000244140625,115.54000091552734,29.022409439086914,479.669677734375,173.39324951171875,123.77336120605469,93.65448760986328,118.45846557617188,262.1267395019531,160.61517333984375,104.79689025878906,56.8718376159668,316.4437255859375,169.69464111328125,260.1231994628906,18.697999954223633,15.813414573669434,153.68003845214844,131.69869995117188,250.76333618164062,487.9305419921875,198.22564697265625,39.973182678222656,76.28155517578125
2022-07-11,142.28294372558594,384.1600036621094,111.75,28.72113609313965,477.144775390625,172.26693725585938,122.68098449707031,91.4855728149414,114.80903625488281,262.05352783203125,160.6782684326172,103.42233276367188,56.691688537597656,317.550537109375,161.75010681152344,257.0618896484375,17.733999252319336,15.128479957580566,152.4193115234375,132.625,234.3433380126953,486.3500061035156,199.676513671875,39.98912048339844,75.89163208007812
2022-07-12,143.25526428222656,375.5400085449219,109.22000122070312,28.62984275817871,469.17803955078125,164.33331298828125,120.43562316894531,91.44648742675781,113.16545104980469,260.89141845703125,158.4259796142578,103.52313995361328,56.4484977722168,316.2477111816406,162.13743591308594,246.52713012695312,17.44499969482422,15.058589935302734,151.55206298828125,131.45352172851562,233.07000732421875,483.9697570800781,199.4427947998047,39.867984771728516,74.88139343261719
2022-07-13,142.8918914794922,371.94000244140625,110.4000015258789,28.155113220214844,470.756103515625,161.52740478515625,119.62937927246094,90.80168151855469,110.51846313476562,262.7764587402344,158.0565948486328,102.55177307128906,56.18728256225586,316.747314453125,162.35589599609375,245.60386657714844,17.6560001373291,15.140460014343262,152.08848571777344,132.31625366210938,237.0399932861328,471.5699462890625,198.79037475585938,39.963619232177734,75.18269348144531
2022-07-14,145.81866455078125,372.9599914550781,110.62999725341797,27.50692367553711,489.6161193847656,159.10679626464844,117.85214233398438,89.72697448730469,109.53984832763672,264.88092041015625,158.27279663085938,98.9687271118164,56.00713348388672,318.3733215332031,156.95364379882812,246.92556762695312,17.47800064086914,15.348137855529785,152.87533569335938,131.92575073242188,238.31333923339844,472.68951416015625,200.5041961669922,40.74459457397461,73.67620849609375
2022-07-15,147.48829650878906,379.8599853515625,113.55000305175781,29.442358016967773,500.14599609375,165.37071228027344,119.33457946777344,93.00967407226562,110.93927001953125,267.5619812011719,160.57015991210938,103.50479125976562,56.29536819458008,325.7589111328125,163.5574951171875,249.4912109375,18.910999298095703,15.737532615661621,153.00050354003906,131.74407958984375,240.06666564941406,498.3923645019531,204.5257568359375,41.1430549621582,74.91686248779297
2022-07-18,144.4436798095703,375.2300109863281,113.76000213623047,29.451488494873047,493.7860412597656,165.8745880126953,121.0077896118164,93.4981689453125,108.21237182617188,268.14752197265625,156.96646118164062,102.44180297851562,55.52975845336914,324.2308349609375,166.06996154785156,247.09078979492188,19.091999053955078,16.076007843017578,150.44334411621094,130.14576721191406,240.54666137695312,488.6267395019531,201.7700653076172,41.04741668701172,76.29928588867188
2022-07-19,148.30348205566406,387.8299865722656,118.20999908447266,30.446590423583984,497.5445861816406,171.72349548339844,125.36849975585938,97.3182144165039,112.95653533935547,274.35137939453125,154.67816162109375,104.98016357421875,56.322391510009766,333.408935546875,174.56063842773438,252.22210693359375,20.163000106811523,16.965620040893555,152.05274963378906,130.8087158203125,245.52999877929688,501.8733215332031,208.0507354736328,41.299251556396484,78.22227478027344
2022-07-20,150.30702209472656,401.489990234375,122.7699966430664,30.455724716186523,501.341552734375,180.25978088378906,127.02437591552734,100.97216033935547,113.04586029052734,276.61151123046875,153.79527282714844,104.96184539794922,55.39464569091797,334.28070068359375,181.8199462890625,254.88499450683594,21.643999099731445,17.779359817504883,150.44334411621094,128.5474395751953,247.5,488.72088623046875,207.768310546875,41.64350891113281,79.08184814453125
2022-07-21,152.5758056640625,408.9100036621094,124.62999725341797,30.720478057861328,506.37213134765625,183.125,126.05340576171875,101.78306579589844,113.48255157470703,279.08209228515625,154.3358154296875,105.6766128540039,55.26853942871094,339.8149719238281,181.8993682861328,257.38262939453125,22.38800048828125,18.02198028564453,150.6668701171875,128.66900634765625,271.7066650390625,491.5339050292969,210.51429748535156,42.25235366821289,77.76145935058594
2022-07-22,151.33828735351562,401.8999938964844,122.41999816894531,30.519630432128906,506.6207275390625,180.27955627441406,125.00440216064453,100.3566665649414,107.09085083007812,280.5369567871094,155.06552124023438,105.1634521484375,55.475704193115234,336.8372802734375,168.09580993652344,253.0287322998047,22.04400062561035,17.292118072509766,151.65036010742188,130.72557067871094,272.24334716796875,490.5459899902344,208.08969116210938,42.143978118896484,77.167724609375
2022-07-25,150.21865844726562,391.9599914550781,121.13999938964844,30.79351234436035,506.06610107421875,175.16172790527344,128.7235870361328,100.32735443115234,106.70378875732422,280.1343078613281,155.37188720703125,105.5849838256836,56.01613998413086,337.1604919433594,165.49395751953125,251.54185485839844,21.85099983215332,16.99757194519043,151.86497497558594,131.61221313476562,268.4333190917969,498.12890625,208.64471435546875,42.08340835571289,79.73763275146484
2022-07-26,148.89276123046875,379.260009765625,114.80999755859375,30.172710418701172,489.6065979003906,168.4137420654297,127.7179183959961,97.48429870605469,104.23245239257812,272.8415832519531,156.4709930419922,103.93549346923828,56.93489074707031,334.2904968261719,158.04598999023438,244.8069610595703,21.391000747680664,16.507339477539062,153.6353302001953,131.8681640625,258.8599853515625,500.12353515625,206.91143798828125,38.88301086425781,79.42745208740234
2022-07-27,153.99005126953125,392.7799987792969,120.97000122070312,30.665700912475586,499.533935546875,178.13560485839844,129.39979553222656,101.11871337890625,112.21216583251953,273.5095520019531,156.03855895996094,105.60330963134766,56.754737854003906,336.23974609375,168.40365600585938,261.1727600097656,22.674999237060547,17.76238441467285,153.42074584960938,133.120361328125,274.82000732421875,502.9647521972656,204.94447326660156,40.35251998901367,81.14664459228516
2022-07-28,154.5400848388672,403.5,122.27999877929688,30.419208526611328,513.684326171875,179.11370849609375,130.3794708251953,102.48650360107422,113.36346435546875,274.16845703125,156.93948364257812,105.20927429199219,57.70049285888672,345.2317199707031,159.60508728027344,268.6268310546875,22.601999282836914,17.956083297729492,156.32655334472656,135.33230590820312,280.8999938964844,509.4374694824219,205.80137634277344,41.35981369018555,82.09483337402344
2022-07-29,159.60792541503906,410.1199951171875,134.9499969482422,30.866544723510742,518.5895385742188,181.8109588623047,141.98782348632812,103.65888214111328,115.44770050048828,275.3670959472656,157.2277374267578,105.7132568359375,57.79957580566406,346.5443115234375,157.99635314941406,272.8349304199219,22.489999771118164,18.134807586669922,156.43389892578125,126.96892547607422,297.1499938964844,510.2371520996094,206.54141235351562,42.09297180175781,85.8965072631836
2022-08-01,158.6257781982422,411.0899963378906,135.38999938964844,30.775251388549805,523.8683471679688,180.78343200683594,139.15289306640625,103.77613830566406,113.99864196777344,279.8323974609375,156.67820739746094,104.65943908691406,58.114830017089844,343.3608093261719,158.82058715820312,270.1817626953125,22.621000289916992,18.412376403808594,158.2131805419922,130.6158905029297,297.27667236328125,503.68914794921875,205.81109619140625,42.249168395996094,83.72537994384766
2022-08-02,157.15255737304688,409.9599914550781,134.16000366210938,30.16358757019043,520.6588134765625,181.5836944580078,137.96517944335938,102.3008804321289,114.26663970947266,275.1566162109375,155.7863006591797,103.02828216552734,57.32219696044922,341.8621826171875,159.0787811279297,267.08160400390625,22.142000198364258,18.497243881225586,156.9077606201172,129.74757385253906,300.586669921875,503.7644348144531,200.84500122070312,42.293800354003906,83.36204528808594
2022-08-03,163.16329956054688,424.5400085449219,139.52000427246094,30.711355209350586,524.0597534179688,187.3733673095703,134.68814086914062,106.51170349121094,117.19451141357422,280.335693359375,157.29083251953125,104.10960388183594,57.57440185546875,346.8773193359375,167.62905883789062,274.5161437988281,22.67300033569336,18.86366844177246,158.10589599609375,132.4257354736328,307.39666748046875,508.6470947265625,203.00669860839844,41.59889602661133,80.65922546386719
2022-08-04,162.84898376464844,430.5899963378906,142.57000732421875,30.492244720458984,520.4863891601562,188.97390747070312,131.0296630859375,105.6324234008789,117.30369567871094,281.0677185058594,154.7682342529297,102.9641342163086,57.349220275878906,348.7776184082031,169.3867950439453,275.6629943847656,22.990999221801758,19.185171127319336,157.24752807617188,132.21548461914062,308.6333312988281,502.1556396484375,207.86569213867188,40.027374267578125,77.26520538330078
2022-08-05,162.622802734375,433.42999267578125,140.8000030517578,31.003482818603516,517.9859008789062,187.8871307373047,133.19700622558594,104.17669677734375,116.58909606933594,283.37353515625,154.1556396484375,106.07981872558594,57.088008880615234,350.1880798339844,165.95079040527344,274.9437561035156,22.67799949645996,18.959524154663086,156.06732177734375,132.27944946289062,288.1700134277344,503.3879089355469,210.2026824951172,40.34932327270508,78.38179016113281
2022-08-08,162.15072631835938,434.3399963378906,139.41000366210938,30.57440948486328,519.1641845703125,187.47213745117188,132.9976348876953,106.59963989257812,116.42036437988281,285.45977783203125,153.3357696533203,104.78773498535156,56.71870803833008,344.9476623535156,169.06898498535156,272.4267272949219,23.349000930786133,17.765380859375,155.44143676757812,132.7821807861328,290.42333984375,504.8368835449219,207.71966552734375,40.67765426635742,78.82486724853516
2022-08-09,162.1999053955078,426.57000732421875,137.8300018310547,30.96697425842285,513.3394775390625,180.0523223876953,134.73147583007812,105.64218139648438,115.75538635253906,279.2742004394531,153.31776428222656,105.73161315917969,56.79076385498047,339.44281005859375,167.36093139648438,274.35089111328125,22.993999481201172,17.059478759765625,156.02261352539062,132.47142028808594,283.3333435058594,505.4577941894531,204.73995971679688,41.07930374145508,80.2781753540039
2022-08-10,166.44863891601562,438.3999938964844,142.69000244140625,32.016845703125,517.1715087890625,186.34584045410156,135.08694458007812,109.84325408935547,118.80236053466797,285.10296630859375,153.75924682617188,108.4898910522461,57.331199645996094,346.14263916015625,177.10284423828125,281.01776123046875,24.410999298095703,18.06890869140625,157.3101348876953,133.7236328125,294.3566589355469,505.8905334472656,206.53167724609375,41.16535949707031,81.04027557373047
2022-08-11,165.7110137939453,434.8900146484375,140.63999938964844,32.78372573852539,509.8711853027344,184.48841857910156,138.38131713867188,114.98224639892578,117.94881439208984,284.2885437011719,150.57899475097656,110.09355926513672,56.94388961791992,343.3999938964844,176.25877380371094,278.9380187988281,24.270000457763672,17.91415023803711,156.5054168701172,132.7730255126953,286.6300048828125,501.31817626953125,205.90252685546875,41.56235122680664,83.38461303710938
2022-08-12,169.261474609375,445.6700134277344,143.5500030517578,33.139774322509766,514.6710205078125,187.61048889160156,138.58071899414062,118.77296447753906,120.76752471923828,288.13165283203125,148.9213104248047,111.91714477539062,57.37624740600586,347.0144348144531,179.2478790283203,283.69036865234375,24.93000030517578,18.67995834350586,158.55291748046875,134.06182861328125,300.0299987792969,511.5166320800781,206.1463623046875,42.33072280883789,84.109375
2022-08-15,170.33346557617188,451.0199890136719,143.17999267578125,33.0941276550293,522.8526611328125,188.76644897460938,135.94520568847656,121.40108489990234,121.16452026367188,287.87542724609375,149.633056640625,112.21955871582031,58.09681701660156,352.578125,179.63519287109375,285.2064514160156,24.910999298095703,19.002458572387695,160.2964630126953,135.78936767578125,309.32000732421875,512.40087890625,211.1115264892578,42.452388763427734,82.60616302490234
2022-08-16,170.17611694335938,447.55999755859375,144.77999877929688,33.450172424316406,529.8177490234375,187.31411743164062,135.5984344482422,122.08497619628906,120.78736114501953,299.5602722167969,150.9663848876953,113.29170989990234,58.57419967651367,351.8924865722656,178.2250518798828,284.4678649902344,24.569000244140625,18.849695205688477,161.22633361816406,137.04156494140625,306.5633239746094,513.7932739257812,211.81387329101562,44.61982345581055,81.83665466308594
2022-08-17,171.6710662841797,437.82000732421875,142.10000610351562,33.24019241333008,532.979248046875,185.70367431640625,136.71678161621094,119.98443603515625,118.65348052978516,298.0779724121094,150.9753875732422,112.33866882324219,58.4390983581543,348.0527648925781,173.63710021972656,283.71795654296875,24.114999771118164,18.306541442871094,161.13693237304688,136.410888671875,303.9966735839844,512.73974609375,209.2581024169922,44.667842864990234,82.49877166748047
2022-08-18,171.27760314941406,439.0299987792969,142.3000030517578,33.12151336669922,537.4246215820312,185.6740264892578,139.1138153076172,119.84766387939453,119.26882934570312,297.57476806640625,150.2456512451172,111.4681167602539,58.74534225463867,350.04119873046875,173.44839477539062,282.5978698730469,24.517000198364258,18.743860244750977,161.29786682128906,136.89532470703125,302.8699951171875,512.946533203125,209.97021484375,44.52378463745117,84.44940948486328
2022-08-19,168.69102478027344,425.05999755859375,138.22999572753906,32.39116668701172,531.264404296875,181.56394958496094,137.95025634765625,117.37586975097656,116.3310317993164,294.0152587890625,152.5339813232422,108.7098159790039,58.70030212402344,347.02423095703125,166.79489135742188,278.6828308105469,24.115999221801758,17.821292877197266,161.0922393798828,136.85877990722656,296.6666564941406,515.8630981445312,207.59983825683594,43.86745834350586,84.18097686767578
2022-08-22,164.80618286132812,411.3500061035156,133.22000122070312,31.69733428955078,522.5845336914062,174.85546875,137.25917053222656,113.27250671386719,113.38330841064453,285.679443359375,151.99888610839844,106.91372680664062,57.826595306396484,338.4338684082031,161.9189453125,270.50201416015625,22.65399932861328,17.007558822631836,159.55433654785156,136.49319458007812,289.913330078125,512.3350830078125,203.49305725097656,43.08308029174805,84.11833953857422
2022-08-23,164.47178649902344,410.4100036621094,133.6199951171875,31.41431427001953,519.3272705078125,173.88723754882812,141.71200561523438,112.21735382080078,113.00614929199219,280.8206787109375,150.67469787597656,105.85989379882812,57.889644622802734,333.9085388183594,159.99240112304688,269.22625732421875,22.454999923706055,17.154329299926758,159.48281860351562,133.86073303222656,296.4533386230469,504.08428955078125,201.72747802734375,42.90060043334961,87.68850708007812
2022-08-24,164.7667999267578,405.6499938964844,133.8000030517578,31.514741897583008,520.4287109375,177.84909057617188,142.7617645263672,113.73169708251953,112.83743286132812,281.9277648925781,150.17587280273438,106.11648559570312,57.97072982788086,332.7526550292969,162.1274871826172,268.5931396484375,22.961000442504883,17.195268630981445,160.278564453125,133.28489685058594,297.0966796875,504.7051696777344,201.60064697265625,43.21114730834961,88.20747375488281
2022-08-25,167.22560119628906,403.92999267578125,137.27999877929688,32.08075714111328,527.662109375,171.82232666015625,144.01278686523438,114.75753021240234,115.7752456665039,283.45587158203125,151.58168029785156,108.63652038574219,58.24995040893555,337.61114501953125,167.60919189453125,271.5733337402344,23.398000717163086,17.88519287109375,160.2875213623047,133.1752166748047,296.07000732421875,509.5126037597656,204.6734161376953,43.499290466308594,88.66382598876953
2022-08-26,160.92132568359375,381.0199890136719,130.75,31.067398071289062,509.50714111328125,163.2465362548828,142.9542236328125,111.4455337524414,109.51255798339844,272.7684631347656,148.98773193359375,105.08097076416016,56.844818115234375,325.1613464355469,160.6577606201172,261.0941467285156,22.327999114990234,16.234760284423828,156.5054168701172,130.058349609375,288.0899963378906,497.921875,197.9134063720703,42.13222885131836,87.57218933105469
2022-08-29,158.71829223632812,375.260009765625,129.7899932861328,30.948715209960938,508.7789611816406,158.2867889404297,144.0215301513672,110.9179458618164,108.59944915771484,271.1397399902344,147.8358917236328,104.82437896728516,56.502540588378906,322.6048889160156,158.06585693359375,258.3087463378906,22.457000732421875,15.776472091674805,156.01365661621094,129.50991821289062,284.82000732421875,498.4111328125,197.36712646484375,42.542022705078125,89.58544158935547
2022-08-30,156.2890167236328,375.07000732421875,128.72999572753906,31.122173309326172,502.1494445800781,157.7532501220703,140.5135040283203,109.84325408935547,108.12305450439453,268.1932678222656,147.31890869140625,104.84272003173828,55.98011779785156,321.0963134765625,156.06979370117188,256.10772705078125,22.065000534057617,15.443990707397461,154.67251586914062,128.12973022460938,277.70001220703125,491.89141845703125,196.4404296875,42.413970947265625,86.17631530761719
2022-08-31,154.6269073486328,373.44000244140625,126.7699966430664,30.6839542388916,500.19500732421875,154.2458953857422,138.27395629882812,109.50130462646484,107.408447265625,265.6329650878906,146.33029174804688,104.2195816040039,55.58379364013672,317.7268371582031,161.79977416992188,254.64682006835938,22.356000900268555,15.070571899414062,154.0287322998047,126.08232116699219,275.6099853515625,488.58917236328125,193.8358917236328,42.43637466430664,85.5320816040039
2022-09-01,155.35467529296875,370.5299987792969,127.81999969482422,30.75748062133789,506.9683532714844,151.68695068359375,136.0694122314453,109.94094848632812,108.91705322265625,270.1918640136719,149.9581756591797,104.93435668945312,55.845008850097656,318.58880615234375,164.21292114257812,253.6047821044922,23.003999710083008,13.915365219116211,155.58595275878906,127.63615417480469,277.1600036621094,492.9826965332031,195.2210693359375,43.05427551269531,83.99307250976562
2022-09-02,153.24014282226562,368.1400146484375,127.51000213623047,30.720720291137695,497.3304748535156,151.8450469970703,138.09024047851562,108.64155578613281,107.0412368774414,268.8379821777344,147.60008239746094,104.20124053955078,55.07939147949219,315.953857421875,159.20790100097656,249.3780517578125,22.611000061035156,13.625815391540527,153.61465454101562,125.3693618774414,270.2099914550781,485.7855224609375,192.90919494628906,42.5804443359375,85.5320816040039
2022-09-06,151.9812469482422,368.29998779296875,126.11000061035156,30.380708694458008,497.12921142578125,149.89869689941406,137.4516143798828,107.55709075927734,106.00902557373047,266.66448974609375,147.9991455078125,104.22872924804688,55.106407165527344,317.44281005859375,157.44024658203125,246.641357421875,21.839000701904297,13.444098472595215,152.5795440673828,123.97085571289062,274.4200134277344,487.03680419921875,193.76763916015625,42.369140625,84.95941925048828
2022-09-07,153.3876495361328,379.7200012207031,129.47999572753906,30.849374771118164,507.4185791015625,151.43997192382812,135.69322204589844,110.09728240966797,108.62922668457031,273.96795654296875,148.80636596679688,106.20811462402344,56.124237060546875,321.8898010253906,159.2773895263672,251.3550567626953,22.895999908447266,13.696781158447266,155.9459991455078,125.84466552734375,283.70001220703125,490.7999572753906,195.50396728515625,43.45766830444336,84.23464965820312
2022-09-08,151.9124298095703,383.6300048828125,129.82000732421875,31.841848373413086,506.9204406738281,155.01649475097656,136.42808532714844,109.74555969238281,107.56725311279297,276.2059631347656,150.0035858154297,108.68233489990234,55.95309066772461,323.3101501464844,160.93580627441406,251.7738494873047,22.743999481201172,13.972434043884277,155.4239044189453,126.00917053222656,289.260009765625,496.284912109375,195.78688049316406,43.67856979370117,84.92363739013672
2022-09-09,154.7744140625,394.7799987792969,133.27000427246094,32.108341217041016,514.0675048828125,160.63819885253906,139.9448699951172,112.52999114990234,109.82022857666016,276.08624267578125,150.29379272460938,109.20466613769531,56.13323211669922,328.9716796875,167.97662353515625,257.5588073730469,23.35700035095215,14.368936538696289,155.91900634765625,127.92866516113281,299.67999267578125,494.8504638671875,200.16673278808594,43.80982971191406,86.34635162353516
2022-09-12,160.73443603515625,396.3599853515625,136.4499969482422,32.411598205566406,516.8842163085938,163.64170837402344,142.15814208984375,113.71214294433594,110.02865600585938,274.0324401855469,150.2303009033203,110.49677276611328,56.29536819458008,331.4890441894531,167.78794860839844,259.691650390625,23.652999877929688,14.486787796020508,156.53103637695312,128.9706268310547,304.4200134277344,501.3717346191406,201.56167602539062,44.2036247253418,87.33954620361328
2022-09-13,151.3026123046875,368.3900146484375,126.81999969482422,31.24452018737793,488.8900146484375,156.20211791992188,139.45497131347656,109.18867492675781,103.5376968383789,255.9717254638672,146.32127380371094,106.65713500976562,54.466896057128906,318.77490234375,152.06777954101562,245.4142608642578,21.812999725341797,13.114513397216797,150.6892852783203,126.3016357421875,292.1300048828125,485.0542907714844,194.77235412597656,43.29117965698242,85.29945373535156
2022-09-14,152.74839782714844,371.5199890136719,128.5500030517578,31.12506103515625,486.6865234375,158.35595703125,142.83180236816406,109.91165161132812,104.21259307861328,254.50733947753906,149.34149169921875,106.40972900390625,54.755130767822266,319.1764831542969,150.41928100585938,245.63824462890625,22.41200065612793,13.111517906188965,151.83241271972656,126.60327911376953,302.6099853515625,481.0998229980469,194.5187225341797,43.19514083862305,87.39322662353516
2022-09-15,149.85687255859375,309.1300048828125,126.27999877929688,31.713191986083984,482.3753967285156,152.92193603515625,140.5135040283203,108.22144317626953,102.13827514648438,250.08660888671875,149.72239685058594,108.01337432861328,54.011146545410156,310.46856689453125,148.51258850097656,238.97674560546875,23.538000106811523,12.91276741027832,149.31210327148438,125.62527465820312,303.75,493.5008239746094,190.5778045654297,42.730918884277344,84.85206604003906
2022-09-16,148.21444702148438,299.5,123.52999877929688,31.354801177978516,482.9884948730469,149.69122314453125,136.86549377441406,105.75942993164062,102.02909851074219,254.16656494140625,152.0079803466797,107.2894515991211,54.02021789550781,308.67608642578125,145.27520751953125,238.3534393310547,24.01300048828125,13.181428909301758,150.293212890625,126.39303588867188,303.3500061035156,491.7171936035156,188.55860900878906,42.64126968383789,83.40250396728516
2022-09-19,151.9320831298828,296.05999755859375,124.66000366210938,31.878597259521484,485.3165588378906,150.995361328125,137.25917053222656,106.65826416015625,102.29706573486328,258.2649841308594,150.81076049804688,108.27913665771484,54.42850112915039,307.5986022949219,146.9932098388672,238.13922119140625,24.363000869750977,13.365198135375977,151.87741088867188,126.12799072265625,309.07000732421875,494.10491943359375,188.39276123046875,43.00625228881836,83.39356231689453
2022-09-20,154.3121795654297,291.05999755859375,122.19000244140625,31.400739669799805,478.5622863769531,148.0017547607422,136.716796875,105.0950698852539,100.38155364990234,252.5088348388672,149.6226043701172,106.14398193359375,54.34684753417969,306.85418701171875,145.0765838623047,236.1231689453125,24.28499984741211,13.159457206726074,152.0484619140625,125.68009948730469,308.7300109863281,493.39703369140625,187.35879516601562,42.75653076171875,82.71351623535156
2022-09-21,151.1846160888672,286.29998779296875,118.54000091552734,30.463411331176758,472.3829345703125,145.85780334472656,135.60577392578125,102.0859375,98.53549194335938,250.11422729492188,148.08982849121094,103.0832748413086,53.89320755004883,298.2637634277344,141.13412475585938,232.7145538330078,23.687000274658203,13.244349479675293,151.61639404296875,124.06226348876953,300.79998779296875,483.2799377441406,182.43263244628906,43.147117614746094,81.38031005859375
2022-09-22,150.2208251953125,287.05999755859375,117.30999755859375,29.866086959838867,466.73052978515625,148.3475341796875,135.50079345703125,99.8095474243164,99.3890380859375,247.87623596191406,150.72003173828125,101.91029357910156,53.76617431640625,292.24945068359375,141.82928466796875,234.69155883789062,23.704999923706055,12.545228958129883,151.76040649414062,124.50101470947266,288.5899963378906,488.3573913574219,181.2328338623047,42.70530319213867,81.040283203125
2022-09-23,147.9488983154297,284.55999755859375,113.77999877929688,29.158493041992188,446.8319396972656,145.24522399902344,126.64761352539062,97.21074676513672,97.99954223632812,249.53395080566406,151.20980834960938,100.0134048461914,53.167362213134766,287.56744384765625,139.4359893798828,231.71141052246094,22.641000747680664,12.500286102294922,151.68841552734375,123.9251480102539,275.3299865722656,484.723876953125,179.44772338867188,41.639190673828125,76.72745513916016
2022-09-26,148.28329467773438,276.9599914550781,115.1500015258789,28.515220642089844,460.14874267578125,144.5635223388672,123.31455993652344,95.86249542236328,97.4338150024414,245.51844787597656,150.28469848632812,97.85992431640625,52.505043029785156,284.16851806640625,135.4240264892578,231.25367736816406,22.406999588012695,12.212647438049316,151.62538146972656,124.04398345947266,276.010009765625,479.7691955566406,176.16038513183594,42.039390563964844,75.14368438720703
2022-09-27,149.25694274902344,277.57000732421875,114.41000366210938,28.092498779296875,458.2326354980469,147.10267639160156,123.36702728271484,93.64472198486328,96.76883697509766,247.46176147460938,149.59539794921875,96.99851989746094,51.15317916870117,280.61279296875,133.46768188476562,230.2407989501953,22.43600082397461,12.397415161132812,149.42909240722656,120.63462829589844,282.94000244140625,479.77862548828125,173.50709533691406,41.924129486083984,76.71849822998047
2022-09-28,147.3686065673828,281.3999938964844,118.01000213623047,28.551979064941406,467.80352783203125,148.36727905273438,127.53118133544922,97.113037109375,99.29972839355469,259.89520263671875,150.88328552246094,98.95957946777344,51.697547912597656,284.2370300292969,140.62767028808594,234.77920532226562,24.520000457763672,12.720009803771973,151.82342529296875,120.63462829589844,287.80999755859375,485.03533935546875,174.7849578857422,42.61566162109375,79.51020812988281
2022-09-29,140.12997436523438,278.25,114.80000305175781,28.175209045410156,458.8841247558594,145.04763793945312,126.64761352539062,95.2079086303711,96.68943786621094,256.340087890625,149.2235565185547,97.2825927734375,51.325557708740234,280.8968811035156,135.4637451171875,231.30238342285156,23.97100067138672,12.204655647277832,149.96917724609375,117.63658905029297,268.2099914550781,480.21270751953125,175.6433868408203,42.340328216552734,79.34915924072266
2022-09-30,135.92059326171875,275.20001220703125,113.0,27.752492904663086,452.4556579589844,142.11328125,125.68531799316406,92.15969848632812,94.9327163696289,254.1389617919922,148.1623992919922,95.76142120361328,50.8265495300293,278.51666259765625,134.7388153076172,226.8223876953125,23.54400062561035,12.123759269714355,146.95375061035156,115.3971939086914,265.25,476.6358642578125,173.29248046875,41.52394104003906,78.12330627441406
2022-10-03,140.10047912597656,285.239990234375,115.87999725341797,28.570358276367188,457.68658447265625,146.12452697753906,132.73635864257812,94.89527130126953,97.90028381347656,261.2858581542969,148.01727294921875,98.72132110595703,51.39814376831055,284.5309143066406,137.6484832763672,234.4578399658203,23.90399932861328,12.49629020690918,148.7450408935547,117.46292114257812,242.39999389648438,486.51702880859375,177.1943817138672,42.429969787597656,82.24825286865234
2022-10-04,143.6903076171875,294.9700012207031,121.08999633789062,29.755815505981445,465.7341003417969,153.86056518554688,137.89779663085938,99.10610961914062,100.87779235839844,266.682861328125,150.21214294433594,103.3398666381836,51.51609802246094,295.09991455078125,139.30686950683594,242.38540649414062,24.073999404907227,13.150467872619629,150.4192657470703,118.91624450683594,249.44000244140625,493.74615478515625,181.09625244140625,42.98063278198242,85.24575805664062
2022-10-05,143.98538208007812,297.3800048828125,120.94999694824219,29.333093643188477,460.1678771972656,154.35455322265625,138.6851043701172,98.4808349609375,100.66937255859375,266.9499816894531,149.74960327148438,102.0639419555664,51.026153564453125,297.9699401855469,138.0159149169922,242.69703674316406,23.67300033569336,13.192414283752441,149.4200897216797,118.09361267089844,240.80999755859375,497.4268798828125,183.0666961669922,42.55482864379883,88.69065856933594
2022-10-06,143.0313262939453,298.4100036621094,120.30000305175781,28.91037368774414,462.24688720703125,153.5938262939453,141.21334838867188,97.73831939697266,100.6594467163086,267.4472961425781,146.8472900390625,99.983642578125,49.928321838378906,293.5745849609375,138.1053009033203,240.3499298095703,24.00200080871582,13.11351490020752,146.53970336914062,115.607421875,238.1300048828125,489.9334716796875,181.03770446777344,42.157840728759766,91.32131958007812
2022-10-07,137.77938842773438,288.7699890136719,114.55999755859375,28.257911682128906,448.508544921875,148.48585510253906,139.9973602294922,94.92459106445312,97.93999481201172,261.85687255859375,145.29637145996094,97.98655700683594,49.45653533935547,289.3951110839844,132.5242919921875,228.12742614746094,22.475000381469727,12.060837745666504,145.46856689453125,113.58740234375,223.07000732421875,476.45660400390625,179.3208770751953,41.158958435058594,90.39969635009766
2022-10-10,138.10397338867188,285.7200012207031,113.66999816894531,28.175209045410156,446.7456970214844,143.8916473388672,137.46910095214844,92.9706039428711,97.12614440917969,260.1438293457031,145.48683166503906,97.07122039794922,49.34766387939453,286.2653503417969,132.86192321777344,223.26766967773438,22.99799919128418,11.65534782409668,145.6575927734375,113.12124633789062,222.9600067138672,470.8034362792969,177.7113800048828,41.40227508544922,88.44011688232422
2022-10-11,136.687744140625,284.8299865722656,112.20999908447266,27.35733985900879,452.21612548828125,140.85855102539062,137.495361328125,90.95800018310547,96.45124816894531,260.5398864746094,147.5909881591797,94.26976776123047,49.429325103759766,280.6436767578125,127.64833068847656,219.52781677246094,21.429000854492188,11.571454048156738,146.35069274902344,113.55082702636719,216.5,471.7000427246094,174.74594116210938,42.474788665771484,87.68850708007812
2022-10-12,136.0582733154297,286.1499938964844,112.9000015258789,27.440046310424805,446.81280517578125,140.58187866210938,137.9065399169922,91.2608642578125,96.82838439941406,258.3570556640625,147.55471801757812,95.79530334472656,50.02812957763672,278.0241394042969,126.61554718017578,219.85897827148438,22.086999893188477,11.48556137084961,152.47149658203125,113.73363494873047,217.24000549316406,471.84161376953125,173.86802673339844,41.994564056396484,88.07325744628906
2022-10-13,140.631591796875,294.739990234375,112.52999877929688,29.121734619140625,448.355224609375,143.69406127929688,144.5901641845703,94.41654205322266,98.31714630126953,260.48455810546875,149.78585815429688,101.1208724975586,50.690452575683594,288.4041748046875,129.38621520996094,228.12742614746094,23.250999450683594,11.944984436035156,157.17013549804688,115.4520263671875,221.72000122070312,481.2320556640625,180.1305389404297,42.34992599487305,91.15130615234375
2022-10-14,136.09764099121094,287.94000244140625,106.9000015258789,29.130922317504883,435.57489013671875,140.51271057128906,140.0935821533203,92.27693176269531,95.83588409423828,254.59024047851562,149.1600799560547,102.80359649658203,49.882965087890625,283.2337646484375,125.88069152832031,222.59564208984375,23.0,11.212903022766113,153.19158935546875,114.32776641845703,204.99000549316406,484.2709655761719,178.1405487060547,41.75764083862305,88.7533187866211
2022-10-17,140.06117248535156,293.5,113.79000091552734,30.89532470703125,444.69549560546875,145.41317749023438,141.11712646484375,95.0906753540039,99.2203140258789,259.0386657714844,151.0919189453125,107.12137603759766,50.527137756347656,289.4637451171875,133.11016845703125,231.33157348632812,24.510000228881836,11.873072624206543,155.4779052734375,116.39347839355469,219.35000610351562,492.52880859375,180.7060546875,42.058589935302734,90.0328369140625
2022-10-18,141.37904357910156,292.9800109863281,116.36000061035156,32.05320739746094,453.41363525390625,151.68695068359375,142.35061645507812,96.2142105102539,100.01432037353516,262.53839111328125,150.5658721923828,109.87660217285156,51.20761489868164,294.7027893066406,131.8787841796875,232.2762908935547,24.086000442504883,11.951974868774414,157.5751953125,117.33494567871094,220.19000244140625,492.8402099609375,182.57899475097656,42.94541549682617,90.19389343261719
2022-10-19,141.4872589111328,299.8299865722656,115.06999969482422,31.171010971069336,451.6509094238281,151.8252716064453,146.9696807861328,96.71247100830078,98.88286590576172,253.7244415283203,149.3686981201172,107.72235107421875,50.77211380004883,292.1324462890625,132.3057861328125,230.30894470214844,27.238000869750977,12.035868644714355,156.0449981689453,118.42266082763672,222.0399932861328,491.05657958984375,181.8376007080078,42.82376480102539,92.86930084228516
2022-10-20,141.02500915527344,302.3800048828125,115.25,30.96883773803711,445.1265563964844,155.60928344726562,147.8095245361328,96.3216781616211,99.2203140258789,248.17091369628906,149.74960327148438,107.37100219726562,49.97369384765625,290.6803894042969,130.61758422851562,229.98757934570312,26.81599998474121,12.178689956665039,154.3347930908203,116.8973388671875,207.27999877929688,491.58502197265625,182.6277313232422,42.929405212402344,92.99456024169922
2022-10-21,144.84097290039062,306.3699951171875,119.31999969482422,32.11753463745117,458.11767578125,158.24725341796875,151.50999450683594,99.69230651855469,100.37161254882812,253.7613525390625,153.01467895507812,113.01093292236328,50.77211380004883,296.6551818847656,129.10812377929688,235.80178833007812,28.957000732421875,12.450347900390625,155.77496337890625,118.3609848022461,214.44000244140625,503.7123107910156,185.7004852294922,43.79702377319336,94.72149658203125
2022-10-24,146.9850311279297,316.2200012207031,119.81999969482422,32.22780227661133,476.11932373046875,158.72146606445312,151.4574737548828,99.37967681884766,101.75118255615234,260.88067626953125,155.07350158691406,113.14960479736328,52.232852935791016,299.82421875,128.8201446533203,240.79791259765625,28.2450008392334,12.583181381225586,159.93350219726562,119.08818817138672,211.25,511.1396179199219,186.0321502685547,44.63262939453125,95.38362121582031
2022-10-25,149.8273468017578,323.7900085449219,120.5999984741211,32.521873474121094,478.1216125488281,163.28607177734375,153.0321502685547,101.95893096923828,103.6965103149414,267.3275451660156,154.82862854003906,113.44544982910156,53.48492431640625,305.5243835449219,136.5561065673828,244.11898803710938,29.101999282836914,13.244349479675293,160.46461486816406,120.45978546142578,222.4199981689453,509.8372802734375,189.6121368408203,44.843936920166016,94.7393798828125
2022-10-26,146.88671875,320.4800109863281,115.66000366210938,32.80674743652344,478.4952697753906,157.99038696289062,154.92176818847656,102.22270965576172,94.21810913085938,267.2262878417969,156.1890869140625,114.74911499023438,53.884124755859375,313.4712829589844,128.91946411132812,225.28367614746094,29.86199951171875,12.879807472229004,161.1846923828125,121.30667114257812,224.63999938964844,512.6214599609375,198.3426055908203,45.18649673461914,95.8667984008789
2022-10-27,142.41175842285156,318.6499938964844,110.95999908447266,32.96297073364258,476.566162109375,157.83229064941406,155.63037109375,102.03709411621094,91.52843475341797,268.0643615722656,156.27975463867188,115.20215606689453,54.011146545410156,313.33392333984375,97.26061248779297,220.83290100097656,29.694000244140625,13.159457206726074,161.013671875,121.39871978759766,225.08999633789062,511.32843017578125,199.27903747558594,45.055233001708984,96.23367309570312
2022-10-28,153.17132568359375,325.67999267578125,103.41000366210938,33.24784851074219,490.3197021484375,161.06304931640625,157.4499969482422,103.51234436035156,95.56791687011719,275.05474853515625,158.6016082763672,116.5705337524414,55.12711715698242,323.2430419921875,98.5118637084961,229.71490478515625,29.57200050354004,13.816630363464355,164.029052734375,124.4732666015625,228.52000427246094,520.2374877929688,204.20516967773438,45.6251106262207,99.0522232055664
2022-10-31,150.81088256835938,318.5,102.44000244140625,33.11919403076172,481.32659912109375,160.63819885253906,158.25482177734375,104.08878326416016,93.80126953125,272.7337951660156,157.78536987304688,116.38561248779297,54.30148696899414,321.9773864746094,92.51376342773438,226.07254028320312,29.187999725341797,13.48005485534668,163.44400024414062,123.96695709228516,227.5399932861328,523.927734375,202.07864379882812,45.56747817993164,99.15064239501953
2022-11-01,148.16525268554688,316.0199890136719,96.79000091552734,33.26622772216797,479.84857177734375,157.90145874023438,159.4095916748047,103.56118774414062,89.79157257080078,272.6693420410156,156.98721313476562,118.4843978881836,54.11094665527344,326.8927307128906,94.53961181640625,222.2158203125,28.674999237060547,13.525997161865234,162.70587158203125,124.16028594970703,227.82000732421875,516.5285034179688,201.8542938232422,45.362579345703125,100.13492584228516
2022-11-02,142.637939453125,301.2200012207031,92.12000274658203,33.16514205932617,464.060302734375,148.209228515625,156.15525817871094,99.47737121582031,86.31780242919922,265.91845703125,154.5746612548828,117.3934097290039,53.35790252685547,313.7754211425781,89.91194915771484,214.35641479492188,27.299999237060547,13.202402114868164,160.43759155273438,122.3744888305664,214.97999572753906,512.8668823242188,196.02096557617188,45.061641693115234,98.07691955566406
2022-11-03,136.58937072753906,285.92999267578125,89.30000305175781,32.981353759765625,466.7284851074219,144.57339477539062,158.4560546875,96.96649169921875,82.80435943603516,259.2596740722656,154.8376922607422,117.6060562133789,53.3306770324707,303.3267517089844,88.29325103759766,208.65907287597656,26.9060001373291,13.40414810180664,160.02354431152344,121.53678894042969,215.30999755859375,513.0367431640625,189.97305297851562,45.052032470703125,99.41014099121094
2022-11-04,136.3234100341797,285.75,90.9800033569336,33.808414459228516,466.8436279296875,138.09214782714844,160.45938110351562,97.28890228271484,85.93074035644531,261.58978271484375,155.52699279785156,120.82357788085938,53.76617431640625,312.35284423828125,90.16020202636719,215.61277770996094,26.07900047302246,14.138226509094238,160.92364501953125,123.75525665283203,207.47000122070312,507.90252685546875,192.14834594726562,45.13207244873047,100.49282836914062
2022-11-07,136.85537719726562,299.5400085449219,90.52999877929688,34.01057815551758,468.89752197265625,142.85427856445312,162.37525939941406,98.11935424804688,87.82640075683594,267.3367614746094,156.88743591308594,121.46154022216797,53.97486114501953,318.9850158691406,96.04906463623047,221.92367553710938,25.860000610351562,14.28304386138916,162.21083068847656,125.65153503417969,197.0800018310547,514.367431640625,195.1918487548828,45.60589599609375,101.6828842163086
2022-11-08,137.42674255371094,302.1700134277344,89.9800033569336,34.10248565673828,472.93817138671875,145.33416748046875,162.13905334472656,97.6015396118164,88.23333740234375,268.1380615234375,157.6674346923828,121.53551483154297,54.07465362548828,319.5934143066406,95.80079650878906,222.8975830078125,26.34600067138672,14.583666801452637,162.66087341308594,125.9368896484375,191.3000030517578,521.9456176757812,196.8306121826172,45.714752197265625,102.00499725341797
2022-11-09,132.8655548095703,298.8699951171875,86.13999938964844,33.5602912902832,470.260498046875,140.3546600341797,155.65660095214844,84.75409698486328,86.6651840209961,264.0949401855469,156.40675354003906,119.95448303222656,53.32161331176758,309.6744079589844,100.76611328125,218.65135192871094,25.465999603271484,13.758703231811523,160.7166290283203,125.63311767578125,177.58999633789062,510.25262451171875,189.59600830078125,44.65184020996094,97.44164276123047
2022-11-10,144.68719482421875,329.95001220703125,96.62999725341797,35.039817810058594,492.48883056640625,154.42372131347656,158.60475158691406,88.37873077392578,93.23554229736328,287.07366943359375,158.23883056640625,124.8917007446289,55.23599624633789,330.8956298828125,111.09397888183594,236.6393585205078,27.496999740600586,15.730224609375,163.55198669433594,129.95957946777344,190.72000122070312,513.5651245117188,200.97586059570312,45.577083587646484,98.87327575683594
2022-11-11,147.4751739501953,341.1499938964844,100.79000091552734,35.29712677001953,494.734619140625,155.8365478515625,163.11883544921875,92.82405853271484,95.68701934814453,290.0576171875,153.5044403076172,125.0951156616211,55.63520431518555,332.8774719238281,112.23600006103516,240.66156005859375,29.01300048828125,16.30649757385254,160.26658630371094,129.76629638671875,195.97000122070312,492.717529296875,200.41859436035156,45.647518157958984,101.96023559570312
2022-11-14,146.07626342773438,340.3699951171875,98.48999786376953,34.69980239868164,489.17755126953125,156.75537109375,163.19760131835938,92.11084747314453,94.98233795166016,282.67132568359375,155.9169921875,123.80995178222656,55.09989929199219,332.9559326171875,113.42767333984375,235.2467041015625,29.927000045776367,16.2745418548584,159.07839965820312,129.77548217773438,190.9499969482422,484.8560791015625,202.2370147705078,44.30607604980469,102.2579116821289
2022-11-15,147.81008911132812,345.9599914550781,98.94000244140625,34.64466857910156,505.2921142578125,160.12445068359375,164.50975036621094,93.31255340576172,97.70179748535156,287.28546142578125,156.35231018066406,122.91314697265625,55.00917434692383,337.0176696777344,116.26782989501953,235.65573120117188,31.020000457763672,16.645078659057617,159.49246215820312,129.32440185546875,194.4199981689453,474.7200927734375,205.29708862304688,47.203460693359375,102.94342803955078
2022-11-16,146.5786895751953,338.4100036621094,97.12000274658203,34.33221435546875,503.0271301269531,153.2578582763672,161.8328399658203,91.78843688964844,98.10872650146484,290.0300598144531,157.3227996826172,123.07955932617188,54.909366607666016,336.2818908691406,112.44454193115234,236.08541870117188,30.601999282836914,15.890023231506348,160.51858520507812,130.47508239746094,186.9199981689453,482.75146484375,205.4437255859375,47.54281997680664,101.84300994873047
2022-11-17,148.47998046875,337.8299865722656,94.8499984741211,34.157623291015625,500.34930419921875,147.89306640625,162.291259765625,89.345947265625,97.62239074707031,286.83416748046875,158.592529296875,122.54328155517578,55.081748962402344,334.82000732421875,110.67687225341797,236.03660583496094,29.527999877929688,15.657316207885742,162.04881286621094,129.67422485351562,183.1699981689453,486.3282775878906,206.27471923828125,47.38274383544922,101.97828674316406
2022-11-18,149.04147338867188,330.8599853515625,94.13999938964844,34.17599868774414,502.60479736328125,146.2628631591797,161.32151794433594,89.68790435791016,96.69934844970703,288.4367370605469,159.80787658691406,123.74522399902344,55.47188949584961,337.1943054199219,111.27272033691406,235.58734130859375,28.79800033569336,15.389653205871582,163.2189483642578,131.23912048339844,180.19000244140625,500.1921691894531,206.08897399902344,48.09668731689453,101.09435272216797
2022-11-21,145.81028747558594,321.489990234375,92.45999908447266,34.28627014160156,502.3168640136719,143.11114501953125,159.77877807617188,95.33493041992188,94.88308715820312,291.7523498535156,160.62940979003906,123.01483154296875,56.32475662231445,331.8570556640625,109.09790802001953,236.39794921875,28.5049991607666,15.297768592834473,166.3603973388672,132.90525817871094,167.8699951171875,488.1025695800781,201.7091064453125,48.3912353515625,100.09315490722656
2022-11-22,147.947998046875,330.8800048828125,93.19999694824219,34.451683044433594,510.5517883300781,147.45834350585938,163.8781280517578,93.99644470214844,96.32221984863281,299.2123718261719,161.40533447265625,124.85472869873047,56.56970977783203,338.4402770996094,110.66695404052734,239.3083953857422,28.66900062561035,16.01786231994629,166.37840270996094,134.0467071533203,169.91000366210938,493.67083740234375,205.62948608398438,48.56411361694336,102.988525390625
2022-11-23,148.82479858398438,335.7799987792969,94.12999725341797,34.56196212768555,512.9895629882812,150.4124755859375,162.42349243164062,96.60501098632812,97.72164916992188,296.1086120605469,161.57875061035156,126.18614196777344,56.82375717163086,342.0507507324219,111.46141052246094,241.79885864257812,29.149999618530273,16.498254776000977,166.59442138671875,134.8107452392578,183.1999969482422,499.9184875488281,206.9981689453125,48.79782485961914,102.4743881225586
2022-11-25,145.9087677001953,334.29998779296875,93.41000366210938,34.64466857910156,512.1929321289062,151.50912475585938,161.9474334716797,96.5952377319336,96.72914123535156,300.5939025878906,161.78871154785156,126.42649841308594,56.878196716308594,344.6506652832031,110.63716888427734,241.71092224121094,28.554000854492188,16.249574661254883,165.72128295898438,135.05929565429688,182.86000061035156,507.3835754394531,209.0121307373047,49.00592803955078,102.11359405517578
2022-11-28,142.07659912109375,328.9700012207031,93.94999694824219,33.872737884521484,509.5631408691406,151.8450469970703,157.23980712890625,93.4884033203125,95.32971954345703,293.7232360839844,161.870849609375,124.21680450439453,56.887271881103516,338.07720947265625,108.02539825439453,236.11473083496094,28.117000579833984,15.807127952575684,165.52325439453125,134.94886779785156,182.9199981689453,502.3344421386719,206.53866577148438,49.14679718017578,99.04684448242188
2022-11-29,139.07191467285156,326.7799987792969,92.41999816894531,34.00139617919922,507.6820373535156,149.8591766357422,159.59361267089844,92.51141357421875,94.4761734008789,290.9970703125,160.7389678955078,126.26009368896484,56.68766403198242,336.6448669433594,108.70069122314453,234.7181396484375,28.09600067138672,15.619365692138672,164.3531036376953,133.91783142089844,180.8300018310547,498.3046569824219,204.3878936767578,48.97391891479492,99.70531463623047
2022-11-30,145.82997131347656,344.92999267578125,96.54000091552734,34.782508850097656,517.5580444335938,158.3262939453125,161.6036376953125,95.61824798583984,100.232666015625,300.1978454589844,162.48245239257812,127.75790405273438,58.12221145629883,349.66400146484375,117.28075408935547,249.1823272705078,30.55299949645996,16.90607261657715,166.98146057128906,137.30535888671875,194.6999969482422,516.953369140625,212.1504364013672,48.79782485961914,100.42689514160156
2022-12-01,146.10581970214844,344.1099853515625,95.5,33.78422546386719,483.5916442871094,145.2353515625,160.88075256347656,96.3216781616211,100.232666015625,303.05169677734375,163.157958984375,125.96422576904297,58.286685943603516,353.9809265136719,119.60453033447266,248.74281311035156,31.69499969482422,17.11786460876465,168.3762664794922,137.38824462890625,194.6999969482422,506.7134704589844,212.1504364013672,49.10197448730469,99.93980407714844
2022-12-02,145.61326599121094,341.5299987792969,94.12999725341797,33.349788665771484,474.6369934082031,142.8246307373047,159.59361267089844,97.1423568725586,99.6867904663086,303.9041442871094,163.28573608398438,124.96566772460938,58.798370361328125,353.2549133300781,122.63336944580078,249.0651397705078,32.04100036621094,16.85912322998047,168.18609619140625,138.64013671875,194.86000061035156,507.5655212402344,212.79566955566406,49.05394744873047,99.09195709228516
2022-12-05,144.45077514648438,334.0899963378906,91.01000213623047,31.861621856689453,469.0031433105469,132.3222198486328,155.6529083251953,93.72288513183594,98.73400115966797,296.5749816894531,163.19442749023438,121.46154022216797,57.99428939819336,349.3598937988281,121.58071899414062,244.35765075683594,31.259000778198242,16.593385696411133,165.8583526611328,137.2409210205078,182.4499969482422,506.5052795410156,208.90460205078125,48.55131530761719,96.3769760131836
2022-12-06,140.78610229492188,331.1499938964844,88.25,30.50286102294922,461.8047790527344,131.670166015625,151.64169311523438,90.1666259765625,96.25274658203125,294.1381530761719,160.74810791015625,121.66496276855469,57.96687698364258,340.96173095703125,113.328369140625,239.3962860107422,30.555999755859375,15.971013069152832,164.50880432128906,137.41583251953125,179.82000732421875,510.55694580078125,204.4073944091797,47.98784255981445,93.69808197021484
2022-12-07,138.84535217285156,326.67999267578125,88.45999908447266,30.262540817260742,462.5821838378906,128.91363525390625,152.09129333496094,90.02985382080078,94.22803497314453,296.6399230957031,161.72479248046875,121.58173370361328,58.058250427246094,340.8537902832031,113.13967895507812,238.66378784179688,30.841999053955078,16.103879928588867,165.00697326660156,138.29953002929688,174.0399932861328,513.9556274414062,203.16580200195312,47.73812484741211,93.49064636230469
2022-12-08,140.5299072265625,332.5799865722656,90.3499984741211,29.9852352142334,462.0543518066406,128.56787109375,152.99053955078125,90.42064666748047,93.00726318359375,300.2905578613281,161.75218200683594,122.85763549804688,58.30495834350586,344.5329895019531,114.52996826171875,241.62303161621094,31.025999069213867,17.151830673217773,166.4561309814453,139.29371643066406,173.44000244140625,518.6982421875,204.42697143554688,47.81203842163086,94.1851577758789
2022-12-09,140.04722595214844,330.6400146484375,89.08999633789062,29.929780960083008,463.59002685546875,129.53611755371094,148.10655212402344,91.2315444946289,92.13386535644531,296.9455871582031,160.4194793701172,122.19196319580078,57.69275665283203,342.23712158203125,115.09602355957031,239.68927001953125,32.000999450683594,16.983997344970703,165.84024047851562,138.9254608154297,179.0500030517578,510.4434509277344,204.03591918945312,46.69691467285156,93.39141082763672
2022-12-12,142.3425750732422,338.1700134277344,90.55000305175781,30.25328826904297,468.06256103515625,131.5120849609375,149.64932250976562,92.48210906982422,92.61026000976562,303.8948974609375,162.33641052246094,124.08735656738281,58.45115280151367,351.400634765625,113.91426849365234,246.6137237548828,31.51799964904785,17.5174617767334,166.6282196044922,140.352294921875,167.82000732421875,516.7481079101562,209.79428100585938,47.567806243896484,95.69146728515625
2022-12-13,143.30801391601562,342.4599914550781,92.48999786376953,30.271780014038086,468.5616149902344,133.99197387695312,152.9817352294922,92.52117919921875,94.91287231445312,308.4443359375,163.5869598388672,123.96717071533203,58.46942901611328,350.39990234375,119.31654357910156,250.92074584960938,32.034000396728516,18.05392837524414,166.53765869140625,140.14059448242188,160.9499969482422,509.51568603515625,208.27890014648438,47.397483825683594,96.73776245117188
2022-12-14,141.08163452148438,339.9200134277344,91.58000183105469,29.83734130859375,464.06988525390625,133.13241577148438,151.923828125,91.98383331298828,94.35707092285156,308.9446105957031,164.0890350341797,123.34767150878906,58.46942901611328,350.75311279296875,120.74654388427734,251.2137451171875,31.783000946044922,17.656322479248047,166.0757293701172,140.69287109375,156.8000030517578,509.6482238769531,208.5526885986328,47.13396453857422,96.02520751953125
2022-12-15,134.47132873535156,328.7099914550781,88.44999694824219,29.36594009399414,445.2486877441406,128.87413024902344,150.78656005859375,88.40804290771484,90.17863464355469,303.5427551269531,162.0169219970703,120.28732299804688,57.665348052978516,339.70587158203125,115.34429168701172,243.19544982910156,29.041000366210938,16.935043334960938,163.25888061523438,139.1004180908203,157.6699981689453,499.5377197265625,203.26356506347656,46.71297836303711,95.10518646240234
2022-12-16,132.51092529296875,338.5400085449219,87.86000061035156,29.301233291625977,442.8876953125,126.73019409179688,148.7412872314453,88.0074691772461,89.58313751220703,299.59564208984375,160.35556030273438,119.53842163085938,57.336402893066406,339.3036804199219,118.60153198242188,238.976318359375,29.070999145507812,16.554428100585938,163.34042358398438,138.483642578125,150.22999572753906,495.7700500488281,202.266357421875,45.87423324584961,94.43770599365234
2022-12-19,130.4027099609375,328.760009765625,84.91999816894531,29.63399314880371,440.1810607910156,127.4613037109375,149.76393127441406,83.80641174316406,87.77679443359375,294.0269775390625,160.18211364746094,120.25033569335938,57.418636322021484,334.8102111816406,113.68586730957031,234.8353271484375,28.829999923706055,16.237743377685547,164.2461395263672,138.4468231201172,149.8699951171875,495.6753845214844,200.2425994873047,45.89030075073242,94.86164093017578
2022-12-20,130.33375549316406,338.2200012207031,85.19000244140625,29.7541561126709,439.40374755859375,126.90803527832031,152.22354125976562,85.01787567138672,88.35243225097656,291.7198486328125,160.35556030273438,120.83283233642578,57.372955322265625,336.46826171875,116.27777099609375,236.15382385253906,28.819000244140625,16.06891632080078,164.14649963378906,138.5020751953125,137.8000030517578,492.4661865234375,200.7705535888672,46.291996002197266,96.232666015625
2022-12-21,133.43695068359375,341.3800048828125,86.7699966430664,30.207075119018555,443.47314453125,128.73583984375,154.01318359375,84.92018127441406,88.90824127197266,295.9078369140625,162.19033813476562,122.19196319580078,58.29581832885742,339.156494140625,118.92923736572266,238.72238159179688,29.79599952697754,16.484498977661133,165.2967987060547,139.77236938476562,137.57000732421875,499.4051208496094,202.1881561279297,46.65513229370117,97.4683837890625
2022-12-22,130.26480102539062,336.5199890136719,83.79000091552734,29.939016342163086,440.25787353515625,127.63916778564453,151.7034149169922,84.67593383789062,87.10188293457031,292.9057922363281,161.5970001220703,120.80510711669922,57.87550735473633,335.06524658203125,116.30756378173828,232.6280975341797,29.774999618530273,15.323660850524902,164.0197296142578,140.0945587158203,125.3499984741211,498.979248046875,200.47726440429688,46.10882568359375,95.50204467773438
2022-12-23,129.90028381347656,338.45001220703125,85.25,30.01296615600586,444.03936767578125,127.88613891601562,156.39344787597656,85.985107421875,88.56085205078125,295.3241882324219,162.0077667236328,121.37834167480469,58.31409454345703,337.10601806640625,117.22118377685547,233.15548706054688,29.496000289916992,15.190794944763184,165.0794219970703,140.49038696289062,123.1500015258789,502.9742126464844,201.2300262451172,46.2020149230957,98.02762603759766
2022-12-27,128.0974884033203,335.0899963378906,83.04000091552734,30.068424224853516,440.0563659667969,129.09152221679688,158.35939025878906,84.38284301757812,86.73464965820312,296.0839538574219,161.96212768554688,121.80364990234375,58.670448303222656,339.61761474609375,116.06922149658203,231.4268341064453,28.41699981689453,14.106879234313965,165.81307983398438,141.71469116210938,109.0999984741211,503.61785888671875,201.67974853515625,46.21487808227539,99.38961029052734
2022-12-28,124.16677856445312,328.3299865722656,81.81999969482422,30.290264129638672,434.7679748535156,126.92780303955078,156.02317810058594,82.23345184326172,85.37493133544922,292.54449462890625,161.25926208496094,122.4693374633789,58.085662841796875,335.4872131347656,114.81795501708984,229.0535430908203,27.687999725341797,14.021963119506836,164.6174774169922,139.8828582763672,112.70999908447266,500.2666931152344,200.4088592529297,45.40504455566406,97.75701904296875
2022-12-29,127.68373107910156,337.5799865722656,84.18000030517578,30.632265090942383,438.1656188964844,130.9489288330078,157.2045135498047,85.1741943359375,87.78669738769531,296.8808288574219,162.08079528808594,123.1719970703125,58.43288040161133,341.6288757324219,119.42577362060547,235.38223266601562,29.11199951171875,14.588396072387695,164.82582092285156,140.46273803710938,121.81999969482422,501.6204833984375,203.41021728515625,45.68141174316406,98.49662017822266
2022-12-30,127.99897003173828,336.5299987792969,84.0,30.613779067993164,438.1368103027344,130.99832153320312,158.2359619140625,84.881103515625,87.56835174560547,292.6649475097656,161.2501220703125,123.98564147949219,58.12221145629883,341.1579284667969,119.50521087646484,234.22006225585938,29.488000869750977,14.599386215209961,163.6302490234375,139.51463317871094,123.18000030517578,501.9043884277344,203.1168975830078,45.56572341918945,99.48882293701172
2023-01-03,123.2112045288086,336.9200134277344,85.81999969482422,30.974267959594727,435.04632568359375,133.1620635986328,153.38723754882812,86.92301177978516,88.45169067382812,292.7112731933594,162.6558837890625,124.92870330810547,57.51915740966797,340.2455139160156,123.87468719482422,233.98562622070312,29.4950008392334,14.300683975219727,162.4980926513672,139.5238494873047,108.0999984741211,490.9798889160156,202.7551727294922,46.14738464355469,96.0703125
2023-01-04,124.4820327758789,341.4100036621094,85.13999938964844,31.55660057067871,438.1944274902344,137.91427612304688,151.7563018798828,89.86376953125,87.41948699951172,296.2507019042969,164.42674255371094,126.09365844726562,57.49174118041992,348.4376525878906,126.48645782470703,223.75035095214844,30.94099998474121,14.734249114990234,162.09954833984375,140.13136291503906,113.63999938964844,477.5939636230469,207.85853576660156,46.19880294799805,96.34992218017578
2023-01-05,123.16194915771484,328.44000244140625,83.12000274658203,31.491891860961914,432.0806579589844,134.70330810546875,154.48924255371094,89.80513000488281,85.5535888671875,292.3035583496094,163.2127227783203,126.06573486328125,56.83385467529297,345.12152099609375,126.05943298339844,217.11891174316406,30.969999313354492,14.250733375549316,160.40582275390625,138.3916015625,110.33999633789062,463.82940673828125,206.3920440673828,46.04133605957031,98.50566101074219
2023-01-06,127.69359588623047,332.75,86.08000183105469,31.806169509887695,463.446044921875,138.8232421875,155.6529083251953,91.75912475585938,86.6850357055664,294.2122802734375,164.5363006591797,128.47805786132812,57.93033218383789,361.3065490722656,129.11805725097656,219.677734375,31.55500030517578,14.844139099121094,164.02874755859375,141.68704223632812,113.05999755859375,463.8673095703125,212.88365173339844,47.169315338134766,99.69628143310547
2023-01-09,128.2156524658203,341.9800109863281,87.36000061035156,31.325515747070312,459.49176025390625,145.33416748046875,154.4363250732422,92.58956146240234,87.35993194580078,294.47174072265625,160.27342224121094,127.94718170166016,57.20848083496094,364.54937744140625,128.57188415527344,221.8165740966797,31.517000198364258,15.612371444702148,162.42559814453125,139.95645141601562,119.7699966430664,463.9241027832031,213.71466064453125,46.58122634887695,97.83821105957031
2023-01-10,128.787109375,338.70001220703125,89.87000274658203,31.53810691833496,462.0351867675781,145.67005920410156,155.19451904296875,93.36138916015625,87.7569351196289,297.08465576171875,159.8900146484375,129.09280395507812,56.769901275634766,364.5887145996094,132.0674591064453,223.50621032714844,32.75400161743164,15.893089294433594,161.0851287841797,139.81842041015625,118.8499984741211,460.08062744140625,216.14901733398438,46.552303314208984,99.29938507080078
2023-01-11,131.50608825683594,342.92999267578125,95.08999633789062,31.778438568115234,464.8280944824219,143.16055297851562,154.45396423339844,94.11367797851562,90.83368682861328,304.8399963378906,159.6344451904297,130.05215454101562,56.660247802734375,371.3200988769531,131.96815490722656,230.26461791992188,32.72600173950195,15.984997749328613,161.2662811279297,138.6861572265625,123.22000122070312,467.0859680175781,217.13644409179688,46.96043014526367,100.45394897460938
2023-01-12,131.42727661132812,344.5400085449219,95.2699966430664,31.861621856689453,463.023681640625,147.80413818359375,156.11135864257812,97.51361083984375,90.44660186767578,305.6461181640625,158.83116149902344,129.9217529296875,55.92926025390625,373.2363586425781,135.7616729736328,232.94064331054688,33.01300048828125,16.494483947753906,159.21023559570312,137.90370178222656,123.55999755859375,469.2349548339844,218.62245178222656,46.53622817993164,102.12262725830078
2023-01-13,132.75717163085938,344.3800048828125,98.12000274658203,32.564117431640625,465.73028564453125,147.7152099609375,156.53451538085938,97.113037109375,91.42918395996094,306.8876953125,158.31082153320312,133.20028686523438,56.130287170410156,369.0206298828125,136.02976989746094,233.64381408691406,33.28200149536133,16.88210105895996,158.72116088867188,138.888671875,122.4000015258789,463.46026611328125,218.074951171875,46.69049072265625,102.05947875976562
2023-01-17,133.91964721679688,344.3800048828125,96.05000305175781,31.90785026550293,467.1891174316406,146.68768310546875,159.1175537109375,97.61131286621094,90.60541534423828,303.47796630859375,157.33416748046875,131.1418914794922,56.35872268676758,368.5096740722656,134.42103576660156,234.7376708984375,32.62200164794922,17.684295654296875,159.46383666992188,138.483642578125,131.49000549316406,459.2096862792969,218.0163116455078,46.407691955566406,101.86104583740234
2023-01-18,133.2005157470703,341.30999755859375,95.45999908447266,31.168380737304688,460.18280029296875,143.7039337158203,156.24359130859375,96.76132202148438,90.43669128417969,299.919921875,154.96075439453125,127.20206451416016,54.650047302246094,362.534912109375,132.09725952148438,230.30368041992188,32.632999420166016,17.3596248626709,155.44239807128906,134.77391052246094,128.77999877929688,450.8411560058594,214.555419921875,45.26042938232422,99.76844787597656
2023-01-19,133.2596435546875,342.5299987792969,93.68000030517578,30.7154541015625,450.604248046875,144.65243530273438,157.80401611328125,96.8004150390625,92.35221862792969,288.0506286621094,154.7508087158203,125.50687408447266,54.567806243896484,361.5718688964844,135.20553588867188,226.51425170898438,31.577999114990234,16.748231887817383,153.63998413085938,131.92367553710938,127.16999816894531,458.52801513671875,215.4842071533203,44.614501953125,100.40885925292969
2023-01-20,135.82095336914062,356.3800048828125,97.25,31.288537979125977,460.79705810546875,149.43434143066406,159.47900390625,101.09917449951172,97.2849349975586,291.8680419921875,154.02969360351562,125.8142318725586,54.89675521850586,369.76751708984375,138.40318298339844,234.61070251464844,34.25,17.82115936279297,153.8664093017578,132.43319702148438,133.4199981689453,460.76220703125,219.2970733642578,45.16402816772461,102.23986053466797
2023-01-23,139.0128173828125,364.9800109863281,97.5199966430664,31.72298240661621,472.7941589355469,153.9988555908203,159.26744079589844,103.25833129882812,99.04167175292969,292.3128356933594,153.63717651367188,127.85403442382812,55.03382110595703,372.01788330078125,142.27615356445312,236.91561889648438,35.742000579833984,19.173803329467773,153.1780548095703,130.65467834472656,143.75,459.9007568359375,219.16993713378906,45.83888244628906,101.70770263671875
2023-01-24,140.41171264648438,361.32000732421875,96.31999969482422,31.954059600830078,472.3143005371094,153.00099182128906,159.4173126220703,103.56118774414062,96.96733093261719,294.36053466796875,153.63717651367188,128.9530792236328,55.32620620727539,373.43292236328125,142.14706420898438,236.38821411132812,36.382999420166016,19.2457332611084,154.6000518798828,131.36795043945312,143.88999938964844,465.3819885253906,218.88644409179688,45.960994720458984,102.65480041503906
2023-01-25,139.75169372558594,358.1700134277344,97.18000030517578,32.231353759765625,471.1338195800781,154.29527282714844,157.87451171875,105.6324234008789,94.50593566894531,293.96209716796875,154.73257446289062,129.5771026611328,55.67341995239258,375.77178955078125,140.5184326171875,234.99159240722656,36.79600143432617,19.303672790527344,155.72312927246094,131.27529907226562,144.42999267578125,466.2339172363281,219.8738555908203,45.74247360229492,102.11359405517578
2023-01-26,141.82044982910156,365.82000732421875,99.22000122070312,32.66578674316406,478.2553405761719,163.10818481445312,165.5531463623047,107.17606353759766,96.7886962890625,290.7654113769531,154.16661071777344,130.37814331054688,55.56377410888672,370.7108459472656,146.27822875976562,242.20901489257812,36.48699951171875,19.782194137573242,154.1743927001953,130.7472686767578,160.27000427246094,466.21502685546875,219.68812561035156,45.70069122314453,106.21762084960938
2023-01-27,143.76116943359375,370.7099914550781,102.23999786376953,32.76746368408203,483.0446472167969,162.5450439453125,158.20068359375,107.0197525024414,98.62481689453125,293.4339599609375,153.5641632080078,130.69482421875,55.27138900756836,367.5564270019531,150.6874237060547,242.36529541015625,36.07699966430664,20.344635009765625,153.63095092773438,130.21005249023438,177.89999389648438,460.1279296875,226.2677001953125,46.05097961425781,104.27835083007812
2023-01-30,140.87474060058594,363.4200134277344,100.55000305175781,32.628822326660156,483.0350036621094,162.7722625732422,153.57237243652344,105.1146011352539,96.21305084228516,291.163818359375,147.87725830078125,129.58645629882812,55.408443450927734,364.6968688964844,146.03985595703125,237.04257202148438,35.31100082397461,19.142837524414062,153.504150390625,130.61758422851562,166.66000366210938,459.8818054199219,223.98001098632812,45.68141174316406,102.42928314208984
2023-01-31,142.1455535888672,370.3399963378906,103.12999725341797,32.79520034790039,490.578857421875,165.95364379882812,153.41368103027344,105.99391174316406,98.09878540039062,300.36468505859375,149.1734619140625,130.35951232910156,56.02977752685547,364.1857604980469,147.93663024902344,242.02346801757812,35.38600158691406,19.5174617767334,154.89892578125,131.88665771484375,173.22000122070312,472.56719970703125,225.06520080566406,46.23415756225586,104.63915252685547
2023-02-01,143.2686004638672,383.9200134277344,105.1500015258789,33.201904296875,497.0764465332031,169.7574005126953,151.0686492919922,106.87319946289062,99.67686462402344,303.9967956542969,150.54270935058594,130.01487731933594,56.038909912109375,367.6055603027344,152.0578155517578,246.84811401367188,36.19900131225586,20.922056198120117,155.38804626464844,132.63694763183594,181.41000366210938,470.4940185546875,225.73973083496094,46.491241455078125,103.4936294555664
2023-02-02,148.57850646972656,392.2300109863281,112.91000366210938,33.39602279663086,503.24896240234375,172.54356384277344,148.99693298339844,110.60530853271484,106.93204498291016,314.8376770019531,151.1086883544922,129.40948486328125,55.079498291015625,368.4507141113281,187.46055603027344,258.42144775390625,36.68899917602539,21.68729019165039,153.94793701171875,131.69210815429688,188.27000427246094,445.7196350097656,224.42971801757812,46.15380859375,100.2555160522461
2023-02-03,152.20379638671875,379.3299865722656,103.38999938964844,33.673309326171875,494.9516906738281,168.9867706298828,149.38485717773438,108.16283416748047,103.99424743652344,307.1564025878906,150.25975036621094,131.4119873046875,54.6683235168457,367.4385070800781,185.23606872558594,252.3173828125,36.59000015258789,21.07889747619629,153.1780548095703,132.09971618652344,189.97999572753906,446.84619140625,224.9869842529297,45.540016174316406,100.95003509521484
2023-02-06,149.4749755859375,375.2300109863281,102.18000030517578,33.61784744262695,495.71124267578125,167.0206756591797,149.55233764648438,107.34215545654297,102.12834167480469,305.0901184082031,149.1187286376953,132.18505859375,54.97898864746094,366.51483154296875,184.76931762695312,250.77418518066406,36.14799880981445,21.067913055419922,155.62356567382812,130.97886657714844,194.75999450683594,449.8945007324219,224.31240844726562,45.209014892578125,100.77867126464844
2023-02-07,152.35159301757812,383.82000732421875,102.11000061035156,33.98758316040039,496.6150817871094,169.223876953125,153.4754180908203,109.06166076660156,106.83280181884766,301.319091796875,149.1552276611328,133.79638671875,54.88761901855469,368.5686340332031,190.29074096679688,261.3122863769531,36.29499816894531,22.15082550048828,155.38804626464844,129.70057678222656,196.80999755859375,451.4470520019531,226.150390625,45.305416107177734,103.656005859375
2023-02-08,149.6621551513672,378.3599853515625,100.05000305175781,33.738014221191406,484.3854675292969,167.5937042236328,149.8697052001953,109.20821380615234,98.62481689453125,297.23291015625,149.34693908691406,132.85565185546875,54.567806243896484,363.94012451171875,182.1575469970703,260.5017395019531,36.68299865722656,22.182788848876953,155.02574157714844,128.3574676513672,201.2899932861328,457.4488525390625,225.05538940429688,45.06118392944336,102.7540054321289
2023-02-09,148.62774658203125,375.80999755859375,98.23999786376953,33.01703643798828,481.3280334472656,171.5753173828125,148.4944305419922,107.82087707519531,94.2975082397461,292.3777160644531,147.32957458496094,130.78794860839844,54.476436614990234,364.0089416503906,176.685791015625,257.4643249511719,36.25,22.314661026000977,156.4930419921875,126.949462890625,207.32000732421875,459.82501220703125,224.66360473632812,45.47895050048828,103.1418685913086
2023-02-10,148.99281311035156,370.989990234375,97.61000061035156,32.88763427734375,480.7127380371094,165.02491760253906,151.60641479492188,105.57379913330078,93.86080932617188,293.2950134277344,148.0142059326172,131.36538696289062,54.476436614990234,360.48101806640625,172.9419403076172,256.9564514160156,34.736000061035156,21.243732452392578,159.59066772460938,128.0702667236328,196.88999938964844,467.890625,222.55752563476562,46.185951232910156,107.48942565917969
2023-02-13,151.7948760986328,375.0,99.54000091552734,32.95233917236328,486.9236755371094,169.0262908935547,150.76011657714844,105.18301391601562,93.90052032470703,299.77166748046875,148.56192016601562,132.79046630859375,55.37189483642578,364.4117431640625,178.18533325195312,264.9845275878906,35.856998443603516,21.76620864868164,161.0126495361328,129.74688720703125,194.63999938964844,468.9319763183594,224.20321655273438,46.88972854614258,107.07131958007812
2023-02-14,151.15357971191406,377.8999938964844,99.69999694824219,32.92460250854492,483.8182373046875,167.91973876953125,151.91500854492188,105.18301391601562,93.96998596191406,295.0462341308594,147.91378784179688,133.37725830078125,54.449031829833984,363.5568542480469,178.23495483398438,265.8146667480469,35.99599838256836,22.948026657104492,159.20120239257812,129.01507568359375,209.25,466.5464172363281,224.7027587890625,46.754756927490234,105.81700897216797
2023-02-15,153.255126953125,375.94000244140625,101.16000366210938,32.869144439697266,491.56744384765625,169.04605102539062,150.31410217285156,106.72665405273438,96.21305084228516,297.1402587890625,145.4765167236328,133.93609619140625,54.449031829833984,363.2424011230469,175.93109130859375,263.6900329589844,36.141998291015625,22.741233825683594,159.41856384277344,128.7187042236328,214.24000549316406,465.0506591796875,224.2423858642578,47.10182571411133,105.4988784790039
2023-02-16,151.65676879882812,365.1600036621094,98.1500015258789,32.610328674316406,484.66424560546875,166.09194946289062,148.14402770996094,103.39511108398438,94.79376983642578,297.64984130859375,144.44508361816406,132.0919189453125,54.11094284057617,361.18865966796875,171.2438201904297,256.6698913574219,35.07099914550781,21.979997634887695,158.9656982421875,127.0328598022461,202.0399932861328,461.358642578125,221.21551513671875,46.362693786621094,105.18983459472656
2023-02-17,150.5122528076172,356.8500061035156,97.19999694824219,32.67503356933594,487.9139099121094,163.18724060058594,144.8355255126953,102.79914093017578,93.64246368408203,294.6014404296875,147.4606475830078,132.48309326171875,54.93330001831055,354.8797302246094,171.68075561523438,252.66537475585938,34.79600143432617,21.366609573364258,159.66310119628906,129.6913299560547,208.30999755859375,472.46307373046875,218.99188232421875,47.0600471496582,101.14513397216797
2023-02-21,146.49661254882812,346.70001220703125,94.58000183105469,31.90785026550293,482.3952941894531,159.67984008789062,143.19015502929688,99.74115753173828,91.10166931152344,273.79998779296875,145.26332092285156,130.05215454101562,54.640907287597656,349.7991943359375,170.88632202148438,247.38807678222656,33.75,20.634342193603516,159.57254028320312,129.59869384765625,197.3699951171875,465.1073913574219,216.11195373535156,47.34606170654297,101.04515838623047
2023-02-22,146.92088317871094,348.7200012207031,95.79000091552734,31.695249557495117,478.2129211425781,161.3989715576172,142.612060546875,99.3405990600586,90.96271514892578,274.54132080078125,145.06106567382812,129.05552673339844,54.80537796020508,348.8262939453125,169.93295288085938,246.2523193359375,33.487998962402344,20.733243942260742,159.51820373535156,130.14517211914062,200.86000061035156,462.8164978027344,215.5242462158203,46.353057861328125,99.73629760742188
2023-02-23,147.4043426513672,347.0199890136719,95.81999969482422,31.667512893676758,474.1268005371094,162.14984130859375,144.0172882080078,99.38945007324219,90.20841217041016,277.33026123046875,145.01507568359375,130.08937072753906,54.9058952331543,349.37664794921875,170.84658813476562,249.44419860839844,32.3650016784668,23.640335083007812,159.69027709960938,129.7283935546875,202.07000732421875,465.46722412109375,216.61155700683594,45.66213607788086,100.6543197631836
2023-02-24,144.75025939941406,320.5400085449219,93.5,31.62129783630371,469.7714538574219,160.25289916992188,144.44418334960938,97.99234771728516,88.46160125732422,274.8748474121094,143.39698791503906,131.26295471191406,54.677459716796875,347.00836181640625,169.20802307128906,244.0101776123047,31.71500015258789,23.262712478637695,159.373291015625,128.99655151367188,196.8800048828125,458.4996643066406,215.06382751464844,45.78424072265625,100.66341400146484
2023-02-27,145.944091796875,322.32000732421875,93.76000213623047,31.62129783630371,468.25238037109375,161.18157958984375,144.80886840820312,98.13888549804688,89.1960678100586,274.2726135253906,143.08438110351562,132.40859985351562,54.6591911315918,349.32745361328125,168.36392211914062,244.9305419921875,32.303001403808594,23.477500915527344,159.32798767089844,128.8854522705078,207.6300048828125,457.5434875488281,215.84750366210938,45.4532470703125,100.48160552978516
2023-02-28,145.44091796875,323.95001220703125,94.2300033569336,31.704490661621094,465.51226806640625,161.64596557617188,142.98562622070312,97.3182144165039,89.3846435546875,274.7637023925781,140.90542602539062,133.51695251464844,54.37593078613281,349.14080810546875,173.72645568847656,244.20599365234375,32.2130012512207,23.192781448364258,157.17233276367188,127.42186737060547,205.7100067138672,450.55712890625,215.4458465576172,45.674983978271484,99.89990997314453
2023-03-01,143.3689727783203,323.3800048828125,92.16999816894531,31.55660057067871,460.2147216796875,165.341064453125,144.1240234375,96.27283477783203,89.68238067626953,269.43597412109375,140.27102661132812,132.77183532714844,53.78200149536133,347.38177490234375,172.21701049804688,241.1218719482422,31.347999572753906,22.67530059814453,155.17970275878906,127.5145034790039,202.77000427246094,449.8755187988281,213.89816284179688,45.038700103759766,100.79065704345703
2023-03-02,143.9609832763672,333.5,92.12999725341797,31.156558990478516,466.9640808105469,184.35009765625,144.5775909423828,96.64408874511719,91.31007385253906,271.5021057128906,140.16070556640625,131.39337158203125,54.567806243896484,349.4159240722656,173.31930541992188,245.86068725585938,31.187999725341797,23.290685653686523,158.04298400878906,129.61720275878906,190.89999389648438,452.2232666015625,214.5838623046875,45.15117645263672,101.25419616699219
2023-03-03,149.01254272460938,344.0400085449219,94.9000015258789,31.779882431030273,456.9361877441406,184.1920166015625,146.71212768554688,98.8130111694336,92.94771575927734,276.53338623046875,141.6041717529297,133.8057098388672,54.31196594238281,355.2433166503906,183.96493530273438,249.95330810546875,31.51799964904785,23.866107940673828,157.887939453125,130.5620574951172,197.7899932861328,453.03741455078125,219.19760131835938,45.20580291748047,102.5357894897461
2023-03-06,151.77513122558594,347.0199890136719,93.75,31.714752197265625,464.4547119140625,181.5935821533203,147.7882537841797,98.34406280517578,94.41661071777344,276.31109619140625,143.02001953125,133.02333068847656,55.15260314941406,360.57928466796875,183.61737060546875,251.50025939941406,31.202999114990234,23.53044319152832,158.2070770263672,130.0062713623047,193.80999755859375,455.1390075683594,222.11672973632812,45.199371337890625,103.4447021484375
2023-03-07,149.574951171875,344.79998779296875,93.55000305175781,30.700698852539062,466.44488525390625,181.11936950683594,145.88502502441406,96.78086853027344,93.15614318847656,269.3525390625,141.66851806640625,129.11138916015625,54.832794189453125,353.7103271484375,183.2300567626953,248.83714294433594,30.847000122070312,23.268667221069336,157.4228973388672,127.42186737060547,187.7100067138672,448.60699462890625,218.60984802246094,44.74946975708008,101.445068359375
2023-03-08,150.82797241210938,345.8399963378906,93.91999816894531,30.291357040405273,467.300537109375,180.7537841796875,144.96005249023438,97.01535034179688,93.54322052001953,272.04034423828125,140.62960815429688,128.34767150878906,54.860206604003906,352.8160400390625,183.6868896484375,248.3965301513672,31.179000854492188,24.160919189453125,157.8514862060547,127.44039916992188,182.0,445.5019836425781,217.64991760253906,44.37990188598633,99.9635238647461
2023-03-09,148.57843017578125,338.3699951171875,92.25,28.41210174560547,461.0319519042969,176.57456970214844,142.75436401367188,93.92804718017578,91.627685546875,268.783203125,139.0482940673828,121.39937591552734,54.33024597167969,348.30548095703125,180.42965698242188,247.04539489746094,29.777999877929688,23.416540145874023,156.65695190429688,126.50485229492188,172.9199981689453,440.1154479980469,215.51441955566406,44.08103942871094,99.19093322753906
2023-03-10,146.516357421875,329.29998779296875,90.7300033569336,28.160913467407227,452.9750671386719,171.10108947753906,142.00730895996094,91.41717529296875,89.95036315917969,267.20599365234375,139.38844299316406,124.48231506347656,54.101810455322266,341.1024169921875,178.26475524902344,243.39337158203125,29.275999069213867,22.945926666259766,156.8666534423828,127.07917785644531,173.44000244140625,437.3318176269531,211.7235107421875,44.01676559448242,97.96389770507812
2023-03-13,148.4600372314453,324.2699890136719,92.43000030517578,26.523542404174805,453.8019104003906,173.4031219482422,141.1535186767578,90.46949768066406,90.4267578125,267.4019775390625,140.72154235839844,122.24696350097656,54.650047302246094,338.743896484375,179.64511108398438,248.6119384765625,29.35099983215332,22.94692611694336,158.39859008789062,127.95915222167969,174.47999572753906,440.51446533203125,210.08761596679688,44.14530563354492,96.83683013916016
2023-03-14,150.5517120361328,333.3299865722656,94.87999725341797,26.75612449645996,463.3394470214844,180.69451904296875,142.9767303466797,91.2120132446289,93.26531982421875,266.5153503417969,141.51223754882812,125.38577270507812,54.851070404052734,346.71356201171875,192.6741180419922,255.33831787109375,29.493999481201172,24.043018341064453,158.23443603515625,129.5430908203125,183.25999450683594,441.36944580078125,214.19200134277344,44.37990188598633,97.20040893554688
2023-03-15,150.9463653564453,333.6099853515625,96.19999694824219,26.50493812561035,466.93524169921875,180.71426391601562,136.78665161132812,90.95800018310547,95.3892593383789,268.7552490234375,141.90756225585938,119.46205139160156,55.21656036376953,342.05560302734375,196.37823486328125,259.89117431640625,30.378999710083008,24.207881927490234,161.0612030029297,131.377197265625,180.4499969482422,442.177001953125,211.94879150390625,44.87479782104492,92.36492156982422
2023-03-16,153.76820373535156,353.2900085449219,100.04000091552734,26.95149040222168,468.4735412597656,185.05157470703125,137.22244262695312,92.12061309814453,99.56768798828125,267.5979919433594,141.6133575439453,121.78126525878906,55.52040481567383,341.9769287109375,203.50843811035156,270.4261474609375,31.006000518798828,25.519794464111328,160.9517822265625,132.3590850830078,184.1300048828125,448.437744140625,213.00674438476562,44.6198844909668,91.82864379882812
2023-03-17,152.92950439453125,358.1400146484375,98.94999694824219,25.881616592407227,468.2716064453125,182.63099670410156,135.48814392089844,91.05569458007812,100.85794830322266,269.147216796875,140.0963897705078,117.18011474609375,55.26259994506836,343.6082763671875,194.25306701660156,273.5886535644531,30.350000381469727,25.703638076782227,159.6934051513672,132.39608764648438,180.1300048828125,446.0436706542969,212.94796752929688,44.981285095214844,90.74703979492188
2023-03-20,155.29747009277344,362.8800048828125,97.70999908447266,25.816495895385742,470.42529296875,183.0261688232422,137.4803924560547,92.0522232055664,100.46094512939453,269.9591979980469,141.48460388183594,118.41889190673828,55.79662322998047,343.27410888671875,196.43783569335938,266.5391540527344,30.51300048828125,25.87849235534668,161.9365997314453,134.43394470214844,183.25,453.1309509277344,213.6924285888672,45.465293884277344,93.11933135986328
2023-03-21,157.15234375,374.2200012207031,100.61000061035156,26.59796714782715,471.9251708984375,186.41500854492188,141.68711853027344,94.31884765625,104.13319396972656,270.1177978515625,141.48460388183594,121.59498596191406,55.538814544677734,348.4333190917969,200.75765991210938,268.0567626953125,30.57900047302246,26.177242279052734,162.31956481933594,133.4613494873047,197.5800018310547,456.11407470703125,217.414794921875,45.31041717529297,97.2912826538086
2023-03-22,155.7217254638672,361.7099914550781,98.69999694824219,25.714160919189453,468.7234191894531,184.27105712890625,138.80552673339844,92.7165756225586,102.59481811523438,263.75286865234375,138.87355041503906,118.4561538696289,55.29022216796875,344.9544677734375,198.4239501953125,266.59796142578125,29.389999389648438,26.446020126342773,160.9517822265625,133.3780059814453,191.14999389648438,451.7629089355469,215.54380798339844,45.02000045776367,95.06442260742188
2023-03-23,156.80702209472656,369.0,98.70999908447266,25.090843200683594,468.9542541503906,185.1898651123047,137.42701721191406,93.62519073486328,104.80809783935547,264.9660949707031,138.94712829589844,118.13946533203125,55.17051696777344,348.2366943359375,202.86293029785156,271.85565185546875,32.0369987487793,27.168424606323242,160.16758728027344,133.19273376464844,192.22000122070312,446.43316650390625,218.04171752929688,45.38462448120117,93.99189758300781
2023-03-24,158.10939025878906,374.9599914550781,98.12999725341797,25.248998641967773,476.1746520996094,187.7784423828125,138.79664611816406,91.91544342041016,104.64929962158203,264.135498046875,140.34458923339844,116.34186553955078,56.072845458984375,345.544189453125,204.5809326171875,274.704833984375,32.8390007019043,26.75676155090332,163.3043975830078,135.90679931640625,190.41000366210938,452.2094421386719,216.52337646484375,45.75571060180664,94.10095977783203
2023-03-27,156.1657257080078,373.1499938964844,98.04000091552734,26.50493812561035,474.2037353515625,188.96401977539062,140.21075439453125,93.42001342773438,101.691650390625,262.5022888183594,140.94219970703125,119.67630004882812,56.48717498779297,348.48236083984375,201.43292236328125,270.60247802734375,32.76599884033203,26.508968353271484,163.66912841796875,135.19354248046875,191.80999755859375,457.82415771484375,217.27764892578125,46.520450592041016,96.16423034667969
2023-03-28,155.54412841796875,373.3999938964844,97.23999786376953,26.160715103149414,468.0024108886719,189.99156188964844,141.8472442626953,92.63842010498047,100.2723617553711,262.0823059082031,139.58151245117188,120.0395278930664,56.5516242980957,348.1973876953125,199.2878875732422,269.47650146484375,32.35200119018555,26.38806915283203,163.61439514160156,135.57334899902344,189.19000244140625,448.96978759765625,215.82791137695312,46.339752197265625,97.364013671875
2023-03-29,158.6224365234375,379.1600036621094,100.25,26.672393798828125,471.9443359375,194.27943420410156,143.065673828125,94.6412582397461,100.6296615600586,264.45281982421875,140.95140075683594,120.28168487548828,56.956748962402344,353.307373046875,203.92550659179688,274.6461181640625,33.202999114990234,26.961591720581055,164.74510192871094,135.99017333984375,193.8800048828125,443.2790222167969,218.7372283935547,46.53981018066406,99.03641510009766
2023-03-30,160.19122314453125,381.8999938964844,102.0,26.328170776367188,472.53082275390625,194.23992919921875,144.42640686035156,95.84295654296875,100.1334228515625,266.3193359375,141.06173706054688,119.91845703125,56.94754409790039,353.04205322265625,206.39822387695312,278.11212158203125,33.84299850463867,27.360260009765625,164.8909912109375,136.58297729492188,195.27999877929688,446.5756530761719,217.81642150878906,47.00446701049805,99.51814270019531
2023-03-31,162.69728088378906,385.3699951171875,103.29000091552734,26.60727310180664,477.7130126953125,197.38177490234375,145.11126708984375,97.82624816894531,102.95211791992188,275.4281311035156,142.50518798828125,121.3714370727539,57.1132698059082,357.1202697753906,210.46981811523438,282.273193359375,34.54800033569336,27.75393295288086,166.23141479492188,137.7316131591797,207.4600067138672,448.9792785644531,220.8530731201172,47.57884216308594,99.67266082763672
2023-04-03,163.9503173828125,380.0799865722656,102.41000366210938,26.59796714782715,477.8667907714844,194.13124084472656,151.15011596679688,97.46475982666016,103.57740783691406,277.86407470703125,144.20603942871094,121.23172760009766,57.453948974609375,360.1273193359375,211.5919647216797,281.2255859375,34.827999114990234,27.9417781829834,166.41378784179688,138.4911651611328,194.77000427246094,469.5001220703125,224.3207550048828,47.97895431518555,105.55341339111328
2023-04-04,163.4175262451172,385.1499938964844,103.94999694824219,26.03046989440918,478.5398864746094,194.83274841308594,150.34078979492188,97.27913665771484,103.93470764160156,275.27874755859375,145.7138214111328,119.61109161376953,57.27900314331055,357.601806640625,213.23052978515625,281.1766662597656,34.67499923706055,27.43020248413086,165.82110595703125,139.15809631347656,192.5800018310547,468.6070861816406,223.00814819335938,47.50784683227539,104.54449462890625
2023-04-05,161.572509765625,382.0199890136719,101.0999984741211,25.714160919189453,477.9629821777344,192.96543884277344,151.08787536621094,97.61131286621094,103.68656921386719,269.40850830078125,152.25987243652344,119.7894287109375,57.822242736816406,358.05450439453125,210.0129852294922,278.3960266113281,34.23500061035156,26.85867691040039,167.45330810546875,140.11219787597656,185.52000427246094,483.78875732421875,223.50770568847656,48.29518127441406,106.33509063720703
2023-04-06,162.4605255126953,380.6000061035156,102.05999755859375,25.900224685668945,467.24285888671875,190.23854064941406,149.10452270507812,97.66993713378906,107.60694885253906,269.3524475097656,151.83692932128906,119.65802764892578,57.859066009521484,355.7710876464844,214.6009521484375,285.50421142578125,33.93299865722656,27.014549255371094,168.10984802246094,141.00144958496094,185.05999755859375,487.1898193359375,221.37222290039062,48.65980911254883,104.57178497314453
2023-04-10,159.86561584472656,376.25,102.16999816894531,25.993257522583008,474.7901916503906,189.1912841796875,149.67372131347656,98.49060821533203,105.64179992675781,271.74169921875,151.07386779785156,120.05227661132812,57.72096252441406,354.4620666503906,213.26028442382812,283.3404235839844,33.89899826049805,27.55609703063965,167.0520782470703,139.83428955078125,184.50999450683594,489.44146728515625,221.8032684326172,48.56623077392578,104.10823059082031
2023-04-11,158.65203857421875,371.1099853515625,99.91999816894531,26.709606170654297,479.42437744140625,186.6224822998047,150.50086975097656,98.10957336425781,104.55996704101562,274.168212890625,151.0278778076172,120.6436767578125,57.61967849731445,358.3891296386719,212.36654663085938,276.9176025390625,33.82099914550781,27.146440505981445,166.7967987060547,139.556396484375,186.7899932861328,494.9422302246094,223.78196716308594,48.424251556396484,104.84445190429688
2023-04-12,157.96141052246094,369.8900146484375,97.83000183105469,26.495634078979492,470.4829406738281,188.0353240966797,151.03453063964844,95.68663787841797,103.85529327392578,271.0604248046875,150.7061004638672,120.6249008178711,57.72096252441406,356.0762023925781,212.51551818847656,277.56378173828125,33.10300064086914,26.472999572753906,166.468505859375,139.93618774414062,180.5399932861328,495.1512756347656,223.15505981445312,48.188697814941406,104.7353744506836
2023-04-13,163.3484649658203,378.79998779296875,102.4000015258789,26.570058822631836,478.6937255859375,191.69090270996094,153.05340576171875,98.51991271972656,106.62438201904297,272.6562805175781,152.7195587158203,121.08485412597656,58.144508361816406,363.8221130371094,218.8214874267578,283.7810363769531,34.61899948120117,26.44102668762207,168.1280975341797,140.5845947265625,185.89999389648438,499.93939208984375,227.93536376953125,48.23710250854492,105.22620391845703
2023-04-14,163.00314331054688,379.3800048828125,102.51000213623047,27.46316909790039,472.3578186035156,192.31333923339844,153.3647003173828,97.6015396118164,108.05358123779297,272.6936340332031,152.4713134765625,130.22796630859375,58.05242156982422,366.5583190917969,219.9535369873047,280.158447265625,33.862998962402344,26.73577880859375,167.33477783203125,139.87136840820312,185.0,486.2208557128906,229.2381591796875,47.911190032958984,105.48069763183594
2023-04-17,163.02285766601562,377.9200134277344,102.73999786376953,28.25394630432129,474.89599609375,194.71417236328125,152.0128173828125,97.99234771728516,105.17533111572266,275.68939208984375,152.3150177001953,131.26052856445312,58.429927825927734,366.88311767578125,217.341796875,282.76275634765625,33.27199935913086,26.979576110839844,168.19192504882812,139.91766357421875,187.0399932861328,480.1026306152344,228.70919799804688,48.246788024902344,104.25365447998047
2023-04-18,164.24630737304688,377.54998779296875,102.30000305175781,28.43070411682129,477.74188232421875,196.11712646484375,151.65708923339844,98.60785675048828,103.71634674072266,279.00262451171875,148.0306854248047,132.7343292236328,58.522003173828125,366.4500732421875,216.3785400390625,282.341796875,33.369998931884766,27.644025802612305,168.53843688964844,140.06588745117188,184.30999755859375,479.27606201171875,228.82675170898438,48.353267669677734,106.28964233398438
2023-04-19,165.3908233642578,380.1099853515625,104.30000305175781,27.965547561645508,476.9054260253906,196.53208923339844,151.79937744140625,96.47799682617188,103.39874267578125,277.0987243652344,149.42816162109375,132.5653533935547,58.63248825073242,366.92242431640625,214.2036895751953,282.4201354980469,32.3120002746582,27.90781021118164,168.4381103515625,140.09368896484375,180.58999633789062,461.90936279296875,227.81781005859375,48.40489959716797,105.9533462524414
2023-04-20,164.42388916015625,380.260009765625,103.80999755859375,27.816692352294922,486.087158203125,195.13900756835938,151.0612030029297,95.81364440917969,104.50042724609375,278.64794921875,150.39352416992188,132.18045043945312,58.890296936035156,369.0877380371094,211.5919647216797,280.1289978027344,32.53499984741211,27.081493377685547,168.9943389892578,140.6072540283203,162.99000549316406,463.10638427734375,229.80630493164062,48.71466064453125,105.10803985595703
2023-04-21,162.81570434570312,377.6700134277344,106.95999908447266,27.788782119750977,486.8275146484375,196.64076232910156,150.4119415283203,97.27913665771484,104.61952209472656,280.0198669433594,149.57525634765625,131.92701721191406,58.973175048828125,369.323974609375,211.41323852539062,279.786376953125,32.79800033569336,27.096481323242188,169.06729125976562,145.47280883789062,165.0800018310547,459.64825439453125,229.26756286621094,48.959903717041016,105.44434356689453
2023-04-24,163.12155151367188,377.3399963378906,106.20999908447266,27.68644905090332,491.7020263671875,192.58009338378906,152.51087951660156,97.38660430908203,105.17533111572266,281.51312255859375,150.48544311523438,132.1053924560547,58.88108825683594,368.822021484375,211.31390380859375,275.8797302246094,32.902000427246094,27.01954460144043,169.1493682861328,145.73379516601562,162.5500030517578,464.5123596191406,228.00390625,49.29225540161133,107.43487548828125
2023-04-25,161.58236694335938,369.5899963378906,102.56999969482422,26.830551147460938,483.7701416015625,188.38111877441406,150.29632568359375,95.75503540039062,103.07122039794922,276.55743408203125,151.86453247070312,129.23292541503906,58.78901672363281,362.7197570800781,206.11026000976562,269.66253662109375,32.255001068115234,26.219205856323242,172.98828125,145.77110290527344,160.6699981689453,467.3435974121094,224.898681640625,48.908267974853516,105.90789794921875
2023-04-26,161.572509765625,363.05999755859375,104.9800033569336,26.45842170715332,475.5882263183594,189.22093200683594,147.6192626953125,94.38724517822266,102.93228149414062,268.8485412597656,149.51089477539062,126.94243621826172,58.512794494628906,360.97772216796875,207.94741821289062,289.1954650878906,32.1150016784668,26.933616638183594,171.92140197753906,144.08399963378906,153.75,458.8216552734375,223.4880828857422,48.69530487060547,104.93534088134766
2023-04-27,166.160400390625,371.4200134277344,109.81999969482422,26.87706756591797,481.943359375,193.5878448486328,148.4820098876953,97.630859375,106.78318786621094,274.3174743652344,149.86026000976562,128.65090942382812,58.63248825073242,367.7787170410156,236.9051513671875,298.4577331542969,32.584999084472656,27.203392028808594,172.97003173828125,145.84567260742188,160.19000244140625,465.96600341796875,224.3305206298828,48.84695816040039,106.18965148925781
2023-04-28,167.41343688964844,377.55999755859375,105.44999694824219,27.239892959594727,483.8182373046875,195.9886932373047,149.9316864013672,100.1417236328125,106.53504180908203,280.4864807128906,150.50384521484375,129.76797485351562,59.06523513793945,374.0384521484375,238.65293884277344,300.8369445800781,32.99300003051758,27.7259578704834,174.06427001953125,145.7617645263672,164.30999755859375,467.5050048828125,227.97451782226562,48.71466064453125,107.5621337890625
2023-05-01,167.3246307373047,374.1499938964844,102.05000305175781,27.01661491394043,474.55950927734375,195.41563415527344,148.73992919921875,99.85839080810547,106.39608764648438,277.83599853515625,150.41188049316406,132.5465850830078,59.20335006713867,373.8711242675781,241.4930877685547,299.1723937988281,32.4119987487793,28.88599395751953,174.78465270996094,145.93887329101562,161.8300018310547,470.9347229003906,227.75897216796875,48.91472244262695,104.22637176513672
2023-05-02,166.2886505126953,368.6600036621094,103.62999725341797,26.197933197021484,475.73248291015625,191.5130615234375,142.3363800048828,98.28543853759766,104.53019714355469,274.6441955566406,151.72662353515625,130.4062957763672,58.936344146728516,370.10150146484375,237.58042907714844,299.02557373046875,31.7549991607666,28.18657684326172,175.30441284179688,145.80836486816406,160.30999755859375,468.7400817871094,222.3419952392578,48.78242492675781,100.07259368896484
2023-05-03,165.2131805419922,345.25,103.6500015258789,25.91883087158203,471.16558837890625,190.29783630371094,139.48147583007812,98.53944396972656,104.61952209472656,273.5242004394531,149.74075317382812,127.64647674560547,58.6048698425293,368.98931884765625,235.38577270507812,298.0367126464844,31.93000030517578,27.778913497924805,175.24057006835938,145.62193298339844,160.61000061035156,464.98748779296875,221.36244201660156,48.60172653198242,98.1002197265625
2023-05-04,163.57540893554688,335.8299865722656,104.0,25.109445571899414,472.4180603027344,190.0706024169922,138.93893432617188,95.2079086303711,103.90492248535156,266.6833190917969,149.06039428710938,125.90048217773438,58.6693229675293,370.1900939941406,231.90011596679688,299.02557373046875,32.077999114990234,27.53911590576172,176.33480834960938,144.95082092285156,161.1999969482422,462.93536376953125,220.99021911621094,48.737762451171875,96.38236236572266
2023-05-05,171.25149536132812,348.3999938964844,105.66000366210938,25.779281616210938,480.8193664550781,195.21804809570312,142.48757934570312,98.20726776123047,104.77832794189453,270.2951354980469,149.56605529785156,128.3599090576172,58.94553756713867,378.595458984375,231.1652374267578,304.15606689453125,32.2760009765625,28.656185150146484,177.14634704589844,145.43551635742188,170.05999755859375,469.5856628417969,227.04393005371094,49.158843994140625,98.78192138671875
2023-05-08,171.18240356445312,344.05999755859375,105.83000183105469,25.760677337646484,480.8193664550781,195.52432250976562,141.92726135253906,100.60090637207031,106.96183013916016,268.7179260253906,149.2259063720703,128.66970825195312,58.85346984863281,379.4320983886719,231.65184020996094,302.1977844238281,33.12099838256836,29.12679100036621,176.3074493408203,144.75511169433594,171.7899932861328,468.0085754394531,227.4847412109375,49.466548919677734,99.17276763916016
2023-05-09,169.4755096435547,342.6499938964844,106.62000274658203,25.73276710510254,482.48614501953125,198.7649383544922,141.51812744140625,99.82909393310547,106.54497528076172,271.19110107421875,148.06744384765625,128.05014038085938,58.365482330322266,376.9025573730469,231.7511444091797,300.582275390625,33.2140007019043,28.547271728515625,177.02780151367188,143.2730712890625,169.14999389648438,465.8804626464844,228.4936981201172,49.55076217651367,99.20002746582031
2023-05-10,171.24160766601562,344.0199890136719,110.19000244140625,25.416458129882812,481.3974304199219,202.39089965820312,139.7126922607422,98.8130111694336,110.91197204589844,269.7444763183594,148.61907958984375,128.1158447265625,58.466758728027344,376.5089111328125,231.46316528320312,305.78131103515625,33.54199981689453,28.86101531982422,177.14634704589844,143.5713348388672,168.5399932861328,465.5860290527344,226.5443878173828,49.4114875793457,97.92752838134766
2023-05-11,171.4290771484375,341.5799865722656,112.18000030517578,25.48158073425293,483.5459289550781,201.0274658203125,138.93893432617188,90.18616485595703,115.69583892822266,268.493896484375,148.0122833251953,127.71219635009766,58.798221588134766,377.34552001953125,234.1543426513672,303.6273498535156,34.47600173950195,28.554269790649414,178.12200927734375,143.9069061279297,172.0800018310547,464.34149169921875,226.7308349609375,49.59610366821289,96.15514373779297
2023-05-12,170.50035095214844,335.45001220703125,110.26000213623047,25.202484130859375,485.646240234375,199.3873748779297,139.29469299316406,89.87352752685547,116.62879943847656,271.08843994140625,147.8192138671875,125.88168334960938,59.028411865234375,375.8986511230469,232.1880645751953,302.51116943359375,33.98899841308594,28.31646728515625,178.83328247070312,145.3702850341797,167.97999572753906,466.68798828125,227.09400939941406,49.57991409301758,96.14604187011719
2023-05-15,170.00631713867188,345.6700134277344,111.19999694824219,25.72346305847168,483.6904296875,200.88914489746094,139.810546875,90.72352600097656,115.63629150390625,269.2871398925781,146.68836975097656,126.94243621826172,58.871883392333984,377.3652038574219,237.20306396484375,302.9908752441406,33.5890007019043,28.928956985473633,177.14634704589844,145.41690063476562,166.35000610351562,462.536376953125,228.49746704101562,49.194461822509766,96.32939910888672
2023-05-16,170.00631713867188,345.1099853515625,113.4000015258789,25.453670501708984,478.0156555175781,202.10435485839844,136.5287322998047,88.88677978515625,118.6137924194336,263.4915466308594,146.49530029296875,126.0882339477539,58.208953857421875,374.2451477050781,237.16331481933594,305.22320556640625,33.375,29.188739776611328,176.38040161132812,145.1652069091797,166.52000427246094,455.7530822753906,226.20083618164062,48.51427459716797,93.99153137207031
2023-05-17,170.618896484375,356.6300048828125,115.5,26.579360961914062,476.9077453613281,206.86654663085938,138.48538208007812,90.63558959960938,119.9338150024414,272.8803405761719,146.17352294921875,129.96511840820312,58.144508361816406,380.8985595703125,240.80789184570312,308.10809326171875,33.99599838256836,30.152938842773438,175.13113403320312,144.550048828125,173.86000061035156,460.5887451171875,228.34043884277344,48.43330001831055,96.1001968383789
2023-05-18,172.95062255859375,360.42999267578125,118.1500015258789,26.486328125,479.8945007324219,210.75921630859375,138.31471252441406,91.6028060913086,121.90888977050781,275.4654846191406,145.70465087890625,130.95074462890625,57.822242736816406,385.83941650390625,245.1376190185547,312.5432434082031,37.12900161743164,31.651691436767578,174.67523193359375,142.17318725585938,176.88999938964844,455.2875061035156,229.27285766601562,49.061668395996094,96.97117614746094
2023-05-19,173.0592803955078,371.25,116.25,26.151411056518555,478.3721923828125,207.83474731445312,139.410400390625,89.24826049804688,121.83941650390625,271.4710388183594,146.10000610351562,130.6503448486328,57.84987258911133,379.4910888671875,243.93601989746094,312.3666687011719,36.5359992980957,31.238037109375,174.93051147460938,142.76971435546875,180.13999938964844,454.8980407714844,228.98822021484375,48.55638122558594,97.42041015625
2023-05-22,172.1107940673828,372.04998779296875,115.01000213623047,26.365388870239258,473.89215087890625,207.73594665527344,136.9047393798828,89.70744323730469,124.11225128173828,271.2657470703125,145.3125762939453,129.57083129882812,56.63449478149414,378.467529296875,246.59747314453125,315.1533508300781,36.30099868774414,31.150110244750977,170.1888885498047,139.0320281982422,188.8699951171875,456.60809326171875,226.99583435058594,48.12882614135742,96.23771667480469
2023-05-23,169.50245666503906,370.4200134277344,114.98999786376953,26.58866310119629,467.1480407714844,204.15940856933594,140.8653106689453,87.75346374511719,121.64091491699219,275.2601318359375,145.25698852539062,128.2191162109375,56.5332145690918,367.8574523925781,245.02841186523438,309.344482421875,35.5989990234375,30.662513732910156,169.6691131591797,137.5313262939453,185.77000427246094,455.487060546875,220.41995239257812,48.03813552856445,97.54876708984375
2023-05-24,169.7790985107422,365.760009765625,116.75,26.14211082458496,465.11517333984375,206.5503387451172,141.2425079345703,87.02070617675781,119.99337005615234,271.6763916015625,145.11805725097656,127.0456771850586,56.0544319152832,362.6902160644531,247.48126220703125,307.9609069824219,36.48500061035156,30.51264190673828,168.59312438964844,136.39414978027344,182.89999389648438,456.8075866699219,218.13311767578125,47.8178825378418,98.63976287841797
2023-05-25,170.91529846191406,392.05999755859375,115.0,26.207233428955078,468.7666015625,207.39016723632812,138.80865478515625,86.11211395263672,122.55402374267578,267.61669921875,143.03382873535156,127.3554916381836,55.62168502807617,364.2059326171875,250.93711853027344,319.8044738769531,35.900001525878906,37.948463439941406,167.59922790527344,135.5179901123047,184.47000122070312,453.8340148925781,219.24217224121094,47.34174346923828,96.8703384399414
2023-05-26,173.32603454589844,415.3900146484375,120.11000061035156,26.33747673034668,488.71966552734375,212.85379028320312,138.37757873535156,86.25865936279297,123.67554473876953,273.2909240722656,142.97825622558594,128.5476531982422,55.48357391357422,368.4676818847656,260.2222900390625,326.64361572265625,37.88800048828125,38.91366195678711,167.39862060546875,135.52728271484375,193.1699981689453,457.46307373046875,220.84197998046875,47.42595672607422,96.23771667480469
2023-05-30,175.17361450195312,417.2099914550781,121.66000366210938,26.29096221923828,489.4614562988281,216.24261474609375,137.5154266357422,85.7994613647461,122.74259185791016,272.8896484375,142.99676513671875,129.03578186035156,55.04161071777344,361.7059631347656,260.69891357421875,324.9951171875,39.29800033569336,40.077693939208984,165.60223388671875,133.45802307128906,201.16000366210938,455.8765563964844,217.534423828125,47.30935287475586,95.38508605957031
2023-05-31,175.12420654296875,417.7900085449219,120.58000183105469,25.85371208190918,492.8624572753906,220.69847106933594,135.27020263671875,85.93624877929688,121.94860076904297,266.4412841796875,143.63592529296875,127.3930435180664,54.931129455566406,359.2651062011719,262.8836364746094,322.22802734375,39.52299880981445,37.802581787109375,166.27703857421875,132.82420349121094,203.92999267578125,462.8973388671875,216.9357147216797,47.57171630859375,93.67981719970703
2023-06-01,177.9301300048828,426.75,122.7699966430664,26.050636291503906,493.8644104003906,210.34423828125,136.65325927734375,86.55175018310547,122.7922134399414,271.0848388671875,143.15423583984375,129.14842224121094,55.24418258666992,365.0326843261719,270.7188720703125,326.3394470214844,40.3129997253418,39.73697280883789,167.29165649414062,134.1851043701172,207.52000427246094,468.96807861328125,222.30438232421875,47.746620178222656,94.76165771484375
2023-06-02,178.77981567382812,436.3699951171875,124.25,26.92274284362793,493.8548583984375,210.47271728515625,140.3354034423828,88.68159484863281,123.73509216308594,278.18182373046875,145.40521240234375,131.86131286621094,56.31223678588867,367.8377990722656,270.7188720703125,329.1065368652344,40.047000885009766,39.294342041015625,169.00872802734375,136.57127380371094,213.97000122070312,474.6208190917969,224.5519561767578,48.20331954956055,96.96200561523438
2023-06-05,177.42625427246094,434.17999267578125,125.30000305175781,26.763324737548828,499.30792236328125,207.3407440185547,139.66183471679688,88.90630340576172,125.0650405883789,275.51220703125,146.65577697753906,130.56588745117188,55.93472671508789,364.67840576171875,269.5074157714844,329.63641357421875,40.354000091552734,39.13847351074219,169.1281280517578,136.03065490722656,217.61000061035156,473.3003234863281,222.5693817138672,48.520748138427734,96.5311050415039
2023-06-06,177.06072998046875,432.8900146484375,126.61000061035156,27.410369873046875,497.39068603515625,210.2948760986328,139.91331481933594,90.03961944580078,126.35530090332031,278.2381896972656,146.5260772705078,130.80056762695312,55.529605865478516,373.9696044921875,269.23931884765625,327.4188232421875,39.92900085449219,38.62190246582031,166.71316528320312,134.6790771484375,221.30999755859375,463.2108459472656,223.99252319335938,48.51427459716797,97.31956481933594
2023-06-07,175.68739318847656,418.32000732421875,121.2300033569336,27.644805908203125,492.5445861816406,203.2603302001953,143.5416259765625,90.39132690429688,121.58136749267578,283.5962219238281,146.8410186767578,132.06785583496094,55.44674301147461,365.5346984863281,261.77142333984375,317.31207275390625,39.97700119018555,37.44774627685547,165.38177490234375,134.9680633544922,224.57000732421875,458.04266357421875,221.09716796875,48.58552551269531,99.50157928466797
2023-06-08,178.4043731689453,439.0299987792969,124.25,27.410369873046875,501.08074951171875,207.0146942138672,143.01173400878906,90.40111541748047,121.22407531738281,283.0227355957031,148.4528350830078,132.1053924560547,55.5848503112793,361.7945556640625,262.74462890625,319.1567687988281,40.9370002746582,38.48200225830078,167.2090301513672,136.4967041015625,234.86000061035156,465.7379455566406,218.9182891845703,49.28839874267578,99.18985748291016
2023-06-09,178.7897186279297,454.0,123.43000030517578,27.4478816986084,498.37347412109375,212.725341796875,142.67042541503906,89.81491088867188,121.31339263916016,279.5072021484375,148.22125244140625,132.3682098388672,55.67692947387695,363.3989562988281,263.112060546875,320.6580505371094,42.00199890136719,38.74181365966797,167.4385986328125,136.6085205078125,244.39999389648438,468.9586486816406,219.41883850097656,49.586387634277344,98.45640563964844
2023-06-12,181.5857696533203,474.6300048828125,126.56999969482422,27.31659507751465,501.9284973144531,211.12478637695312,141.29637145996094,90.99707794189453,122.71281433105469,282.80657958984375,148.11935424804688,132.35882568359375,55.43753433227539,369.3928527832031,269.16973876953125,325.6231384277344,42.39699935913086,39.45329666137695,167.02537536621094,135.53663635253906,249.8300018310547,467.9801025390625,221.98048400878906,49.91353988647461,97.56710052490234
2023-06-13,181.1115264892578,478.989990234375,126.66000366210938,27.569787979125977,502.9401550292969,206.47132873535156,142.35610961914062,91.69073486328125,122.90139770507812,282.0733337402344,148.8974609375,133.3163299560547,55.658512115478516,365.5248718261719,269.4378967285156,328.0173645019531,43.573001861572266,40.99217224121094,166.69479370117188,135.21038818359375,258.7099914550781,466.7640380859375,219.26177978515625,50.30221939086914,97.58544158935547
2023-06-14,181.7438507080078,479.5299987792969,126.41999816894531,27.307218551635742,507.9308166503906,206.88629150390625,141.080810546875,90.32294464111328,122.74259185791016,281.7255859375,149.6570281982422,132.8188018798828,56.036014556884766,368.8515930175781,271.453857421875,331.0101013183594,44.08599853515625,42.96575164794922,168.19151306152344,136.47805786132812,256.7900085449219,436.88525390625,219.30105590820312,50.810752868652344,96.41191864013672
2023-06-15,183.77914428710938,490.9100036621094,127.11000061035156,27.541658401489258,509.8385314941406,209.3760223388672,142.14956665039062,90.80168151855469,124.15194702148438,283.89697265625,151.66717529296875,134.3207244873047,56.8060417175293,373.0641174316406,279.875,341.5682067871094,44.527000427246094,42.62199401855469,170.52381896972656,138.37020874023438,255.89999389648438,444.43096923828125,221.98048400878906,51.08930587768555,97.08118438720703
2023-06-16,182.7022247314453,495.17999267578125,125.48999786376953,27.37286376953125,504.5106506347656,209.21792602539062,141.23350524902344,89.21894073486328,122.6036376953125,282.3554382324219,152.13034057617188,134.48033142089844,57.214256286621094,370.59368896484375,279.05072021484375,335.9064636230469,43.19599914550781,42.66095733642578,170.82681274414062,139.38616943359375,260.5400085449219,437.371826171875,224.6697235107422,50.37672424316406,96.38441467285156
2023-06-20,182.7911376953125,485.8599853515625,125.77999877929688,27.07278060913086,500.7049865722656,214.36538696289062,138.01834106445312,87.68506622314453,122.17687225341797,283.3235778808594,152.03768920898438,133.7950439453125,56.83387756347656,368.7137756347656,282.3576354980469,331.706787109375,43.470001220703125,43.77614974975586,170.1565399169922,138.0998992919922,274.45001220703125,447.76971435546875,222.27491760253906,49.9329719543457,94.1749038696289
2023-06-21,181.7537384033203,477.4800109863281,124.83000183105469,26.79145622253418,500.6278381347656,207.07398986816406,139.09605407714844,86.60061645507812,119.64598083496094,282.6561584472656,151.80613708496094,133.5979461669922,56.99159240722656,370.2098388671875,279.6863098144531,327.301025390625,42.44499969482422,43.01370620727539,170.26670837402344,139.2930145263672,259.4599914550781,454.79071044921875,223.04051208496094,50.030147552490234,95.22923278808594
2023-06-22,184.7572784423828,477.5799865722656,130.14999389648438,26.219432830810547,505.04052734375,210.72958374023438,137.08432006835938,86.45405578613281,122.22649383544922,283.1073303222656,153.4179229736328,131.02584838867188,57.381256103515625,371.8436279296875,282.9038391113281,333.3356628417969,42.24800109863281,42.99371337890625,172.0297088623047,139.76834106445312,264.6099853515625,456.98480224609375,224.15936279296875,50.44797897338867,94.70664978027344
2023-06-23,184.44110107421875,484.7200012207031,129.3300018310547,26.02250099182129,505.2716979980469,207.5679931640625,135.92581176757812,86.07302856445312,121.42256927490234,282.7595520019531,153.28822326660156,130.34060668945312,56.77821350097656,373.8219299316406,286.7271728515625,328.733642578125,42.402000427246094,42.178314208984375,170.85438537597656,138.37957763671875,256.6000061035156,455.0292053222656,225.2978973388672,50.354042053222656,93.88150787353516
2023-06-26,183.0480499267578,479.510009765625,127.33000183105469,26.341339111328125,504.28900146484375,204.87075805664062,138.31471252441406,86.65922546386719,117.45256042480469,289.41473388671875,151.5745391845703,130.65977478027344,56.79676818847656,371.4696350097656,276.53826904296875,322.4341125488281,41.59400177001953,40.60246276855469,169.77085876464844,138.5193634033203,241.0500030517578,456.9942932128906,222.10809326171875,50.221248626708984,95.6142807006836
2023-06-27,185.80455017089844,489.2699890136719,129.17999267578125,26.48200225830078,510.94647216796875,206.31326293945312,137.88363647460938,87.01094818115234,117.44264221191406,294.9136657714844,151.25958251953125,130.66915893554688,56.67616271972656,375.7707214355469,285.0587463378906,328.2920837402344,41.70800018310547,41.84555435180664,170.9921112060547,139.83363342285156,250.2100067138672,460.3331604003906,223.12881469726562,50.03985595703125,95.85266876220703
2023-06-28,186.98028564453125,482.42999267578125,129.0399932861328,26.322582244873047,513.326171875,209.62301635742188,139.13198852539062,86.7862319946289,119.27877044677734,288.1175537109375,150.9539031982422,130.09652709960938,56.14734649658203,374.23529052734375,283.3110656738281,329.548095703125,42.98400115966797,41.08710861206055,168.67816162109375,139.80567932128906,256.239990234375,452.5966491699219,223.7373504638672,50.31193542480469,96.63195037841797
2023-06-29,187.3162384033203,483.7699890136719,127.9000015258789,26.8758544921875,512.2567749023438,207.90391540527344,140.31747436523438,86.9034652709961,118.20686340332031,289.3489074707031,152.00991821289062,134.639892578125,55.6834716796875,381.5580139160156,279.5770568847656,328.7630310058594,42.82400131225586,40.79231643676758,168.84347534179688,139.23707580566406,257.5,454.4950256347656,229.97955322265625,49.971839904785156,97.82379913330078
2023-06-30,191.64370727539062,488.989990234375,130.36000061035156,26.903987884521484,518.7022705078125,208.7239532470703,141.31436157226562,87.22587585449219,118.80236053466797,291.99969482421875,153.32528686523438,136.5267333984375,55.869014739990234,387.0992431640625,284.9892578125,334.1500549316406,44.04899978637695,42.271244049072266,170.0738983154297,141.43682861328125,261.7699890136719,458.5015869140625,233.08096313476562,50.91115951538086,98.32805633544922
2023-07-03,190.1518096923828,485.2099914550781,130.22000122070312,27.382238388061523,521.2649536132812,209.10928344726562,141.1885986328125,88.41780853271484,119.00086212158203,291.41693115234375,151.31515502929688,137.625,56.203006744384766,387.74884033203125,284.035888671875,331.6479187011719,44.14400100708008,42.382164001464844,170.42282104492188,142.14524841308594,279.82000732421875,455.86871337890625,233.56190490722656,51.241546630859375,98.52058410644531
2023-07-05,189.03536987304688,487.260009765625,130.3800048828125,27.269710540771484,521.3517456054688,211.25323486328125,140.38031005859375,87.72415161132812,120.83698272705078,292.1501159667969,150.81494140625,136.7082061767578,56.62049865722656,388.5066833496094,292.3280029296875,331.8049011230469,44.59000015258789,42.28623580932617,171.32264709472656,141.9028778076172,282.4800109863281,449.51544189453125,235.01449584960938,51.2123908996582,98.0163345336914
2023-07-06,189.5095977783203,481.2900085449219,128.36000061035156,26.51951026916504,517.7291259765625,207.6173858642578,137.2998809814453,86.69830322265625,119.20928955078125,283.89697265625,149.69410705566406,135.35662841796875,56.184452056884766,387.5013732910156,289.9645080566406,334.8663330078125,43.88399887084961,42.07239532470703,171.34104919433594,141.66986083984375,276.5400085449219,447.7410888671875,234.4550323486328,50.888484954833984,94.3582534790039
2023-07-07,188.39312744140625,485.2699890136719,129.77999877929688,26.753950119018555,505.85943603515625,207.07398986816406,138.5032958984375,86.60061645507812,118.58401489257812,284.6395263671875,147.51724243164062,136.42466735839844,55.44225311279297,383.1053161621094,288.5146179199219,330.892333984375,43.810001373291016,42.47209930419922,168.10890197753906,138.6964569091797,274.42999267578125,440.3194274902344,232.07005310058594,49.71596145629883,94.57828521728516
2023-07-10,186.3479766845703,496.3500061035156,127.12999725341797,26.8758544921875,507.74774169921875,210.25535583496094,139.4283447265625,86.07302856445312,115.57673645019531,291.6612854003906,147.75807189941406,137.19024658203125,55.02477264404297,386.5354309082031,292.0598449707031,325.6034240722656,44.17100143432617,42.14933395385742,169.2291259765625,138.7523956298828,269.6099853515625,441.7217712402344,233.74838256835938,50.166175842285156,95.98102569580078
2023-07-11,185.82432556152344,504.739990234375,128.77999877929688,27.213443756103516,510.2816467285156,218.51499938964844,142.005859375,87.43104553222656,116.26155090332031,294.8384704589844,146.94293212890625,139.33578491210938,55.21959686279297,392.0945129394531,296.2207946777344,326.2314758300781,44.020999908447266,42.374168395996094,168.93527221679688,138.0253448486328,269.7900085449219,441.5691223144531,236.0941162109375,50.09168243408203,97.15453338623047
2023-07-12,187.49403381347656,507.3599853515625,130.8000030517578,27.53227996826172,518.3360595703125,224.5516357421875,143.37095642089844,88.07586669921875,118.03813171386719,298.4668884277344,146.43345642089844,140.0257110595703,55.516475677490234,394.9430847167969,307.19415283203125,330.8727722167969,44.404998779296875,43.870079040527344,168.19151306152344,138.74305725097656,271.989990234375,430.89459228515625,237.72335815429688,50.21800231933594,97.63127899169922
2023-07-13,188.25479125976562,517.280029296875,134.3000030517578,27.82297706604004,518.76953125,227.6045379638672,141.45802307128906,88.38850402832031,123.60606384277344,295.7220764160156,147.1096649169922,140.70623779296875,55.9896240234375,394.81488037109375,311.2359313964844,336.23028564453125,45.03799819946289,45.943572998046875,172.1949920654297,138.8362579345703,277.8999938964844,427.12646484375,238.80300903320312,49.92325210571289,95.8434829711914
2023-07-14,188.40301513671875,514.8300170898438,134.67999267578125,27.297842025756836,526.7181396484375,226.5770263671875,137.92855834960938,86.5810775756836,124.47946166992188,297.5080261230469,148.09153747558594,141.55690002441406,56.4998893737793,396.7369384765625,306.7273864746094,338.76190185546875,44.191001892089844,45.435943603515625,172.8193817138672,139.861572265625,281.3800048828125,458.05322265625,238.65577697753906,50.09492492675781,92.54297637939453
2023-07-17,191.6634521484375,522.0,133.55999755859375,27.569787979125977,532.7493286132812,225.2629852294922,137.8028106689453,83.59146118164062,123.71524047851562,297.0850830078125,147.35049438476562,144.96893310546875,56.41638946533203,396.4314270019531,308.46527099609375,339.24267578125,45.005001068115234,46.42721939086914,170.45034790039062,138.87355041503906,290.3800048828125,461.7830810546875,239.4703826904297,50.15646743774414,92.94637298583984
2023-07-18,191.40655517578125,532.22998046875,132.8300018310547,28.78885841369629,533.3563232421875,224.89744567871094,138.08119201660156,83.97249603271484,122.83191680908203,297.7524719238281,147.34124755859375,145.23358154296875,56.193729400634766,392.4493408203125,309.88531494140625,352.7444152832031,47.47999954223633,47.459468841552734,169.3668670654297,139.13453674316406,293.3399963378906,476.9698486328125,236.31005859375,50.065773010253906,92.52464294433594
2023-07-19,192.76014709472656,527.1699829101562,135.36000061035156,29.56719207763672,533.857421875,231.55653381347656,138.9254150390625,85.03741455078125,121.11488342285156,300.30926513671875,147.0448455810547,145.79124450683594,57.186424255371094,392.5577697753906,313.81787109375,348.4172058105469,47.75899887084961,47.04277801513672,171.02886962890625,140.08526611328125,291.260009765625,480.4994201660156,236.947998046875,50.081966400146484,93.16639709472656
2023-07-20,190.8137664794922,516.8800048828125,129.9600067138672,29.71722984313965,536.6031494140625,225.42108154296875,140.4611358642578,84.22651672363281,118.30612182617188,299.9426574707031,155.9745635986328,147.58702087402344,57.882232666015625,392.35076904296875,300.4215087890625,340.361328125,43.742000579833984,45.486907958984375,173.82022094726562,141.22116088867188,262.8999938964844,481.0145263671875,235.1813507080078,51.00832748413086,94.8074951171875
2023-07-21,189.6380157470703,520.22998046875,130.0,29.989177703857422,537.4702758789062,225.322265625,142.5177764892578,85.1741943359375,119.11995697021484,301.2398681640625,157.65121459960938,146.45281982421875,57.92862319946289,391.7889404296875,292.2187805175781,337.3194274902344,42.75,44.27678298950195,174.60992431640625,143.4441375732422,260.0199890136719,483.1990661621094,234.8182373046875,51.29660415649414,95.24756622314453
2023-07-24,190.43832397460938,523.8599853515625,128.8000030517578,30.617469787597656,543.318359375,222.9510955810547,145.32882690429688,84.60753631591797,120.6186294555664,305.6014099121094,158.4756622314453,149.33558654785156,57.947174072265625,398.9842529296875,289.587158203125,338.6343078613281,42.83700180053711,44.57957077026367,175.30776977539062,143.9037628173828,269.05999755859375,485.25,236.2805938720703,51.59782791137695,96.7419662475586
2023-07-25,191.29786682128906,525.3400268554688,129.1300048828125,30.148595809936523,544.5322875976562,223.31663513183594,145.9933624267578,83.65985870361328,121.29354858398438,305.6202392578125,159.6891326904297,148.22030639648438,57.752349853515625,395.5245666503906,292.42730712890625,344.3941955566406,42.77000045776367,45.64579391479492,175.71182250976562,144.24142456054688,265.2799987792969,487.39642333984375,234.2685546875,51.555728912353516,96.88866424560547
2023-07-26,192.1673126220703,514.5499877929688,128.14999389648438,30.39240837097168,545.4763793945312,222.8720703125,144.89767456054688,83.88456726074219,128.30059814453125,309.8126220703125,159.9948272705078,149.1087188720703,58.494544982910156,396.638427734375,296.4988098144531,331.4320373535156,42.266998291015625,45.4189567565918,175.93215942382812,144.39151000976562,264.3500061035156,484.601318359375,232.7080535888672,51.74034881591797,96.34773254394531
2023-07-27,190.90267944335938,513.969970703125,128.25,29.96104621887207,541.295166015625,222.4471893310547,143.38893127441406,83.39608001708984,128.4296112060547,309.9253845214844,160.89340209960938,147.4641571044922,57.92862319946289,388.841796875,309.54766845703125,324.51434326171875,41.31700134277344,45.86663055419922,173.11322021484375,142.67501831054688,255.7100067138672,481.95892333984375,230.09730529785156,51.552486419677734,96.6502914428711
2023-07-28,193.4813690185547,528.8699951171875,132.2100067138672,29.914155960083008,542.730712890625,222.89183044433594,142.67941284179688,84.14836120605469,131.5857696533203,311.4858093261719,161.6251678466797,148.3053436279297,57.96573257446289,387.3239440917969,323.2221984863281,332.02081298828125,42.577999114990234,46.71601104736328,174.74765014648438,146.7082977294922,266.44000244140625,479.74578857421875,231.38302612304688,51.79541778564453,95.49510955810547
2023-07-31,194.0939483642578,546.1699829101562,133.67999267578125,30.007932662963867,540.1775512695312,222.30886840820312,146.9812774658203,86.8448486328125,131.7247314453125,313.80755615234375,155.1872100830078,149.2978057861328,57.45547103881836,388.6249694824219,316.3899230957031,329.61676025390625,43.89699935913086,46.69502639770508,172.13070678710938,146.60513305664062,267.42999267578125,483.04638671875,233.3263702392578,51.77922058105469,98.31889343261719
2023-08-01,193.26400756835938,549.0999755859375,131.69000244140625,29.65159034729004,535.1675415039062,221.5777587890625,145.75987243652344,86.98162841796875,130.56350708007812,312.1437683105469,156.44699096679688,148.56056213378906,57.307029724121094,391.375,320.4714050292969,330.0289306640625,43.86199951171875,46.473182678222656,171.54306030273438,146.5582275390625,261.07000732421875,481.49151611328125,235.33836364746094,51.536293029785156,97.75045776367188
2023-08-02,190.27032470703125,530.2999877929688,128.2100067138672,29.24835777282715,532.16162109375,217.85302734375,143.4517822265625,84.31444549560547,127.41728210449219,308.78802490234375,157.39186096191406,146.87815856933594,57.483299255371094,384.4261169433594,312.1296691894531,321.3547668457031,42.970001220703125,44.23681640625,172.9112091064453,146.87713623046875,254.11000061035156,481.5487365722656,233.1595001220703,51.571922302246094,96.5311050415039
2023-08-03,188.87725830078125,523.760009765625,128.91000366210938,29.454660415649414,537.3064575195312,212.97232055664062,143.39791870117188,83.5230712890625,127.48674774169922,310.05706787109375,158.06808471679688,147.77606201171875,57.186424255371094,387.3731994628906,311.0174560546875,320.5305480957031,43.099998474121094,44.482635498046875,171.8185272216797,147.26170349121094,259.32000732421875,481.6059875488281,234.33726501464844,51.584877014160156,98.20886993408203
2023-08-04,179.807373046875,526.8800048828125,139.57000732421875,29.35150909423828,531.8629150390625,212.01397705078125,143.07460021972656,84.31444549560547,127.14929962158203,306.8422546386719,156.5859375,147.4641571044922,56.323612213134766,385.7370300292969,308.57452392578125,321.6295166015625,43.15999984741211,44.64751052856445,169.5045928955078,145.64840698242188,253.86000061035156,479.5740661621094,234.56301879882812,51.28688430786133,98.4839096069336
2023-08-07,176.70504760742188,529.72998046875,142.22000122070312,29.895401000976562,538.0,213.46633911132812,143.59547424316406,84.83226013183594,130.5436553955078,309.4178161621094,160.3468475341797,148.16357421875,56.7689323425293,391.1778869628906,314.36407470703125,323.915771484375,44.07600021362305,45.383975982666016,171.60731506347656,147.1866455078125,251.4499969482422,487.2151184082031,237.03631591796875,51.983280181884766,98.28221130371094
2023-08-08,177.6436309814453,520.5999755859375,139.94000244140625,29.32337760925293,535.7937622070312,209.0401153564453,143.3799285888672,86.10234069824219,130.41461181640625,308.139404296875,160.42095947265625,147.33184814453125,56.51844024658203,387.5506591796875,310.4712829589844,319.93194580078125,43.83000183105469,44.631534576416016,169.35765075683594,147.3461151123047,249.6999969482422,482.55987548828125,234.85745239257812,52.035091400146484,98.76812744140625
2023-08-09,176.0529327392578,513.780029296875,137.85000610351562,28.938899993896484,539.2429809570312,203.38876342773438,143.56854248046875,85.47705841064453,128.68765258789062,308.5154113769531,160.31907653808594,145.35643005371094,56.64833068847656,388.02374267578125,303.0927734375,316.18365478515625,42.88999938964844,42.5230598449707,168.93527221679688,147.15850830078125,242.19000244140625,478.9826354980469,235.3187713623047,52.11932373046875,100.44587707519531
2023-08-10,175.83558654785156,515.8300170898438,138.55999755859375,29.0139217376709,540.967529296875,205.75009155273438,144.43968200683594,89.6488265991211,128.71743774414062,309.63397216796875,159.4853515625,145.13905334472656,56.51844024658203,391.4439697265625,303.619140625,316.87054443359375,42.99800109863281,42.3571891784668,168.72409057617188,146.4269256591797,245.33999633789062,480.2896423339844,236.1545867919922,52.09330368041992,100.95930480957031
2023-08-11,175.8949432373047,508.45001220703125,138.41000366210938,29.342134475708008,542.3839111328125,206.19467163085938,147.4213409423828,86.97186279296875,128.5884246826172,311.24139404296875,161.0415802001953,145.98025512695312,56.75037384033203,389.31500244140625,299.5475769042969,314.986572265625,42.16600036621094,40.82529830932617,168.99038696289062,147.28048706054688,242.64999389648438,484.61090087890625,236.0365753173828,52.398868560791016,102.52705383300781
2023-08-14,177.54714965820312,522.25,140.57000732421875,29.00454330444336,540.9482421875,209.51434326171875,147.31358337402344,86.76669311523438,130.34512329101562,310.1510009765625,160.66177368164062,146.28273010253906,56.48133850097656,392.86328125,304.0660095214844,317.9596862792969,42.77799987792969,43.72119140625,168.60475158691406,146.12673950195312,239.75999450683594,487.39642333984375,238.84889221191406,52.00879669189453,102.60955810546875
2023-08-15,175.55856323242188,518.7000122070312,137.6699981689453,28.076173782348633,538.0963745117188,206.27371215820312,143.01173400878906,85.05695343017578,128.8067626953125,312.2095642089844,160.19859313964844,142.5587921142578,56.100955963134766,388.7925720214844,299.85540771484375,315.820556640625,42.369998931884766,43.90805435180664,166.52035522460938,145.18878173828125,232.9600067138672,483.3516845703125,235.830078125,51.74225616455078,99.97522735595703
2023-08-16,174.68795776367188,514.489990234375,135.07000732421875,27.466636657714844,538.61669921875,204.50521850585938,142.4638671875,84.36328887939453,127.73487091064453,313.0461120605469,159.6891326904297,141.95387268066406,56.110233306884766,388.71368408203125,292.2485656738281,315.05364990234375,41.54499816894531,43.45439147949219,166.39181518554688,143.706787109375,225.60000610351562,480.3658752441406,235.29908752441406,51.76825714111328,98.29293823242188
2023-08-17,172.1453399658203,511.6700134277344,133.97999572753906,27.457258224487305,527.1131591796875,201.39300537109375,144.84854125976562,83.94319152832031,128.9457244873047,307.6412048339844,161.18978881835938,140.4794158935547,56.2308349609375,386.98876953125,283.11236572265625,311.59234619140625,40.29999923706055,43.31248474121094,163.85748291015625,142.67501831054688,219.22000122070312,471.2079772949219,233.41110229492188,50.60780715942383,100.19707489013672
2023-08-18,172.63011169433594,508.1300048828125,133.22000122070312,27.297842025756836,525.0225219726562,202.3711395263672,145.8913116455078,83.98226928710938,126.5041732788086,307.7257995605469,159.78176879882812,140.80078125,56.54627990722656,386.5452575683594,281.2851257324219,311.1990051269531,40.452999114990234,43.267513275146484,163.60960388183594,143.07833862304688,215.49000549316406,475.48162841796875,234.19775390625,51.3359375,101.71296691894531
2023-08-21,173.9656982421875,520.469970703125,134.67999267578125,27.335351943969727,523.3556518554688,206.5207061767578,145.4016571044922,83.90410614013672,127.4073486328125,304.6143798828125,155.02047729492188,141.28280639648438,56.06385040283203,387.56048583984375,287.8890380859375,316.5089416503906,40.82899856567383,46.932857513427734,162.57199096679688,142.35610961914062,231.27999877929688,474.7566833496094,235.46627807617188,51.19941711425781,100.48360443115234
2023-08-22,175.34091186523438,519.47998046875,134.25,26.669551849365234,518.6925659179688,204.27796936035156,144.2047882080078,83.81617736816406,128.1120147705078,305.00921630859375,153.78843688964844,138.35281372070312,55.7205810546875,392.1339416503906,285.60498046875,317.0792541503906,41.31700134277344,45.634796142578125,161.33238220214844,142.41236877441406,233.19000244140625,469.66265869140625,236.55776977539062,51.03688430786133,99.91976928710938
2023-08-23,179.18942260742188,530.7100219726562,135.52000427246094,26.67892837524414,521.091552734375,206.61953735351562,144.39520263671875,83.85527038574219,131.37734985351562,306.52264404296875,152.40823364257812,139.2884979248047,55.915409088134766,395.3077392578125,292.1988830566406,321.5434875488281,42.755001068115234,47.08175277709961,163.55450439453125,143.74429321289062,236.86000061035156,466.896240234375,238.25889587402344,51.39120101928711,99.04166412353516
2023-08-24,174.49998474121094,512.4299926757812,131.83999633789062,26.838346481323242,513.2439575195312,203.04298400878906,143.20741271972656,80.57257080078125,128.8067626953125,303.2326354980469,152.92697143554688,139.15618896484375,55.766963958740234,391.96636962890625,284.7608337402344,314.63079833984375,40.69300079345703,47.12871170043945,162.69134521484375,143.07833862304688,230.0399932861328,465.617919921875,235.47608947753906,50.99787902832031,98.30219268798828
2023-08-25,176.70619201660156,525.0599975585938,133.25999450683594,26.725814819335938,515.464111328125,206.95545959472656,144.27731323242188,81.44208526611328,128.90603637695312,303.4864196777344,155.11964416503906,138.9860382080078,56.02672576904297,397.1114807128906,283.51953125,317.5906066894531,41.60300064086914,45.98453903198242,164.74819946289062,144.01629638671875,238.58999633789062,466.5909118652344,238.52438354492188,51.3001823425293,100.05841827392578
2023-08-28,178.26934814453125,529.9199829101562,133.13999938964844,26.96963119506836,517.5682373046875,209.17840576171875,145.26564025878906,82.22368621826172,130.02752685546875,306.35345458984375,153.2908477783203,139.4680938720703,56.184452056884766,401.59625244140625,288.2464904785156,318.2985534667969,41.805999755859375,46.80094909667969,165.51031494140625,144.24142456054688,238.82000732421875,468.6514892578125,239.76336669921875,51.592735290527344,100.89956665039062
2023-08-29,182.15745544433594,540.5700073242188,134.91000366210938,27.354108810424805,523.9198608398438,209.41555786132812,145.03900146484375,82.45816802978516,133.5608673095703,309.61517333984375,153.3095245361328,140.602294921875,56.128787994384766,405.745849609375,295.9228515625,322.9299621582031,42.999000549316406,48.74852752685547,166.13467407226562,144.32583618164062,257.17999267578125,470.1300354003906,241.24815368652344,52.02505111694336,101.5003662109375
2023-08-30,185.6498260498047,545.3599853515625,135.07000732421875,27.23219871520996,523.4275512695312,212.45858764648438,145.2384490966797,82.3409194946289,134.8610382080078,312.77484130859375,152.7683563232422,140.03517150878906,56.100955963134766,407.9734191894531,293.0529479980469,323.3036193847656,43.46699905395508,49.22819137573242,166.27244567871094,144.4853057861328,256.8999938964844,468.8899230957031,242.1233367919922,52.398868560791016,102.48939514160156
2023-08-31,185.86749267578125,559.3400268554688,138.00999450683594,27.109277725219727,530.2037353515625,218.801513671875,146.07264709472656,81.75472259521484,135.1488494873047,312.462646484375,150.8555908203125,138.3055419921875,55.50719451904297,406.7216796875,293.83746337890625,322.29083251953125,43.36800003051758,49.31911849975586,164.52015686035156,144.76670837402344,258.0799865722656,454.6285705566406,241.58250427246094,52.85719299316406,102.77593994140625
2023-09-01,187.4405517578125,563.2100219726562,138.1199951171875,27.40239906311035,525.348388671875,218.87066650390625,148.97413635253906,79.76166534423828,134.64266967773438,315.092529296875,149.73594665527344,138.7686767578125,55.02477264404297,409.6096496582031,294.3240661621094,323.17578125,43.987998962402344,48.47372817993164,162.11595153808594,144.92617797851562,245.00999450683594,454.30413818359375,243.9720001220703,52.51913833618164,104.92962646484375
2023-09-05,187.677978515625,564.8800048828125,137.27000427246094,27.090364456176758,525.811767578125,216.0647430419922,150.9326629638672,79.322021484375,134.75184631347656,310.0787353515625,149.92254638671875,137.2375030517578,54.57017517089844,405.5979919433594,298.0678405761719,327.98419189453125,44.86800003051758,48.51271057128906,161.04330444335938,142.98452758789062,256.489990234375,458.66375732421875,241.24815368652344,52.09656524658203,104.93885803222656
2023-09-06,180.9603729248047,561.9400024414062,135.36000061035156,26.844518661499023,527.7036743164062,218.95957946777344,151.08680725097656,79.11685180664062,133.45169067382812,308.3948669433594,147.4313201904297,137.01068115234375,54.533058166503906,407.25384521484375,297.0947265625,327.3254089355469,44.57600021362305,47.030662536621094,161.5703887939453,142.7031707763672,251.9199981689453,454.9719543457031,242.0545196533203,52.48663330078125,105.8447036743164
2023-09-07,175.66737365722656,560.4600219726562,137.85000610351562,26.598670959472656,529.566650390625,219.85865783691406,151.09588623046875,78.71627807617188,134.24566650390625,310.6842041015625,149.31605529785156,135.8386688232422,54.115577697753906,408.6732482910156,296.5981750488281,324.4049377441406,44.31399917602539,46.2111930847168,163.11460876464844,144.06320190429688,251.49000549316406,462.4794616699219,243.01817321777344,53.136749267578125,105.32709503173828
2023-09-08,176.28079223632812,560.3599853515625,138.22999572753906,26.816150665283203,532.0474243164062,222.06187438964844,151.6127166748047,79.70304107666016,135.3572998046875,310.95855712890625,149.8105926513672,135.94264221191406,54.115577697753906,408.8901062011719,295.82354736328125,328.6921691894531,44.279998779296875,45.54262161254883,162.99441528320312,143.4441375732422,248.5,460.4109191894531,243.16566467285156,53.234256744384766,106.86145782470703
2023-09-11,177.44821166992188,564.5,143.10000610351562,26.92961883544922,539.3738403320312,222.60528564453125,148.48451232910156,80.62140655517578,135.89321899414062,310.63690185546875,151.77000427246094,136.5380859375,54.62583541870117,410.71356201171875,305.4264831542969,332.3009338378906,44.5359992980957,45.14887619018555,165.45407104492188,145.15126037597656,273.5799865722656,459.0798034667969,243.09681701660156,53.41954040527344,105.52119445800781
2023-09-12,174.4208221435547,542.2100219726562,141.22999572753906,27.3929443359375,539.3833618164062,218.9990997314453,151.25001525878906,81.75472259521484,134.32505798339844,308.6597595214844,152.62840270996094,138.31500244140625,54.08774185180664,410.2995910644531,299.56744384765625,326.2338562011719,43.46900177001953,44.8410758972168,164.84378051757812,142.59999084472656,267.4800109863281,459.5777893066406,243.1754913330078,53.47804641723633,108.59920501708984
2023-09-13,172.3531036376953,553.5599975585938,144.85000610351562,27.307846069335938,540.3197631835938,216.17344665527344,150.69688415527344,81.55933380126953,135.68478393554688,308.2813720703125,153.01095581054688,138.3811798095703,54.217620849609375,410.3290710449219,302.9438781738281,330.45233154296875,41.2239990234375,45.4556770324707,166.14759826660156,143.59425354003906,271.29998779296875,459.52032470703125,243.6966552734375,53.491050720214844,107.628662109375
2023-09-14,173.86679077148438,552.1599731445312,144.72000122070312,27.610424041748047,545.1558227539062,216.15367126464844,151.63082885742188,82.53631591796875,137.0643768310547,311.82879638671875,152.77769470214844,141.06539916992188,54.66647720336914,407.41162109375,309.5576477050781,333.04827880859375,40.04899978637695,45.55162048339844,167.5808563232422,145.1700439453125,276.0400085449219,463.1211242675781,237.47222900390625,53.715335845947266,109.5512466430664
2023-09-15,173.14456176757812,528.8900146484375,140.38999938964844,27.270021438598633,537.0379028320312,212.0337371826172,150.96888732910156,83.61100769042969,136.36962890625,304.043212890625,150.6409912109375,140.6495361328125,54.18022155761719,408.3677062988281,298.2267761230469,324.7097473144531,39.694000244140625,43.8716926574707,166.29554748535156,143.95066833496094,274.3900146484375,466.08990478515625,237.04942321777344,53.51705551147461,107.86898040771484
2023-09-18,176.07302856445312,532.4199829101562,139.97999572753906,27.19437599182129,543.1768798828125,212.4190673828125,151.62176513671875,83.06388854980469,137.17356872558594,300.1268615722656,151.5927276611328,140.9425506591797,54.51686096191406,411.1472473144531,300.4512634277344,323.5691223144531,39.439998626708984,43.93765640258789,165.8701934814453,144.49468994140625,265.2799987792969,465.4769592285156,240.57952880859375,53.120487213134766,108.73784637451172
2023-09-19,177.16128540039062,541.6900024414062,137.6300048828125,27.090364456176758,544.750244140625,213.1106414794922,151.60360717773438,80.05476379394531,137.00482177734375,297.6199645996094,151.34080505371094,140.76295471191406,54.4046516418457,407.598876953125,302.9537353515625,323.16595458984375,39.619998931884766,43.491939544677734,164.89002990722656,144.0726318359375,266.5,460.3056640625,239.49786376953125,53.107486724853516,108.45130920410156
2023-09-20,173.6194610595703,535.780029296875,135.2899932861328,26.995805740356445,544.2484130859375,210.47271728515625,151.1411895751953,80.66049194335938,132.73709106445312,294.0724792480469,152.0032501220703,140.16751098632812,54.64777755737305,404.6319885253906,297.5912170410156,315.4174499511719,38.630001068115234,42.211769104003906,164.94554138183594,143.95066833496094,262.5899963378906,471.2899169921875,237.82623291015625,53.27976608276367,107.59169006347656
2023-09-21,172.07608032226562,513.8800048828125,129.3300018310547,26.523027420043945,535.8023071289062,206.1057891845703,149.78111267089844,80.82658386230469,129.46182250976562,290.1938781738281,150.83692932128906,139.07113647460938,53.806182861328125,397.5747375488281,293.6785888671875,314.1980895996094,38.415000915527344,40.99055480957031,162.1714324951172,142.7031707763672,255.6999969482422,479.9183654785156,232.66380310058594,52.632904052734375,106.07579040527344
2023-09-22,172.92689514160156,512.9000244140625,129.1199951171875,26.135343551635742,539.1903686523438,203.95191955566406,150.76943969726562,79.38063049316406,129.2732391357422,289.21954345703125,149.75457763671875,137.73843383789062,53.86228561401367,396.45111083984375,297.00537109375,311.72015380859375,37.98099899291992,41.58317565917969,162.06971740722656,142.1779022216797,244.8800048828125,484.6683349609375,231.15931701660156,52.772682189941406,106.2421646118164
2023-09-25,174.20314025878906,511.6000061035156,131.27000427246094,26.097522735595703,539.2192993164062,203.86300659179688,152.9727783203125,79.14615631103516,130.12681579589844,289.9384765625,149.53067016601562,138.4189453125,53.30121612548828,396.71722412109375,298.7431335449219,312.2413635253906,38.47999954223633,42.19477844238281,161.20053100585938,141.31497192382812,246.99000549316406,488.6712951660156,229.46798706054688,53.00672149658203,107.43455505371094
2023-09-26,170.12709045410156,506.29998779296875,125.9800033569336,25.690929412841797,533.7559814453125,200.0592498779297,152.14767456054688,78.20824432373047,127.6058578491211,286.2017822265625,148.37368774414062,136.98233032226562,52.86171340942383,389.709228515625,296.88616943359375,306.9314270019531,37.92499923706055,41.883975982666016,159.52687072753906,140.05809020996094,244.1199951171875,484.04583740234375,225.8198699951172,52.821434020996094,107.60092163085938
2023-09-27,168.61338806152344,502.6000061035156,125.9800033569336,25.78548812866211,543.958984375,200.29637145996094,155.08543395996094,78.06169891357422,129.56106567382812,285.52069091796875,146.591552734375,137.7856903076172,52.319358825683594,389.8077392578125,295.6745910644531,307.5705871582031,37.75899887084961,42.440616607666016,156.7990264892578,138.20089721679688,240.5,482.398681640625,225.67234802246094,52.567893981933594,111.10411834716797
2023-09-28,168.87060546875,504.6700134277344,125.9800033569336,26.0596981048584,548.8817138671875,200.76071166992188,154.67742919921875,78.2863998413086,131.3177947998047,287.1004638671875,146.37698364257812,139.49642944335938,52.18844223022461,393.7109680175781,301.8514709472656,308.40643310546875,37.63600158691406,43.061214447021484,156.73428344726562,137.26292419433594,246.3800048828125,488.49896240234375,227.79635620117188,52.834442138671875,110.42936706542969
2023-09-29,169.3850860595703,509.8999938964844,127.12000274658203,25.889497756958008,545.3390502929688,200.3457489013672,152.8911590576172,79.18523406982422,129.87867736816406,285.84234619140625,145.32260131835938,137.0673828125,52.34740447998047,390.23162841796875,298.12750244140625,310.481201171875,37.7599983215332,43.4709587097168,156.67880249023438,136.81268310546875,250.22000122070312,482.8392028808594,226.17384338378906,51.986045837402344,108.6823959350586
2023-10-02,171.89801025390625,521.1300048828125,129.4600067138672,25.24652099609375,551.4686279296875,201.2645721435547,151.00518798828125,79.79096984863281,133.1638641357422,283.6381530761719,144.76278686523438,135.88595581054688,51.879852294921875,390.1725158691406,304.6916198730469,316.43023681640625,38.03300094604492,44.75313186645508,156.4291534423828,136.18426513671875,251.60000610351562,492.7796325683594,227.41285705566406,52.04131317138672,106.87994384765625
2023-10-03,170.56240844726562,507.0299987792969,124.72000122070312,24.499523162841797,545.4163818359375,197.4311981201172,151.35879516601562,77.70997619628906,131.43690490722656,276.1742248535156,144.9400634765625,134.8840789794922,51.318790435791016,385.451171875,298.8524169921875,308.1606140136719,37.67499923706055,43.48893737792969,155.06983947753906,136.46563720703125,246.52999877929688,487.8955993652344,224.9938507080078,51.71299743652344,107.0648193359375
2023-10-04,171.80897521972656,518.4199829101562,127.0,24.52789306640625,551.941650390625,199.44667053222656,147.83168029785156,77.49504089355469,134.225830078125,276.59991455078125,145.1080322265625,135.48895263671875,51.468406677246094,388.1124267578125,303.46026611328125,313.63763427734375,37.689998626708984,44.012611389160156,156.188720703125,136.9158935546875,261.1600036621094,488.9969177246094,227.36367797851562,52.3338508605957,103.0624771118164
2023-10-05,173.045654296875,516.4400024414062,125.95999908447266,24.641357421875,549.7407836914062,199.5850067138672,148.61146545410156,78.95075988769531,134.05709838867188,275.94720458984375,146.61956787109375,136.06024169921875,48.98101806640625,389.109375,302.67572021484375,314.03094482421875,37.25899887084961,44.6591911315918,148.04226684570312,134.8804931640625,260.04998779296875,494.36932373046875,229.58599853515625,51.709747314453125,100.74242401123047
2023-10-06,175.59814453125,526.6799926757812,127.95999908447266,24.650814056396484,538.167236328125,204.87075805664062,147.0972137451172,81.03174591064453,136.54827880859375,277.0067138671875,147.0860595703125,138.1549530029297,49.69169998168945,392.8307189941406,313.24188232421875,321.7991638183594,38.1510009765625,45.73249816894531,148.2178955078125,135.15248107910156,260.5299987792969,502.5859680175781,231.11996459960938,50.84184646606445,99.06014251708984
2023-10-09,177.08216857910156,529.2899780273438,128.25999450683594,24.877748489379883,539.55712890625,204.73245239257812,151.16839599609375,82.75125885009766,137.38198852539062,279.4095153808594,147.92581176757812,137.84072875976562,49.448570251464844,389.64239501953125,316.15155029296875,324.31646728515625,38.595001220703125,45.243812561035156,149.20733642578125,134.46774291992188,259.6700134277344,504.2139892578125,230.5299835205078,50.65657043457031,102.52637481689453
2023-10-10,176.488525390625,532.719970703125,129.47999572753906,25.539642333984375,542.5687866210938,204.39654541015625,151.00518798828125,83.03458404541016,137.02467346191406,283.06103515625,147.75787353515625,138.6785888671875,50.52394485473633,395.19970703125,319.6074523925781,322.9102783203125,37.332000732421875,45.768470764160156,152.0183868408203,135.79966735839844,263.6199951171875,502.0401306152344,232.65396118164062,51.228668212890625,102.09193420410156
2023-10-11,177.88351440429688,549.9099731445312,131.8300018310547,25.54909896850586,545.8798217773438,204.36688232421875,146.07264709472656,82.89779663085938,139.49600219726562,281.95428466796875,145.7238311767578,139.15467834472656,50.22471618652344,394.64691162109375,325.5460205078125,326.873046875,36.59299850463867,46.77582550048828,150.37245178222656,134.13009643554688,262.989990234375,501.9348449707031,231.7493133544922,51.433448791503906,98.43160247802734
2023-10-12,178.7838134765625,559.6300048828125,132.3300018310547,25.43562889099121,544.2001953125,203.2109375,146.19052124023438,82.40930938720703,137.9278564453125,277.1958312988281,145.86378479003906,138.8309326171875,49.38311004638672,394.73577880859375,321.911376953125,325.6340637207031,36.119998931884766,46.91473388671875,146.17437744140625,134.4302520751953,258.8699951171875,503.2850341796875,232.8309326171875,51.6674919128418,98.41312408447266
2023-10-13,176.94366455078125,548.760009765625,129.7899932861328,25.303251266479492,547.1539306640625,202.13400268554688,148.7565460205078,82.40930938720703,136.32992553710938,276.15533447265625,146.34896850585938,140.9161376953125,49.457923889160156,392.8899841308594,312.507080078125,322.26129150390625,35.56800079345703,45.43168640136719,147.9497833251953,135.71527099609375,251.1199951171875,516.5581665039062,233.70608520507812,51.95353698730469,101.55583190917969
2023-10-16,176.81503295898438,550.739990234375,132.5500030517578,25.520729064941406,552.3662109375,206.0267333984375,149.97152709960938,83.73802185058594,138.056884765625,281.27313232421875,146.98342895507812,140.7733154296875,49.9628791809082,395.9795227050781,318.92218017578125,327.0893859863281,36.082000732421875,46.065284729003906,148.9484100341797,137.00967407226562,253.9199981689453,515.2462158203125,236.06610107421875,52.4021110534668,101.62976837158203
2023-10-17,175.26174926757812,560.0900268554688,131.47000122070312,26.116437911987305,554.3934326171875,207.3209991455078,151.957275390625,84.21674346923828,138.6722412109375,279.9582214355469,145.63986206054688,140.46861267089844,50.56135559082031,396.5816345214844,321.7524719238281,326.5190734863281,35.571998596191406,43.90967559814453,148.2919158935547,137.18789672851562,254.85000610351562,513.9246826171875,237.17723083496094,52.47037887573242,102.96080780029297
2023-10-18,173.9656982421875,557.8699951171875,128.1300048828125,25.82331085205078,554.6829833984375,202.3711395263672,153.16319274902344,82.73171997070312,136.92543029785156,274.5660400390625,142.50479125976562,138.92616271972656,50.54264831542969,388.1322021484375,314.7711486816406,324.6015930175781,34.61899948120117,42.16879653930664,149.82687377929688,140.72402954101562,242.67999267578125,513.359619140625,233.5094451904297,52.5093879699707,104.40274810791016
2023-10-19,173.58978271484375,555.739990234375,128.39999389648438,25.49236297607422,545.9859008789062,205.8192596435547,153.32638549804688,81.3346176147461,136.7169952392578,271.2834167480469,142.1222686767578,138.33584594726562,50.823177337646484,382.8611145019531,310.6400451660156,325.7913818359375,40.176998138427734,42.0738639831543,148.46759033203125,139.93211364746094,220.11000061035156,509.1170959472656,229.91049194335938,52.259090423583984,104.46746063232422
2023-10-20,171.03726196289062,540.9600219726562,125.16999816894531,24.877748489379883,533.7269287109375,201.2843475341797,151.2681427001953,80.7484359741211,134.58314514160156,270.94287109375,142.75672912597656,136.1078643798828,51.02891159057617,379.4458312988281,306.5088806152344,321.21905517578125,40.09600067138672,41.36031723022461,147.9497833251953,139.74334716796875,211.99000549316406,504.7120361328125,229.4876708984375,51.60573196411133,102.67425537109375
2023-10-23,171.156005859375,540.4099731445312,126.55999755859375,24.17803382873535,533.1092529296875,199.57510375976562,145.69180297851562,81.18806457519531,135.47637939453125,269.67523193359375,141.25450134277344,134.25119018554688,50.57070541381836,378.71539306640625,311.8317565917969,323.82476806640625,40.683998107910156,42.947296142578125,148.0237579345703,139.8377227783203,212.0800018310547,499.4831848144531,227.6685028076172,52.337100982666016,101.16761016845703
2023-10-24,171.59129333496094,539.5599975585938,128.55999755859375,24.08347511291504,532.6748046875,201.76846313476562,142.0377197265625,80.66049194335938,137.76904296875,268.0102233886719,141.10520935058594,134.41305541992188,52.02947235107422,381.9135437011719,310.3818359375,325.0145568847656,41.37300109863281,43.63485336303711,149.97482299804688,141.48951721191406,216.52000427246094,502.7679443359375,230.7364959716797,53.06522750854492,100.18782806396484
2023-10-25,169.27626037597656,521.1400146484375,121.38999938964844,24.159122467041016,530.8890380859375,194.69439697265625,141.33047485351562,78.7358169555664,124.66804504394531,265.7587890625,141.4224853515625,133.67991638183594,52.47832489013672,381.3212585449219,297.4522399902344,334.9854431152344,41.125,41.75206756591797,150.122802734375,142.15028381347656,212.4199981689453,507.75738525390625,232.8997802734375,52.905948638916016,100.3726806640625
2023-10-26,165.11111450195312,514.280029296875,119.56999969482422,24.698091506958008,528.5820922851562,193.89413452148438,140.31494140625,77.94445037841797,121.36302185058594,262.987060546875,139.02455139160156,134.0226593017578,52.1603889465332,359.8817443847656,286.34979248046875,322.41864013671875,40.354000091552734,40.30000305175781,149.25357055664062,141.3951416015625,205.75999450683594,505.9856872558594,227.4226837158203,52.58414840698242,99.45760345458984
2023-10-27,166.42694091796875,508.1199951171875,127.73999786376953,23.799806594848633,524.1708374023438,194.21029663085938,130.8850860595703,77.50480651855469,121.25382232666016,261.53021240234375,135.85215759277344,129.19532775878906,51.65542984008789,359.3783264160156,294.671630859375,324.3066101074219,39.7869987487793,40.47389221191406,147.59840393066406,138.9032745361328,207.3000030517578,502.4422912597656,225.44622802734375,52.38911437988281,97.56273651123047
2023-10-30,168.47488403320312,526.9400024414062,132.7100067138672,24.291500091552734,535.6091918945312,196.87789916992188,132.46275329589844,78.8237533569336,123.52665710449219,266.27911376953125,137.18641662597656,130.84254455566406,52.50638198852539,367.61065673828125,300.5604553222656,331.6814270019531,41.007999420166016,41.13446044921875,150.0580596923828,140.8854217529297,197.36000061035156,507.546630859375,229.19265747070312,52.99046325683594,97.86774444580078
2023-10-31,168.9497528076172,532.0599975585938,133.08999633789062,24.90611457824707,533.2540283203125,198.41915893554688,132.1363525390625,79.71280670166016,123.14952087402344,269.31573486328125,138.40870666503906,132.404052734375,52.82431411743164,371.4898986816406,299.18011474609375,332.4681091308594,41.16899871826172,40.75371170043945,150.9827117919922,141.6122283935547,200.83999633789062,512.8807373046875,231.17897033691406,53.11723709106445,97.84003448486328
2023-11-01,172.11566162109375,544.5,137.0,24.96285057067871,537.4625244140625,201.46217346191406,130.54957580566406,79.20477294921875,125.50174713134766,271.1510314941406,138.73529052734375,132.28976440429688,52.77755355834961,372.94091796875,309.686767578125,340.2952575683594,42.01900100708008,42.2977180480957,152.4530029296875,141.21580505371094,205.66000366210938,509.0884704589844,234.60093688964844,53.59181594848633,97.64591979980469
2023-11-02,175.6772918701172,558.7100219726562,138.07000732421875,26.116437911987305,537.646240234375,205.61175537109375,134.88369750976562,81.37369537353516,126.53395080566406,278.6243591308594,140.1815185546875,134.6510772705078,53.3853759765625,377.7480773925781,308.71356201171875,342.50775146484375,42.47100067138672,43.477943420410156,154.26539611816406,142.943115234375,218.50999450683594,513.4266357421875,239.19305419921875,53.803104400634766,100.85334014892578
2023-11-03,174.76707458496094,563.6599731445312,138.60000610351562,26.872886657714844,542.413818359375,204.9794464111328,133.84100341796875,83.11273956298828,128.1318817138672,279.64599609375,141.2078857421875,136.15545654296875,53.05809783935547,381.0646667480469,312.4176940917969,346.9129638671875,43.236000061035156,44.975982666015625,154.22837829589844,141.65000915527344,219.9600067138672,508.41815185546875,239.53721618652344,53.52355194091797,99.62399291992188
2023-11-06,177.31956481933594,565.4500122070312,139.74000549316406,26.787784576416016,551.0399169921875,204.9300537109375,133.2878875732422,82.08689880371094,129.2732391357422,278.66217041015625,141.54376220703125,137.1837615966797,53.273170471191406,381.1732482910156,313.6092834472656,350.58074951171875,43.4739990234375,45.72150421142578,154.14515686035156,142.47117614746094,219.27000427246094,510.8697204589844,239.42904663085938,53.59506607055664,97.85852813720703
2023-11-07,179.8820037841797,585.2000122070312,142.7100067138672,26.627038955688477,552.4420776367188,209.29698181152344,130.93948364257812,82.64378356933594,129.9878387451172,278.8514099121094,140.7973175048828,137.1171112060547,53.46953582763672,383.8481750488281,316.6084289550781,354.5140075683594,43.46099853515625,45.92537307739258,154.58900451660156,142.14083862304688,222.17999267578125,515.0546875,240.68771362304688,53.845359802246094,96.32413482666016
2023-11-08,180.94056701660156,585.3099975585938,142.0800018310547,26.371736526489258,548.6802368164062,208.9314422607422,129.11697387695312,82.55586242675781,130.85133361816406,279.9393005371094,140.2841339111328,137.79318237304688,53.3853759765625,384.66748046875,317.561767578125,357.1393737792969,43.665000915527344,46.543975830078125,154.78318786621094,141.59335327148438,222.11000061035156,514.0012817382812,240.35267639160156,53.40653610229492,95.1409912109375
2023-11-09,180.4656982421875,577.739990234375,140.60000610351562,26.03133773803711,544.7057495117188,207.4889678955078,128.69989013671875,88.26148986816406,129.26333618164062,272.3240051269531,137.55029296875,137.38369750976562,52.983280181884766,382.9499206542969,318.32635498046875,354.6712951660156,43.51499938964844,46.91972732543945,153.6458282470703,141.91427612304688,209.97999572753906,516.1751098632812,238.11575317382812,53.28301239013672,95.1687240600586
2023-11-10,184.65609741210938,597.219970703125,143.55999755859375,26.173168182373047,558.0993041992188,211.06549072265625,129.61566162109375,86.2391128540039,131.595703125,275.8431396484375,137.3916778564453,139.4212646484375,53.03939437866211,389.2870788574219,326.4893798828125,363.5014953613281,44.7239990234375,48.30384063720703,154.34860229492188,142.914794921875,214.64999389648438,518.2914428710938,241.673095703125,54.02089309692383,95.89895629882812
2023-11-13,183.0710906982422,590.3400268554688,142.58999633789062,26.192079544067383,559.1726684570312,212.69569396972656,130.5677032470703,87.3822021484375,131.0994415283203,272.5132141113281,137.74624633789062,138.80239868164062,53.23576354980469,389.2574768066406,326.90643310546875,360.5613708496094,44.46200180053711,48.58864974975586,155.1345977783203,143.90591430664062,223.7100067138672,519.5938720703125,241.10157775878906,54.50522232055664,96.90646362304688
2023-11-14,185.68638610839844,604.3300170898438,145.8000030517578,27.629335403442383,571.3284912109375,218.52487182617188,131.51979064941406,88.97470092773438,132.61798095703125,287.23291015625,137.77423095703125,141.3350830078125,53.39473342895508,392.51483154296875,333.9770812988281,364.0914001464844,44.8650016784668,49.623985290527344,155.448974609375,143.58494567871094,237.41000366210938,517.5733032226562,243.3384552001953,54.49546813964844,97.2795639038086
2023-11-15,186.2510528564453,595.3099975585938,143.1999969482422,28.007564544677734,577.1112670898438,216.78598022460938,131.98220825195312,91.7688980102539,133.61045837402344,291.5467224121094,138.83790588378906,142.57286071777344,53.49759292602539,391.7054443359375,330.40203857421875,364.2392883300781,46.194000244140625,48.85648727416992,154.65371704101562,142.9242401123047,242.83999633789062,515.6099853515625,244.49139404296875,55.187843322753906,96.69193267822266
2023-11-16,187.93515014648438,602.0599975585938,142.8300018310547,27.931917190551758,559.5111694335938,218.7916259765625,129.8931884765625,92.3355484008789,135.9031524658203,289.89117431640625,140.05087280273438,144.20101928710938,53.44148635864258,391.9719543457031,331.8717956542969,370.6437683105469,46.69499969482422,49.44810485839844,155.0791015625,144.25515747070312,233.58999633789062,516.9603881835938,244.94468688964844,50.721580505371094,95.57257843017578
2023-11-17,187.9153289794922,602.6599731445312,145.17999267578125,28.34796142578125,558.1282958984375,218.5643768310547,132.3578643798828,91.98383331298828,134.29530334472656,290.6763610839844,139.76162719726562,145.50543212890625,53.544349670410156,395.1305847167969,332.71588134765625,364.4166259765625,46.590999603271484,49.2662239074707,154.20065307617188,142.59388732910156,234.3000030517578,513.579833984375,245.92025756835938,50.497291564941406,97.904541015625
2023-11-20,189.6588592529297,612.7000122070312,146.1300048828125,28.376331329345703,561.6578979492188,222.42745971679688,132.28456115722656,92.84359741210938,135.22824096679688,291.5467224121094,140.9937286376953,145.9529266357422,53.675270080566406,399.1777038574219,337.61163330078125,371.8951416015625,47.446998596191406,50.37649917602539,153.97874450683594,141.8387908935547,235.60000610351562,512.4403686523438,246.32424926757812,50.48104476928711,97.4754638671875
2023-11-21,188.8564453125,610.989990234375,143.89999389648438,28.045379638671875,565.04248046875,221.62716674804688,131.97300720214844,92.27693176269531,135.94285583496094,288.8505554199219,142.13172912597656,145.64825439453125,54.26438522338867,403.6689453125,334.64239501953125,367.58929443359375,47.494998931884766,49.91179656982422,155.16232299804688,141.21580505371094,241.1999969482422,516.7401733398438,248.55130004882812,50.6630744934082,97.43814086914062
2023-11-22,189.5201873779297,619.719970703125,146.7100067138672,28.01701545715332,569.6651000976562,221.15293884277344,132.23873901367188,92.88267517089844,137.4514617919922,292.50213623046875,141.849609375,145.9910430908203,54.62907409667969,405.0310974121094,339.1211242675781,372.299072265625,47.79999923706055,48.68458938598633,156.47537231445312,142.5466766357422,234.2100067138672,520.733642578125,250.0195770263672,50.2762565612793,97.01839447021484
2023-11-24,188.19271850585938,619.4299926757812,146.74000549316406,28.111572265625,571.8698120117188,221.6864471435547,132.760986328125,93.84988403320312,135.6649627685547,293.9211120605469,143.42967224121094,146.19094848632812,54.769344329833984,407.173095703125,335.8837585449219,371.88519287109375,47.95600128173828,47.74520492553711,156.61410522460938,142.8865203857422,235.4499969482422,523.9321899414062,250.5911102294922,50.728084564208984,97.54075622558594
2023-11-27,188.01438903808594,619.27001953125,147.72999572753906,27.95082664489746,575.2933349609375,222.09153747558594,132.26622009277344,92.98036193847656,135.38706970214844,294.12921142578125,142.2822265625,145.8577423095703,54.66647720336914,403.6886901855469,332.3782653808594,373.04791259765625,47.91699981689453,48.21089553833008,155.64317321777344,142.75433349609375,236.0800018310547,520.57080078125,250.43345642089844,50.9588737487793,96.97175598144531
2023-11-28,188.6186981201172,623.3200073242188,147.02999877929688,27.922462463378906,574.4229125976562,222.21998596191406,133.3198699951172,90.37179565429688,136.171142578125,296.4185485839844,142.61141967773438,146.19094848632812,54.7786979675293,403.7281494140625,336.6384582519531,377.077880859375,47.900001525878906,47.7901725769043,156.14248657226562,143.74542236328125,246.72000122070312,517.6403198242188,249.25091552734375,51.56671905517578,96.91580200195312
2023-11-29,187.59832763671875,617.3900146484375,146.32000732421875,28.659997940063477,568.4851684570312,227.58477783203125,131.85391235351562,90.37179565429688,133.9777069091797,296.19952392578125,143.06285095214844,146.93365478515625,54.4514045715332,404.5276794433594,329.89556884765625,373.2843933105469,47.71900177001953,48.108970642089844,154.57052612304688,142.65054321289062,244.13999938964844,512.3253173828125,250.52210998535156,50.734580993652344,95.46065521240234
2023-11-30,188.1728973388672,611.010009765625,146.08999633789062,29.060300827026367,573.2044067382812,248.87608337402344,131.5699005126953,90.55742645263672,131.5361328125,298.55181884765625,145.46119689941406,148.6094207763672,55.08291244506836,408.4858703613281,324.8805847167969,373.3435363769531,47.39699935913086,46.73984909057617,156.80203247070312,144.90640258789062,240.0800018310547,529.553466796875,252.93638610839844,50.60780715942383,95.8337631225586
2023-12-01,189.45083618164062,612.469970703125,147.02999877929688,29.508264541625977,576.5986938476562,256.8788757324219,132.67852783203125,90.44995880126953,130.8711700439453,304.3896789550781,148.9599609375,149.33302307128906,55.27143096923828,409.009033203125,322.5667419433594,369.0081787109375,46.57400131225586,46.7348518371582,157.17471313476562,144.0946807861328,238.8300018310547,525.777099609375,252.7097625732422,50.16898727416992,96.06695556640625
2023-12-04,187.65777587890625,604.5599975585938,144.83999633789062,29.374832153320312,579.3355102539062,247.65098571777344,132.73348999023438,89.89307403564453,128.30059814453125,308.58001708984375,149.43019104003906,150.427978515625,55.2054557800293,402.958251953125,317.800048828125,363.7170104980469,45.38999938964844,45.48065948486328,157.59402465820312,143.52835083007812,235.5800018310547,526.8533935546875,250.7290802001953,50.15598678588867,95.54460144042969
2023-12-05,191.6104278564453,602.219970703125,146.8800048828125,29.14608383178711,585.3988037109375,248.00665283203125,130.89190673828125,88.70114135742188,130.00772094726562,308.0848388671875,149.1198272705078,150.408935546875,55.290279388427734,403.4122619628906,316.0820617675781,367.0473327636719,45.51499938964844,46.540077209472656,156.47592163085938,138.52572631835938,238.72000122070312,528.7560424804688,250.89657592773438,50.62081527709961,93.68836975097656
2023-12-06,190.52076721191406,595.7000122070312,144.52000427246094,29.09842872619629,587.4103393554688,246.1393585205078,130.58953857421875,89.3947982788086,129.0449676513672,310.5704345703125,147.30462646484375,148.82838439941406,55.23373031616211,405.0804748535156,315.2478942871094,363.38201904296875,44.67300033569336,45.4776611328125,156.07528686523438,138.42189025878906,239.3699951171875,528.0545043945312,250.58126831054688,50.07147216796875,92.4477767944336
2023-12-07,192.45249938964844,608.780029296875,146.8800048828125,29.222332000732422,590.8142700195312,245.8627166748047,130.48873901367188,90.22525787353516,135.9031524658203,310.6275939941406,146.1571807861328,149.28538513183594,55.365684509277344,407.814697265625,324.32452392578125,365.50048828125,45.20000076293945,46.5700569152832,156.02870178222656,138.2802734375,242.63999938964844,526.84375,252.08895874023438,49.741943359375,91.80415344238281
2023-12-08,193.87904357910156,610.010009765625,147.4199981689453,29.508264541625977,590.64990234375,247.79913330078125,132.22039794921875,90.97998046875,133.9777069091797,310.91326904296875,145.23548889160156,150.9326171875,55.24314880371094,406.83746337890625,330.4417419433594,368.7322692871094,45.375999450683594,47.479549407958984,154.37020874023438,137.0060272216797,243.83999633789062,528.2850952148438,252.01010131835938,49.21992874145508,92.85819244384766
2023-12-11,191.37269592285156,625.2000122070312,145.88999938964844,29.403425216674805,603.298828125,249.07369995117188,132.25706481933594,90.37227630615234,132.29043579101562,315.54168701171875,145.83741760253906,151.48486328125,55.64844512939453,410.3416442871094,323.0235900878906,365.84527587890625,45.98899841308594,46.60103988647461,156.36410522460938,137.63845825195312,239.74000549316406,522.4331665039062,252.7787322998047,49.343902587890625,92.92349243164062
2023-12-12,192.88836669921875,633.6599731445312,147.47999572753906,29.298580169677734,608.7528686523438,253.37149047851562,130.5620574951172,89.2646713256836,131.5262451171875,317.3226318359375,145.84681701660156,152.8368682861328,56.00661849975586,415.3165283203125,331.9015808105469,368.8800354003906,46.29999923706055,47.630462646484375,156.96974182128906,137.75172424316406,237.00999450683594,524.3933715820312,255.77438354492188,49.383060455322266,91.45904541015625
2023-12-13,196.10797119140625,624.260009765625,148.83999633789062,30.537622451782227,620.8408813476562,254.23104858398438,132.49530029296875,90.98979187011719,131.57586669921875,327.0364990234375,146.5240020751953,153.35104370117188,56.48732376098633,419.1957702636719,332.4179382324219,368.87017822265625,47.99800109863281,48.06122970581055,160.26809692382812,140.2436065673828,239.2899932861328,527.5548095703125,258.5532531738281,50.26069641113281,92.27053833007812
2023-12-14,196.256591796875,584.6400146484375,147.4199981689453,32.34852981567383,609.9906616210938,254.1223602294922,137.36959838867188,92.0777816772461,130.95057678222656,335.0458068847656,147.5397491455078,156.14080810546875,55.64844512939453,413.1548156738281,330.85882568359375,360.55413818359375,46.983001708984375,48.32307815551758,156.76475524902344,136.54351806640625,251.0500030517578,513.3619995117188,254.95654296875,49.6473274230957,94.7517318725586
2023-12-15,195.7216339111328,584.6799926757812,149.97000122070312,32.024478912353516,637.1065673828125,258.4596862792969,136.83819580078125,91.6072998046875,131.60562133789062,337.1315002441406,145.9314727783203,157.32144165039062,55.23373031616211,413.1647033691406,332.59674072265625,365.2836608886719,47.20600128173828,48.86277770996094,155.60011291503906,135.8828125,253.5,510.3638610839844,254.26669311523438,49.83330154418945,94.11743927001953
2023-12-18,194.05734252929688,599.1300048828125,154.07000732421875,31.862443923950195,658.7875366210938,260.4257507324219,137.1405487060547,91.0191879272461,134.7816162109375,334.0934753417969,146.1947784423828,158.27357482910156,55.62959671020508,418.9490051269531,342.2293701171875,367.1754455566406,48.61199951171875,50.04911422729492,157.37969970703125,137.96881103515625,252.0800018310547,505.9725646972656,254.60179138183594,50.56086349487305,94.81703186035156
2023-12-19,195.09751892089844,604.6400146484375,153.7899932861328,31.938692092895508,655.4030151367188,261.166748046875,138.9363555908203,92.06797790527344,135.62527465820312,335.29345703125,147.15414428710938,160.38731384277344,55.45051574707031,419.9755859375,347.9295959472656,367.7765197753906,49.50199890136719,49.57637405395508,156.4852294921875,137.96881103515625,257.2200012207031,503.56060791015625,256.1981506347656,50.74357223510742,96.06695556640625
2023-12-20,193.0072479248047,596.0599975585938,152.1199951171875,31.433549880981445,639.2147827148438,257.1258239746094,137.6627960205078,89.46070861816406,137.30258178710938,332.0458984375,144.1538848876953,158.57826232910156,54.300594329833984,414.0333557128906,346.8570861816406,365.1752624511719,48.926998138427734,48.08420944213867,154.37953186035156,135.83560180664062,247.13999938964844,495.7676086425781,253.360107421875,50.14977264404297,94.46258544921875
2023-12-21,192.858642578125,600.1400146484375,153.83999633789062,31.643230438232422,643.237548828125,264.04180908203125,138.08424377441406,90.19584655761719,139.3669891357422,332.3411560058594,145.6304931640625,159.48281860351562,54.65876770019531,417.9718322753906,351.63372802734375,368.05242919921875,49.1609992980957,48.96272277832031,155.57215881347656,136.1659698486328,254.5,499.5631408691406,255.75469970703125,50.50539779663086,94.89166259765625
2023-12-22,191.7887725830078,598.75,153.4199981689453,31.862443923950195,649.46533203125,263.1427307128906,138.39576721191406,89.21566772460938,140.42897033691406,331.979248046875,146.21363830566406,159.3875732421875,54.96980667114258,418.623291015625,350.9386291503906,369.0771179199219,48.67599868774414,48.80281066894531,156.233642578125,137.1287384033203,252.5399932861328,499.9764099121094,254.6608428955078,51.10898971557617,95.0595703125
2023-12-26,191.24392700195312,598.260009765625,153.41000366210938,32.27228546142578,652.3858642578125,263.024169921875,139.64183044433594,89.14705657958984,140.458740234375,332.6649475097656,146.85316467285156,160.3302001953125,55.19601821899414,418.1988525390625,352.36859130859375,369.1559143066406,49.11899948120117,49.251556396484375,157.3331298828125,137.75172424316406,256.6099853515625,499.7073669433594,255.38023376464844,51.03068161010742,95.27409362792969
2023-12-27,191.3429412841797,596.0800170898438,153.33999633789062,32.25321960449219,659.487060546875,263.5181884765625,139.18373107910156,88.58834838867188,139.31736755371094,331.922119140625,147.05068969726562,161.2918243408203,55.33740234375,418.8798522949219,355.3477478027344,368.57464599609375,49.17900085449219,49.389488220214844,157.8362274169922,137.864990234375,261.44000244140625,502.35943603515625,255.15362548828125,51.51028823852539,94.82637023925781
2023-12-28,191.76895141601562,595.52001953125,153.3800048828125,32.29134750366211,655.8275756835938,262.3918762207031,137.2230224609375,88.60795593261719,139.17840576171875,330.8078308105469,147.2670135498047,162.14878845214844,55.37510681152344,420.8145751953125,355.83441162109375,369.76678466796875,49.05099868774414,49.494422912597656,157.82693481445312,137.5535125732422,253.17999267578125,504.3870544433594,256.60211181640625,51.409149169921875,93.4551773071289
2023-12-29,190.72877502441406,596.5999755859375,151.94000244140625,32.0911865234375,652.8408203125,259.9811706542969,136.66412353515625,88.50013732910156,138.64247131347656,330.03643798828125,147.41748046875,161.9583740234375,55.544769287109375,421.00213623046875,351.5046081542969,370.51568603515625,48.6879997253418,49.494422912597656,158.24620056152344,138.3180389404297,248.47999572753906,505.8955993652344,256.5528564453125,51.43524932861328,93.2593002319336
2024-01-02,183.9032440185547,580.0700073242188,149.92999267578125,32.31040573120117,643.5142822265625,253.0552978515625,136.95729064941406,88.91181182861328,137.13385009765625,328.636474609375,150.4553680419922,163.8435821533203,56.38364791870117,416.44183349609375,343.8878479003906,365.4216003417969,46.849998474121094,48.141178131103516,161.10665893554688,140.39462280273438,248.4199981689453,518.2626953125,255.09446716308594,51.97031784057617,95.47930908203125
2024-01-03,182.5262451171875,571.7899780273438,148.47000122070312,31.957748413085938,637.61962890625,248.8168182373047,139.5685577392578,89.83318328857422,137.87823486328125,322.1415100097656,151.39588928222656,163.12945556640625,56.51559829711914,413.36212158203125,342.0804443359375,365.1555480957031,47.0260009765625,47.54250717163086,161.1439208984375,139.54510498046875,238.4499969482422,520.84765625,254.2174530029297,51.97357940673828,96.281494140625
2024-01-04,180.20811462402344,567.0499877929688,144.57000732421875,32.21509552001953,641.2394409179688,248.22401428222656,138.03846740722656,88.76478576660156,135.3671875,322.45574951171875,151.07614135742188,164.21202087402344,56.32708740234375,414.34918212890625,344.7120666503906,362.5346374511719,47.46699905395508,47.97127914428711,159.7649383544922,140.30967712402344,237.92999267578125,524.1051025390625,255.82362365722656,51.47113037109375,95.44200897216797
2024-01-05,179.48497009277344,564.5999755859375,145.24000549316406,32.815555572509766,648.8154907226562,248.10546875,137.80020141601562,89.0980453491211,134.71214294433594,326.5984802246094,151.54640197753906,165.03591918945312,56.24225616455078,414.00372314453125,349.508544921875,362.347412109375,47.40599822998047,49.06966781616211,157.40765380859375,139.148681640625,237.49000549316406,516.3792114257812,255.9025115966797,51.12855911254883,95.73115539550781
2024-01-08,183.823974609375,580.5499877929688,149.10000610351562,32.5582160949707,654.4330444335938,257.7384338378906,136.97561645507812,89.73516082763672,137.79884338378906,331.3507080078125,151.92259216308594,164.79641723632812,56.656982421875,417.1871643066406,356.17205810546875,369.1855163574219,48.50299835205078,52.22389602661133,157.56607055664062,140.347412109375,240.4499969482422,515.552978515625,258.7109375,51.63100814819336,94.1361083984375
2024-01-09,183.40789794921875,586.2000122070312,151.3699951171875,32.05306625366211,659.8629150390625,258.2027893066406,133.4939727783203,87.89242553710938,139.89300537109375,329.693603515625,152.0166473388672,163.4935302734375,56.55329895019531,417.8000793457031,354.9505310058594,370.2693786621094,48.20899963378906,53.11041259765625,155.7584686279297,140.9232177734375,234.9600067138672,517.3306274414062,259.4894104003906,51.97684097290039,92.97013854980469
2024-01-10,184.44805908203125,591.030029296875,153.72999572753906,32.024478912353516,665.3816528320312,260.9593200683594,132.39450073242188,87.51995849609375,141.2130126953125,339.79803466796875,152.24237060546875,163.83840942382812,56.7418098449707,423.40570068359375,367.9000549316406,377.14678955078125,47.83300018310547,54.31973648071289,155.52554321289062,141.5272979736328,233.94000244140625,516.6292724609375,260.70147705078125,52.622840881347656,92.05601501464844
2024-01-11,183.85366821289062,597.489990234375,155.17999267578125,31.595577239990234,666.1927490234375,268.12225341796875,133.1091766357422,87.67679595947266,141.01454162597656,339.5408630371094,151.565185546875,163.14865112304688,56.37422180175781,421.8733215332031,367.105712890625,378.97943115234375,49.222999572753906,54.791473388671875,154.78945922851562,142.06529235839844,227.22000122070312,518.58935546875,260.1792297363281,52.56411361694336,92.03734588623047
2024-01-12,184.1806182861328,596.5399780273438,154.6199951171875,31.261987686157227,675.7467651367188,268.6656494140625,134.93243408203125,88.55894470214844,141.58026123046875,338.7599792480469,152.73143005371094,161.9511260986328,56.920894622802734,424.226318359375,371.8921813964844,382.7630615234375,49.215999603271484,54.679534912109375,155.85166931152344,142.15028381347656,218.88999938964844,501.1294860839844,260.31719970703125,52.632633209228516,93.2313232421875
2024-01-16,181.9120330810547,597.6799926757812,153.16000366210938,30.61387062072754,674.0159301757812,265.9585266113281,131.65234375,91.2054214477539,141.42147827148438,341.350341796875,150.97265625,160.93565368652344,56.54387664794922,423.48480224609375,364.9109802246094,384.5365905761719,48.124000549316406,56.35060501098633,154.82676696777344,141.3856964111328,219.91000366210938,498.8617248535156,261.37158203125,52.79902648925781,91.12322998046875
2024-01-17,180.97091674804688,596.0999755859375,151.7100067138672,30.30887794494629,676.6864624023438,268.18157958984375,131.13011169433594,88.54914093017578,140.40911865234375,338.75048828125,150.8880157470703,160.07342529296875,56.54387664794922,422.56536865234375,365.81463623046875,383.7483825683594,48.03300094604492,56.02178955078125,155.0783233642578,141.5272979736328,215.5500030517578,504.4255065917969,262.7413024902344,52.551063537597656,90.4609603881836
2024-01-18,186.86524963378906,593.7000122070312,153.5,30.242156982421875,679.7720947265625,271.1653137207031,129.93902587890625,90.382080078125,142.4040069580078,340.8456115722656,151.6216278076172,160.3895721435547,56.7041130065918,425.8278503417969,373.5208435058594,388.0837097167969,48.53099822998047,57.07520294189453,155.7584686279297,140.71136474609375,211.8800048828125,496.1615905761719,264.22930908203125,53.25905227661133,90.29305267333984
2024-01-19,189.76783752441406,611.5499877929688,155.33999633789062,30.709186553955078,687.34814453125,277.5081787109375,130.32382202148438,91.21522521972656,145.2823028564453,345.1407165527344,152.0636749267578,163.15821838378906,56.393070220947266,431.8190612792969,380.7900390625,392.8132629394531,48.29499816894531,59.4578742980957,154.46336364746094,140.16995239257812,212.19000244140625,483.8809814453125,266.9490051269531,52.97846603393555,90.4329605102539
2024-01-22,192.07606506347656,603.5900268554688,154.77999877929688,31.023710250854492,684.9151000976562,276.9351501464844,130.55291748046875,93.1951904296875,144.8952178955078,339.6932678222656,152.8066864013672,162.9665985107422,56.14799880981445,434.7553405761719,379.131591796875,390.6849670410156,48.57099914550781,59.620784759521484,153.839111328125,140.44540405273438,208.8000030517578,492.9424743652344,267.2446594238281,52.98173141479492,90.31170654296875
2024-01-23,193.35397338867188,597.1799926757812,156.02000427246094,31.23339080810547,680.049072265625,273.44757080078125,130.1864013671875,91.91114807128906,145.9373321533203,334.0649108886719,150.3048858642578,161.89364624023438,56.41191864013672,433.77655029296875,382.5279235839844,393.03985595703125,49.21900177001953,59.839664459228516,156.19639587402344,146.2584991455078,209.13999938964844,495.3736572265625,267.3037414550781,53.11549758911133,91.32844543457031
2024-01-24,192.68032836914062,606.47998046875,156.8699951171875,31.433549880981445,678.9808959960938,273.55621337890625,132.77931213378906,91.6465072631836,147.58489990234375,330.72210693359375,149.50547790527344,163.34022521972656,55.52591323852539,433.71728515625,387.9897766113281,396.64605712890625,54.48699951171875,61.32783126831055,154.295654296875,144.49176025390625,207.8300018310547,493.17303466796875,267.6880798339844,52.36509323120117,92.90483856201172
2024-01-25,192.35342407226562,622.5800170898438,157.75,31.82431983947754,672.443359375,275.680419921875,136.12353515625,92.97954559326172,150.73109436035156,334.2458190917969,150.06976318359375,165.67779541015625,55.76155471801758,431.8388366699219,390.45257568359375,398.922119140625,56.20000076293945,61.58269119262695,155.19012451171875,147.81626892089844,182.6300048828125,474.1180419921875,268.6340637207031,53.12854766845703,95.2647705078125
2024-01-26,190.6197967529297,613.9299926757812,159.1199951171875,31.862443923950195,679.346923828125,276.5794372558594,136.64576721191406,93.4696273803711,151.04872131347656,338.3695068359375,150.01333618164062,165.0454864501953,55.95948791503906,433.5491638183594,391.40594482421875,397.99591064453125,57.04199981689453,60.997013092041016,156.40139770507812,148.3101806640625,183.25,483.53509521484375,264.0322265625,53.5951042175293,96.07627868652344
2024-01-29,189.93624877929688,630.22998046875,161.25999450683594,32.03400802612305,686.3986206054688,284.4043884277344,136.59080505371094,95.55741119384766,152.35882568359375,338.75048828125,149.88165283203125,165.47659301757812,56.29881286621094,435.57586669921875,398.2381591796875,403.7008361816406,57.57899856567383,62.43021011352539,156.6715850830078,148.32919311523438,190.92999267578125,484.8227233886719,269.66876220703125,53.84632110595703,96.19754791259766
2024-01-30,186.28077697753906,627.9600219726562,159.0,33.15867233276367,693.0548095703125,284.2760009765625,137.54367065429688,95.01831817626953,150.32420349121094,340.083740234375,149.3267364501953,168.867919921875,56.45905303955078,440.1335144042969,397.28485107421875,402.5874938964844,56.28499984741211,62.73904800415039,158.04124450683594,149.59251403808594,191.58999633789062,483.9289855957031,273.10784912109375,54.02576446533203,97.80193328857422
2024-01-31,182.67481994628906,617.780029296875,155.1999969482422,32.41524887084961,687.2591552734375,277.7156982421875,135.07901000976562,94.14595794677734,139.04937744140625,336.1409912109375,149.44900512695312,167.0381317138672,56.072601318359375,444.1275939941406,387.43365478515625,391.7392272949219,56.4109992980957,61.49273681640625,157.02566528320312,149.2600860595703,187.2899932861328,491.7413635253906,269.27459716796875,53.91484069824219,95.89905548095703
2024-02-01,185.11178588867188,627.9099731445312,159.27999877929688,31.976816177368164,697.778076171875,280.39312744140625,135.50050354003906,95.13593292236328,140.10142517089844,342.9122314453125,148.94113159179688,166.43458557128906,57.47700500488281,455.6849060058594,392.0414733886719,397.84814453125,56.750999450683594,62.991905212402344,159.979248046875,151.19773864746094,188.86000061035156,487.3211364746094,273.0093078613281,54.913204193115234,95.5073013305664
2024-02-02,184.11126708984375,634.760009765625,171.80999755859375,31.90056800842285,702.73046875,282.2308349609375,139.48609924316406,95.20454406738281,141.31228637695312,340.2075500488281,147.2952423095703,167.39259338378906,57.062278747558594,455.3487243652344,471.6950378417969,405.17889404296875,56.4640007019043,66.12316131591797,159.2991180419922,150.16241455078125,187.91000366210938,490.2903747558594,273.1374206542969,55.32429504394531,95.11553192138672
2024-02-05,185.92416381835938,630.5,170.30999755859375,31.44308090209961,704.3945922851562,284.65142822265625,139.5685577392578,94.73406219482422,142.60252380371094,338.2171936035156,146.5334014892578,167.1722869873047,56.591007232666016,451.5721130371094,456.2231140136719,399.6907043457031,56.20600128173828,69.29339599609375,159.25250244140625,150.27638244628906,181.05999755859375,483.3044738769531,271.5606994628906,55.02739715576172,94.72377014160156
2024-02-06,187.52899169921875,607.1400146484375,169.14999389648438,31.490734100341797,704.0280151367188,282.39874267578125,139.58688354492188,97.32173156738281,143.01937866210938,339.2742919921875,148.65899658203125,167.7470703125,56.49674606323242,455.2696533203125,451.5657043457031,399.53302001953125,55.5880012512207,68.18501281738281,159.71836853027344,150.98878479003906,185.10000610351562,490.7131652832031,272.7236022949219,55.402591705322266,95.37671661376953
2024-02-07,187.63795471191406,615.8499755859375,170.52999877929688,31.62417221069336,712.9324340820312,285.3726501464844,139.38528442382812,97.1747055053711,144.4485626220703,345.40740966796875,148.58372497558594,168.06320190429688,56.54387664794922,456.6636047363281,466.3324890136719,407.9672546386719,55.93000030517578,70.0599594116211,159.7649383544922,151.14076232910156,187.5800018310547,499.0923767089844,275.315185546875,55.262298583984375,95.34872436523438
2024-02-08,186.5581512451172,615.8599853515625,169.83999633789062,31.56698226928711,717.2708129882812,288.4453125,141.15362548828125,108.34870910644531,144.81582641601562,346.3882751464844,147.09768676757812,167.4596710205078,56.393070220947266,453.0550842285156,466.7397155761719,408.0263671875,55.85300064086914,69.60221862792969,161.98251342773438,150.68482971191406,189.55999755859375,499.7649841308594,272.2645568847656,55.25904083251953,96.98108673095703
2024-02-09,187.32191467285156,627.2100219726562,174.4499969482422,31.519325256347656,716.51806640625,287.8030700683594,138.38662719726562,106.2413330078125,147.88262939453125,345.8454284667969,147.43629455566406,167.66085815429688,56.13857650756836,452.67938232421875,464.8627624511719,414.3717346191406,56.13199996948242,72.09284973144531,156.224365234375,149.52601623535156,193.57000732421875,497.9680480957031,272.9062805175781,55.229679107666016,94.92897033691406
2024-02-12,185.6356658935547,611.8400268554688,172.33999633789062,32.04353713989258,715.5374755859375,283.87091064453125,139.3394775390625,107.12349700927734,146.42364501953125,348.0358581542969,148.46145629882812,168.40809631347656,56.270538330078125,453.4999694824219,465.6473388671875,409.15948486328125,55.78499984741211,72.20777130126953,158.9636688232422,149.23155212402344,188.1300048828125,497.4107666015625,271.5636291503906,55.562469482421875,96.23486328125
2024-02-13,183.54273986816406,601.8900146484375,168.63999938964844,31.21432876586914,707.455078125,277.7749328613281,137.9834747314453,108.27030181884766,144.05157470703125,340.5503845214844,147.16354370117188,166.94232177734375,55.94063949584961,455.2301025390625,456.9281921386719,400.3507995605469,55.45199966430664,72.08784484863281,157.3517608642578,148.43368530273438,184.02000427246094,496.651611328125,272.294189453125,55.18400573730469,95.40637969970703
2024-02-14,182.65994262695312,604.6599731445312,170.97999572753906,31.57651710510254,715.3096313476562,285.678955078125,138.35911560058594,109.34849548339844,144.84559631347656,341.159912109375,146.4769744873047,168.63803100585938,55.884090423583984,459.9063415527344,469.9969482421875,404.22039794921875,57.93299865722656,73.8588638305664,156.0845947265625,147.82579040527344,188.7100067138672,496.73809814453125,274.0218811035156,55.007816314697266,94.9356689453125
2024-02-15,182.372314453125,590.4400024414062,169.8000030517578,32.472434997558594,717.6175537109375,288.43548583984375,143.06434631347656,110.22084045410156,141.6993865966797,343.87408447265625,148.52731323242188,172.31675720214844,55.98777389526367,465.92718505859375,480.67236328125,401.3280944824219,59.34600067138672,72.6175308227539,156.40139770507812,149.1365509033203,200.4499969482422,500.5241394042969,277.3982849121094,55.23293685913086,97.65644836425781
2024-02-16,180.8348388671875,546.6599731445312,169.50999450683594,32.491493225097656,717.1024780273438,286.2420349121094,143.2218017578125,109.38770294189453,139.4662322998047,345.08355712890625,148.35670471191406,171.5120391845703,55.97834396362305,462.8129577636719,470.0366516113281,398.8602600097656,58.39500045776367,72.57256317138672,154.96653747558594,149.6114959716797,199.9499969482422,501.16796875,275.0091247558594,55.5820426940918,97.65644836425781
2024-02-20,180.09091186523438,541.9099731445312,167.0800018310547,32.367591857910156,718.7863159179688,282.9520568847656,142.63829040527344,107.27051544189453,140.0617218017578,345.2931213378906,149.59817504882812,172.18263244628906,57.21308898925781,446.6190185546875,468.4775390625,397.60662841796875,57.51300048828125,69.41332244873047,157.137451171875,150.5613250732422,193.75999450683594,500.6971130371094,271.6426086425781,57.37648391723633,96.73383331298828
2024-02-21,180.84478759765625,538.52001953125,168.58999633789062,32.119789123535156,716.1416625976562,280.1461486816406,143.97203063964844,105.53559875488281,141.4810028076172,346.77874755859375,150.375244140625,173.30349731445312,57.72207260131836,453.8360900878906,465.2764892578125,397.00445556640625,57.334999084472656,67.43444061279297,157.30517578125,152.35655212402344,194.77000427246094,501.571533203125,273.23211669921875,56.67176055908203,98.71087646484375
2024-02-22,182.87815856933594,537.5700073242188,174.5800018310547,32.03400802612305,727.4133911132812,290.1249084472656,143.96275329589844,105.5062026977539,143.00946044921875,353.64520263671875,152.05259704589844,175.3824005126953,57.63724136352539,466.2040100097656,483.2699890136719,406.3525695800781,58.84700012207031,78.49427032470703,156.76475524902344,152.50852966308594,197.41000366210938,505.92449951171875,280.13299560546875,57.22966003417969,98.62615203857422
2024-02-23,181.04315185546875,553.4400024414062,174.99000549316406,32.3294677734375,730.909912109375,289.28509521484375,143.24957275390625,105.60421752929688,142.88043212890625,354.23565673828125,153.36985778808594,176.26376342773438,57.68436813354492,468.0429382324219,481.1823425292969,405.0594177246094,58.35599899291992,78.77311706542969,158.02261352539062,152.95498657226562,191.97000122070312,506.635498046875,279.9848937988281,57.27861022949219,97.760009765625
2024-02-26,179.69415283203125,560.47998046875,174.72999572753906,32.03400802612305,738.2592163085938,296.7840576171875,143.05506896972656,105.54541015625,136.5383758544922,353.8927917480469,152.3748016357422,175.66021728515625,57.22251510620117,469.1205139160156,478.9057922363281,402.2954406738281,58.76499938964844,79.04796600341797,156.77407836914062,152.18557739257812,199.39999389648438,504.7906188964844,280.52789306640625,58.335689544677734,98.14599609375
2024-02-27,181.15223693847656,552.489990234375,173.5399932861328,32.67259216308594,737.6253662109375,295.90472412109375,140.9340362548828,107.25090789794922,137.8385467529297,357.6640930175781,152.55487060546875,175.7464141845703,56.87377166748047,469.3577575683594,484.1845703125,402.23626708984375,60.16699981689453,78.65717315673828,156.680908203125,151.31173706054688,199.72999572753906,493.3556823730469,279.5603942871094,58.325904846191406,97.93888854980469
2024-02-28,179.9520263671875,551.8200073242188,173.16000366210938,32.70118713378906,740.8443603515625,296.17144775390625,141.10073852539062,108.60355377197266,135.3572998046875,359.61639404296875,153.0950469970703,176.63739013671875,56.93032455444336,473.41119384765625,481.1723937988281,402.47320556640625,59.64799880981445,77.6197509765625,155.6280517578125,152.0241241455078,202.0399932861328,478.8073425292969,281.989013671875,58.35527038574219,98.21190643310547
2024-02-29,179.2874755859375,560.280029296875,176.75999450683594,33.13310623168945,736.813232421875,305.11279296875,140.7950897216797,109.36809539794922,137.42169189453125,362.47344970703125,152.93394470214844,178.246826171875,56.57215881347656,469.3677062988281,487.2464599609375,408.3169860839844,60.29199981689453,79.06795501708984,155.22901916503906,150.96978759765625,201.8800048828125,474.3102111816406,279.0371398925781,57.366695404052734,98.40018463134766
2024-03-01,178.20628356933594,570.9299926757812,178.22000122070312,32.96992874145508,742.3104248046875,313.0760803222656,141.5360870361328,109.73076629638672,136.111572265625,366.1304931640625,153.63519287109375,177.50917053222656,56.11030197143555,471.2164306640625,499.3448181152344,410.1530456542969,61.933998107910156,82.2331771850586,154.52491760253906,150.88430786132812,202.63999938964844,470.3992919921875,279.550537109375,57.51350784301758,99.64289855957031
2024-03-04,173.68316650390625,567.9400024414062,177.5800018310547,33.73779296875,751.957763671875,310.86297607421875,137.89602661132812,111.43626403808594,132.35000610351562,362.2449035644531,151.47454833984375,178.8407745361328,56.37422180175781,463.1688537597656,495.2590637207031,409.58056640625,61.58300018310547,85.18953704833984,155.25721740722656,151.55870056152344,188.13999938964844,463.03863525390625,276.9540100097656,58.042057037353516,98.24956512451172
2024-03-05,168.74346923828125,544.8400268554688,174.1199951171875,33.9681510925293,752.720458984375,295.1636657714844,138.5536346435547,110.63253021240234,131.6750946044922,360.4163818359375,151.5977325439453,180.6322784423828,56.10087585449219,462.2098693847656,487.3359680175781,397.4683532714844,59.849998474121094,85.920166015625,152.13082885742188,151.3307342529297,180.74000549316406,454.659423828125,275.81866455078125,58.76636505126953,99.4546127319336
2024-03-06,167.75157165527344,543.0900268554688,173.50999450683594,33.9969367980957,765.8839721679688,300.1234130859375,137.38658142089844,107.87822723388672,130.41461181640625,361.6043701171875,151.0006866455078,181.57113647460938,56.129154205322266,466.2435607910156,493.17138671875,396.9156188964844,59.76900100708008,88.65476989746094,153.0321044921875,151.56820678710938,176.5399932861328,454.1309509277344,276.8552551269531,59.28511428833008,100.51844787597656
2024-03-07,167.63253784179688,556.0399780273438,176.82000732421875,34.198509216308594,778.1163940429688,298.7897033691406,138.34988403320312,107.995849609375,133.37228393554688,360.751708984375,150.55528259277344,179.98080444335938,56.02547073364258,462.22967529296875,509.1767272949219,403.8749084472656,60.85100173950195,92.62174224853516,153.13539123535156,152.56553649902344,178.64999389648438,460.0694274902344,274.7130126953125,59.07957077026367,101.08332824707031
2024-03-08,169.34854125976562,551.6900024414062,175.35000610351562,34.16971206665039,718.6575317382812,301.6153259277344,138.82223510742188,108.1330795288086,134.39456176757812,357.6859436035156,151.17129516601562,180.3161163330078,56.10087585449219,463.93017578125,502.97344970703125,400.992431640625,60.481998443603516,87.48336791992188,153.07907104492188,152.30909729003906,175.33999633789062,459.7510070800781,276.4703063964844,58.844661712646484,102.03418731689453
2024-03-11,171.35218811035156,560.4199829101562,171.9600067138672,34.448055267333984,707.2868041992188,302.32666015625,140.78582763671875,110.0836181640625,136.63760375976562,355.9327087402344,152.7917938232422,180.38316345214844,56.77952194213867,463.8312683105469,480.74493408203125,399.3143615722656,60.09299850463867,85.73026275634766,154.65634155273438,153.44891357421875,177.77000427246094,471.8870849609375,276.983642578125,59.37321472167969,102.63671112060547
2024-03-12,171.82830810546875,579.1400146484375,175.38999938964844,34.5152473449707,729.8698120117188,302.9392395019531,140.68392944335938,110.23064422607422,137.4613800048828,358.8260498046875,154.2227783203125,181.86810302734375,57.02458190917969,467.4991760253906,496.8098449707031,409.9358215332031,61.108001708984375,91.86613464355469,154.4779510498047,153.80984497070312,177.5399932861328,472.0800476074219,280.3008728027344,60.1072998046875,101.97769927978516
2024-03-13,169.74533081054688,573.5499877929688,176.55999755859375,34.63042068481445,727.2153930664062,301.41571044921875,142.53639221191406,110.26986694335938,138.74168395996094,363.08929443359375,152.66859436035156,183.34344482421875,57.60896301269531,470.2080078125,492.6544494628906,409.7582092285156,60.94499969482422,90.84165954589844,155.1914825439453,154.16131591796875,169.47999572753906,470.77764892578125,281.50531005859375,59.98005294799805,103.11685180664062
2024-03-14,171.6001739501953,570.4500122070312,178.75,34.25609588623047,724.98681640625,300.0703430175781,144.2128448486328,109.83857727050781,142.02688598632812,359.5254211425781,150.8775177001953,180.07662963867188,57.48070526123047,474.0340881347656,488.93646240234375,419.7479553222656,61.30099868774414,87.8991470336914,154.70327758789062,153.40142822265625,162.5,471.74237060546875,282.7590637207031,59.928985595703125,104.94326782226562
2024-03-15,171.22323608398438,492.4599914550781,174.4199981689453,33.987342834472656,718.7269287109375,291.1766052246094,144.07391357421875,109.73076629638672,140.1212921142578,357.5710144042969,149.90139770507812,182.3087921142578,56.89164352416992,470.425537109375,481.2519836425781,411.0611877441406,60.5880012512207,87.79220581054688,154.5906219482422,153.2874298095703,163.57000732421875,473.4981384277344,279.4320068359375,59.59506607055664,104.75495147705078
2024-03-18,172.31436157226562,513.8599853515625,174.47999572753906,34.563232421875,724.5806884765625,297.2904052734375,143.94424438476562,111.59310150146484,146.57254028320312,356.306396484375,148.5557403564453,184.56968688964844,57.12916946411133,473.4507751464844,494.05621337890625,411.9496154785156,61.8390007019043,88.40989685058594,160.78701782226562,153.1259765625,173.8000030517578,469.8611755371094,281.4163513183594,59.7718505859375,105.72466278076172
2024-03-19,174.65524291992188,521.1900024414062,175.89999389648438,34.58243179321289,725.2046508789062,298.2203674316406,145.0649871826172,112.2400131225586,145.92739868164062,363.4917297363281,148.03451538085938,185.6522216796875,57.224178314208984,478.5027160644531,493.32049560546875,415.9869689941406,62.07400131225586,89.35243225097656,161.2939910888672,153.71487426757812,171.32000732421875,475.909912109375,283.68707275390625,59.78166961669922,106.4684066772461
2024-03-20,177.22427368164062,519.1400146484375,178.14999389648438,35.27350997924805,733.6732177734375,302.8006896972656,143.14768981933594,114.15135192871094,147.62461853027344,368.2819519042969,147.60806274414062,188.08558654785156,57.718223571777344,482.4968566894531,502.5458679199219,419.7578430175781,62.76900100708008,90.32592010498047,161.35031127929688,153.86685180664062,175.66000366210938,476.78778076171875,285.59246826171875,60.15487289428711,106.37425994873047
2024-03-21,169.98336791992188,511.25,178.14999389648438,36.00297546386719,735.4957885742188,305.0859680175781,143.434814453125,114.38660430908203,146.49314880371094,378.6192321777344,147.59857177734375,190.700927734375,57.452205657958984,483.0900573730469,504.77276611328125,423.84454345703125,62.270999908447266,91.38837432861328,161.90423583984375,153.74337768554688,172.82000732421875,474.3374328613281,286.6686096191406,60.351295471191406,106.84498596191406
2024-03-22,170.88600158691406,499.5199890136719,178.8699951171875,35.561458587646484,727.8095703125,304.4725646972656,143.24957275390625,113.57305908203125,149.63937377929688,373.9056396484375,147.10580444335938,188.3634033203125,57.4712028503418,476.19921875,506.58197021484375,423.22265625,62.80099868774414,94.24092102050781,161.5005340576172,153.5533905029297,170.8300018310547,472.77459716796875,279.6492614746094,59.78166961669922,106.84498596191406
2024-03-25,169.4675750732422,507.2300109863281,179.7100067138672,35.37908935546875,724.0062255859375,302.78094482421875,144.92604064941406,116.99388122558594,148.94464111328125,367.4197082519531,147.09632873535156,186.63897705078125,57.38569641113281,470.6331481933594,500.0605773925781,417.4183349609375,62.74599838256836,94.95355224609375,162.04505920410156,152.15711975097656,172.6300048828125,468.73248291015625,277.6253662109375,59.487030029296875,107.93706512451172
2024-03-26,168.33677673339844,507.6000061035156,178.3000030517578,35.599849700927734,724.02587890625,302.55340576171875,143.81459045410156,117.55256652832031,149.54013061523438,363.9898681640625,147.61753845214844,187.5107421875,57.51870346069336,471.384521484375,492.97259521484375,416.2238464355469,62.92399978637695,92.5137939453125,162.16712951660156,152.49905395507812,177.6699981689453,474.935546875,277.02313232421875,59.428104400634766,107.12742614746094
2024-03-27,171.9076690673828,504.3999938964844,179.8300018310547,36.29092025756836,725.1155395507812,298.1510314941406,144.8148956298828,118.58175659179688,149.73861694335938,369.6998596191406,149.6929168701172,191.14161682128906,57.9842529296875,472.5214538574219,490.95452880859375,416.0067443847656,61.35300064086914,90.2039794921875,162.95574951171875,154.4557342529297,179.8300018310547,475.6976623535156,275.4632568359375,59.63434982299805,108.23833465576172
2024-03-28,170.0924835205078,504.6000061035156,180.3800048828125,36.39649963378906,725.6602172851562,297.9532165527344,146.10235595703125,119.93440246582031,149.79815673828125,367.5058898925781,149.910888671875,191.88885498046875,58.126766204833984,476.1003112792969,482.72320556640625,415.3058776855469,60.733001708984375,90.30992889404297,164.3076629638672,154.11380004882812,175.7899932861328,477.2412414550781,275.5225524902344,59.094181060791016,109.43397521972656
2024-04-01,168.6542205810547,502.0899963378906,180.97000122070312,36.0125732421875,714.378662109375,299.02166748046875,147.34349060058594,119.120849609375,154.323974609375,352.5891418457031,149.5223388671875,190.58596801757812,57.6517219543457,472.9663391113281,488.4593200683594,419.1063232421875,61.430999755859375,90.3169174194336,162.40182495117188,152.52752685546875,175.22000122070312,472.4176940917969,274.7326965332031,58.927223205566406,110.14004516601562
2024-04-02,167.4738311767578,499.2099914550781,180.69000244140625,35.80141067504883,704.5331420898438,300.7430419921875,147.99183654785156,120.3852767944336,153.40093994140625,347.7701721191406,149.47496032714844,190.50930786132812,57.148170471191406,473.9846496582031,494.44384765625,416.0166015625,61.42100143432617,89.40637969970703,160.9559783935547,152.51806640625,166.6300048828125,441.9714660644531,274.8906555175781,58.102237701416016,112.29598236083984
2024-04-03,168.27728271484375,497.010009765625,182.41000366210938,35.93578338623047,698.9765625,301.4750671386719,148.6031494140625,116.62140655517578,153.75827026367188,344.80023193359375,146.18658447265625,189.97283935546875,56.84414291381836,471.9974365234375,503.75872802734375,415.0393371582031,63.007999420166016,88.91864013671875,159.30361938476562,148.31968688964844,168.3800048828125,443.5149841308594,273.4295349121094,58.36741638183594,112.31481170654297
2024-04-04,167.45399475097656,487.1099853515625,180.0,35.43667984008789,698.1742553710938,290.9886474609375,148.834716796875,114.76886749267578,149.40115356445312,342.67340087890625,144.51869201660156,188.5274200439453,56.34058380126953,464.43438720703125,507.9141845703125,412.5024108886719,61.7140007019043,85.8611831665039,159.27545166015625,147.65480041503906,171.11000061035156,439.3088684082031,270.5072937011719,58.436161041259766,112.71021270751953
2024-04-05,168.20785522460938,485.1199951171875,185.07000732421875,35.619049072265625,706.9301147460938,298.6753845214844,149.6775665283203,116.03329467773438,151.3563995361328,342.85546875,144.41444396972656,190.2619171142578,56.54010772705078,471.73052978515625,524.2374877929688,420.04412841796875,63.61800003051758,87.96311950683594,158.79666137695312,148.272216796875,164.89999389648438,439.6561584472656,273.60723876953125,58.77989959716797,114.26360321044922
2024-04-08,167.0869903564453,484.2799987792969,185.19000244140625,35.99337387084961,705.038330078125,298.4973449707031,149.37193298339844,115.02371215820312,153.68878173828125,346.8600769042969,143.65631103515625,191.25442504882812,56.31208801269531,474.0669250488281,516.1951904296875,419.1260681152344,62.840999603271484,87.08856201171875,159.20973205566406,148.21519470214844,172.97999572753906,439.9070129394531,274.2193603515625,58.711158752441406,113.49162292480469
2024-04-09,168.297119140625,492.54998779296875,185.6699981689453,36.21413803100586,711.7538452148438,299.1304626464844,150.0480499267578,115.63143157958984,155.4256591796875,346.25653076171875,144.31967163085938,189.9728546142578,56.73963165283203,467.4437561035156,513.8589477539062,420.7943420410156,61.81999969482422,85.31045532226562,160.1767578125,148.80413818359375,176.8800048828125,443.4956970214844,273.1925964355469,58.72098159790039,114.08472442626953
2024-04-10,166.4224090576172,487.2200012207031,185.9499969482422,35.177528381347656,715.7059326171875,296.409912109375,150.66859436035156,114.86688995361328,154.96910095214844,335.8521728515625,142.33905029296875,188.35400390625,55.979549407958984,464.483642578125,516.771728515625,417.8132019042969,61.858001708984375,86.99461364746094,158.61827087402344,149.35504150390625,171.75999450683594,434.1669616699219,270.9811706542969,59.5361328125,115.04500579833984
2024-04-11,173.62367248535156,484.2799987792969,189.0500030517578,34.88957977294922,725.3829345703125,295.9449462890625,149.94615173339844,114.82769012451172,158.21458435058594,332.79595947265625,141.0028533935547,188.31546020507812,56.103065490722656,463.6322021484375,520.0821533203125,422.4230651855469,62.87799835205078,90.5698013305664,158.06436157226562,148.0252227783203,174.60000610351562,426.1309509277344,272.16583251953125,59.0156135559082,114.65901184082031
2024-04-12,175.1214599609375,474.0899963378906,186.1300048828125,34.35207748413086,724.3529052734375,291.16668701171875,147.23233032226562,111.74992370605469,156.5471649169922,328.4847717285156,139.79933166503906,176.13558959960938,55.371498107910156,460.7314453125,508.8883972167969,416.4706726074219,62.28300094604492,88.14103698730469,157.82025146484375,147.54083251953125,171.0500030517578,423.69989013671875,272.4422607421875,59.06471633911133,113.32215118408203
2024-04-15,171.2926788330078,470.1000061035156,183.6199951171875,34.50564956665039,711.4468383789062,269.9762268066406,145.96340942382812,110.71092987060547,153.6986846923828,323.7519836425781,139.86566162109375,176.2319793701172,55.23847961425781,455.19732666015625,497.28704833984375,408.3169860839844,60.71500015258789,85.95716094970703,156.74058532714844,147.65480041503906,161.47999572753906,429.9029846191406,267.8218994140625,58.85847473144531,112.67254638671875
2024-04-16,168.0094451904297,476.2200012207031,183.32000732421875,33.28667449951172,709.1587524414062,274.4378662109375,144.75006103515625,111.62250518798828,153.2421417236328,320.7820739746094,136.88999938964844,174.21804809570312,55.162471771240234,455.22705078125,496.81982421875,409.244873046875,61.75199890136719,87.37042236328125,157.25694274902344,148.1297149658203,157.11000061035156,452.34210205078125,267.89105224609375,58.77008056640625,111.74052429199219
2024-04-17,166.64060974121094,474.45001220703125,181.27999877929688,33.814579010009766,708.38623046875,273.35955810546875,144.86119079589844,110.70114135742188,154.3041229248047,318.865966796875,137.19326782226562,173.5242462158203,55.59001159667969,455.5635986328125,491.2627258300781,406.5401611328125,61.36899948120117,83.99214172363281,159.11587524414062,149.08909606933594,155.4499969482422,462.08563232421875,269.2139587402344,58.5834846496582,111.68402862548828
2024-04-18,165.68836975097656,473.17999267578125,179.22000122070312,34.332881927490234,704.4835815429688,269.0066833496094,145.9449005126953,110.20124053955078,154.8400421142578,318.9234924316406,138.1124725341797,174.65164184570312,55.97004699707031,450.1581726074219,498.8477783203125,399.0675354003906,61.055999755859375,84.62783813476562,161.73524475097656,150.36721801757812,149.92999267578125,475.7748107910156,267.9107971191406,58.2004508972168,111.5804672241211
2024-04-19,163.6649169921875,465.0199890136719,174.6300048828125,35.48466873168945,702.7603149414062,267.4732666015625,148.19561767578125,110.377685546875,152.93447875976562,321.28985595703125,140.16893005371094,179.0360107421875,57.16716384887695,450.84130859375,478.2397766113281,393.98382568359375,55.50400161743164,76.16114807128906,163.48150634765625,151.1798095703125,147.0500030517578,483.44427490234375,266.341064453125,58.46562576293945,112.86084747314453
2024-04-22,164.4981231689453,466.8900146484375,177.22999572753906,36.21413803100586,708.6536865234375,270.87646484375,149.97396850585938,109.76996612548828,155.10804748535156,322.0083923339844,141.31558227539062,182.51461791992188,57.528202056884766,452.18768310546875,478.8959045410156,395.8001403808594,55.459999084472656,79.47746276855469,165.66903686523438,153.47418212890625,142.0500030517578,473.8936462402344,268.8585205078125,59.06471633911133,113.50102233886719
2024-04-23,165.54953002929688,472.8999938964844,179.5399932861328,36.82842254638672,715.804931640625,273.7156982421875,150.83534240722656,111.45587158203125,157.0731964111328,324.7771301269531,141.7325439453125,185.1452178955078,57.61371994018555,458.1970520019531,493.18133544921875,402.32513427734375,57.775001525878906,82.38097381591797,160.74945068359375,154.39195251464844,144.67999267578125,469.0218811035156,270.6158752441406,58.03349304199219,113.9435043334961
2024-04-24,167.65235900878906,477.1199951171875,176.58999633789062,36.78042984008789,717.0033569335938,273.23095703125,151.50222778320312,111.66170501708984,157.9366912841797,319.0384521484375,140.75645446777344,186.05101013183594,58.478302001953125,457.8802795410156,490.5966491699219,403.7959289550781,55.512001037597656,79.6363754272461,166.56094360351562,155.44351196289062,162.1300048828125,470.1023864746094,271.5142517089844,58.79954147338867,113.96233367919922
2024-04-25,168.51535034179688,473.44000244140625,173.6699981689453,36.38690948486328,716.1402587890625,270.2136535644531,153.0860595703125,110.53450012207031,154.8301544189453,318.0516357421875,139.13595581054688,186.33042907714844,58.6588249206543,457.494140625,438.7832946777344,393.9048767089844,56.47999954223633,82.58987426757812,165.87554931640625,155.395751953125,170.17999267578125,476.43084716796875,271.6524963378906,59.13346862792969,114.22594451904297
2024-04-26,167.9300994873047,477.55999755859375,179.6199951171875,36.310123443603516,723.40234375,271.351318359375,153.65106201171875,110.49530792236328,170.6605224609375,321.0311584472656,138.49154663085938,186.4460906982422,58.6588249206543,457.80108642578125,440.6820373535156,401.0911865234375,56.12300109863281,87.69026947021484,164.84283447265625,154.19117736816406,168.2899932861328,477.8682556152344,271.0205993652344,59.08435821533203,111.05326080322266
2024-04-29,172.09613037109375,473.07000732421875,180.9600067138672,36.0413703918457,720.5748901367188,272.7857971191406,154.05859375,109.85818481445312,164.90403747558594,322.6694030761719,139.13595581054688,186.24371337890625,58.943843841552734,452.5341796875,430.0748291015625,397.07354736328125,55.94900131225586,87.7122573852539,165.3685760498047,154.54490661621094,194.0500030517578,471.7712707519531,268.37481689453125,59.16293716430664,112.6348876953125
2024-04-30,168.95176696777344,462.8299865722656,175.0,35.52306365966797,717.1720581054688,266.0586242675781,149.37193298339844,108.89761352539062,161.5592803955078,320.1977233886719,137.02267456054688,184.75978088378906,58.68732452392578,446.6931457519531,427.6392517089844,384.31982421875,55.06399917602539,86.35794830322266,165.15264892578125,156.01712036132812,183.27999877929688,466.62939453125,265.1859436035156,58.288841247558594,111.34510803222656
2024-05-01,167.9300994873047,469.3900146484375,179.0,35.465476989746094,716.4974365234375,265.81134033203125,147.85292053222656,108.28990936279297,162.63119506835938,318.0420837402344,143.26776123046875,184.87539672851562,58.83933639526367,437.6543273925781,436.606201171875,389.85760498046875,55.17100143432617,82.99864959716797,164.43911743164062,156.2082977294922,179.99000549316406,467.0249328613281,263.9124450683594,57.79778289794922,109.23626708984375
2024-05-02,171.62994384765625,476.57000732421875,184.72000122070312,35.398284912109375,726.636474609375,269.2144775390625,148.87173461914062,110.38748168945312,165.37051391601562,321.4527282714844,142.07371520996094,184.68270874023438,58.896339416503906,436.6940612792969,439.08148193359375,392.7203369140625,56.51499938964844,85.77323913574219,164.7207794189453,156.62896728515625,180.00999450683594,475.5722351074219,264.19873046875,58.64240646362305,109.43397521972656
2024-05-03,181.8961944580078,486.17999267578125,186.2100067138672,35.753421783447266,738.0057983398438,270.72808837890625,148.42715454101562,111.40686798095703,165.98587036132812,328.465576171875,141.4577178955078,183.57456970214844,59.067359924316406,439.149169921875,449.301025390625,401.42681884765625,57.933998107910156,88.74372100830078,165.37796020507812,157.2216796875,181.19000244140625,475.07061767578125,265.0675048828125,58.75043869018555,109.20801544189453
2024-05-06,180.2397003173828,493.5899963378906,188.6999969482422,36.17573928833008,750.456298828125,272.67694091796875,150.32591247558594,114.16116333007812,166.8394317626953,327.9291076660156,140.8038330078125,185.01031494140625,59.238372802734375,444.8813781738281,462.9403076171875,408.21826171875,59.696998596191406,92.093017578125,165.0681610107422,157.2025604248047,184.75999450683594,476.9325256347656,269.1942443847656,58.79954147338867,109.91410827636719
2024-05-07,180.92413330078125,492.2699890136719,188.75999450683594,36.31971740722656,765.198486328125,274.2103576660156,150.66859436035156,103.3008041381836,169.96578979492188,326.396240234375,140.9365234375,184.7694091796875,59.49489974975586,448.5345764160156,465.4852294921875,404.0722961425781,60.599998474121094,90.50782012939453,167.1336212158203,158.4644012451172,177.80999755859375,483.2802734375,272.9358825683594,59.5361328125,109.36805725097656
2024-05-08,181.2613525390625,488.1000061035156,188.0,36.19493865966797,757.3612060546875,275.9811706542969,150.5482177734375,103.34980773925781,168.1098175048828,324.6142578125,141.1544647216797,188.5274200439453,59.71342086791992,450.2274169921875,469.8196105957031,405.2568664550781,60.946998596191406,90.36589050292969,166.56094360351562,157.80482482910156,174.72000122070312,485.4508361816406,273.6565856933594,59.221858978271484,109.3492431640625
2024-05-09,183.07656860351562,482.6499938964844,189.5,36.74203109741211,772.8672485351562,272.221923828125,153.2435302734375,103.70268249511719,168.68545532226562,332.8630065917969,142.00738525390625,190.3101043701172,59.74192428588867,450.94024658203125,472.623046875,407.0139465332031,61.20899963378906,88.70174407958984,167.17117309570312,158.7321014404297,171.97000122070312,489.13604736328125,274.98944091796875,59.56482696533203,111.50515747070312
2024-05-10,181.8151092529297,482.2900085449219,187.47999572753906,36.90520477294922,780.9526977539062,273.7058410644531,153.58624267578125,103.69287109375,167.3852996826172,331.8953857421875,142.06423950195312,191.53387451171875,60.102962493896484,452.4153747558594,473.3984069824219,409.40283203125,61.08700180053711,89.83216857910156,168.7953643798828,159.50648498535156,168.47000122070312,494.7120666503906,277.16131591796875,59.604244232177734,111.05326080322266
2024-05-13,185.02334594726562,483.1099853515625,186.57000732421875,36.67484664916992,769.0081176757812,274.54669189453125,152.39138793945312,103.7320785522461,167.87161254882812,326.65484619140625,143.30567932128906,191.4953155517578,60.40699768066406,453.1876525878906,465.256591796875,408.3959045410156,61.659000396728516,90.35291290283203,169.83749389648438,158.56961059570312,171.88999938964844,493.67987060546875,275.8285827636719,59.53525924682617,111.00619506835938
2024-05-14,186.16555786132812,475.95001220703125,187.07000732421875,36.943599700927734,771.736328125,273.8343811035156,151.53927612304688,103.2615966796875,169.06260681152344,326.21417236328125,143.45730590820312,194.17410278320312,59.95094680786133,449.6631774902344,469.07403564453125,411.19940185546875,61.36600112915039,91.30941772460938,168.87046813964844,158.4644012451172,177.5500030517578,495.74432373046875,274.1995849609375,58.99322509765625,111.68004608154297
2024-05-15,188.44012451171875,485.3500061035156,185.99000549316406,37.34672546386719,780.8038330078125,284.4593811035156,151.0205841064453,100.73273468017578,171.21633911132812,334.0414123535156,144.67977905273438,194.7522735595703,59.979454040527344,453.4252014160156,478.7070007324219,418.3887939453125,61.35200119018555,94.58174896240234,168.48556518554688,159.18142700195312,173.99000549316406,499.2847900390625,277.91168212890625,58.96365737915039,112.54371643066406
2024-05-16,188.55931091308594,482.8800048828125,183.6300048828125,37.6442756652832,786.7861328125,281.6299743652344,150.71185302734375,101.32085418701172,172.87379455566406,328.3506164550781,146.2055206298828,195.0991668701172,60.15997314453125,454.2864685058594,470.4459228515625,416.32196044921875,61.051998138427734,94.3108901977539,171.912353515625,160.47203063964844,174.83999633789062,502.8735656738281,276.78411865234375,63.083133697509766,111.86986541748047
2024-05-17,188.58909606933594,483.42999267578125,184.6999969482422,37.71146011352539,789.5043334960938,282.5500183105469,152.19003295898438,101.2032241821289,174.7397003173828,329.7685241699219,146.54669189453125,197.334716796875,59.88444137573242,455.6724853515625,469.1336669921875,415.5506591796875,62.11000061035156,92.43183898925781,171.04861450195312,160.26170349121094,177.4600067138672,506.1149597167969,277.041259765625,63.713863372802734,113.54975891113281
2024-05-20,189.751220703125,484.69000244140625,183.5399932861328,37.26034164428711,786.7167358398438,283.994384765625,150.7586212158203,100.86015319824219,175.59326171875,323.64666748046875,144.51185607910156,188.45997619628906,59.44740295410156,455.068603515625,466.0816955566406,420.62371826171875,64.08200073242188,94.7316665649414,169.2835693359375,159.94622802734375,174.9499969482422,498.9761047363281,275.49835205078125,63.25066375732422,112.62913513183594
2024-05-21,191.05238342285156,481.8500061035156,183.14999389648438,38.05699920654297,794.5838012695312,280.7198181152344,149.6640167236328,100.9679946899414,176.51629638671875,322.0466613769531,144.48318481445312,192.25657653808594,59.77043533325195,454.5141906738281,461.896484375,424.28271484375,65.06099700927734,95.33735656738281,170.00650024414062,160.94046020507812,186.60000610351562,505.07305908203125,272.9366455078125,64.20662689208984,111.85087585449219
2024-05-22,189.61216735839844,483.92999267578125,183.1300048828125,38.162574768066406,795.5064086914062,280.7791748046875,147.4186248779297,100.977783203125,175.05731201171875,316.7199401855469,146.6422119140625,191.0906219482422,59.85593795776367,451.9599914550781,465.0279235839844,425.7463073730469,64.0469970703125,94.9015884399414,170.95474243164062,160.42422485351562,180.11000061035156,502.95062255859375,272.5706481933594,64.30517578125,109.6015396118164
2024-05-23,185.61927795410156,483.30999755859375,181.0500030517578,37.59627914428711,790.0302734375,275.58544921875,146.82919311523438,98.6645736694336,172.24855041503906,313.17523193359375,143.01199340820312,189.75120544433594,58.99135208129883,446.70306396484375,463.0397033691406,422.2653503417969,63.56700134277344,103.74607849121094,168.3071746826172,158.20632934570312,173.74000549316406,498.5902404785156,271.2353820800781,63.90110397338867,107.73180389404297
2024-05-24,188.6983642578125,475.42999267578125,180.75,38.10498809814453,803.3140258789062,269.372802734375,147.58702087402344,99.74276733398438,173.67774963378906,311.4603271484375,140.40394592285156,193.40325927734375,58.905845642089844,446.67333984375,475.4065856933594,425.3902893066406,64.67500305175781,106.41470336914062,167.10546875,158.05337524414062,179.24000549316406,490.2358093261719,271.4925537109375,64.43328094482422,107.6463851928711
2024-05-28,188.7083282470703,478.42999267578125,182.14999389648438,37.740257263183594,806.7268676757812,266.9390869140625,148.79391479492188,100.4092788696289,175.07717895507812,314.9093017578125,137.92967224121094,192.2373046875,58.734825134277344,440.63421630859375,477.0965576171875,425.54852294921875,64.9000015258789,113.84292602539062,162.77737426757812,155.9310760498047,176.75,485.9042663574219,268.0209045410156,64.09822082519531,109.01309204101562
2024-05-29,189.0062713623047,477.6000061035156,182.02000427246094,37.16436004638672,800.1295776367188,268.70989990234375,146.7917938232422,98.88021087646484,174.58090209960938,312.2362976074219,137.9869842529297,190.89788818359375,58.62081527709961,438.05035400390625,471.56927490234375,424.4112548828125,65.46199798583984,114.76644134521484,160.68373107910156,154.5353546142578,176.19000244140625,467.6134338378906,265.92401123046875,63.979942321777344,107.84569549560547
2024-05-30,189.99952697753906,445.8699951171875,179.32000732421875,37.07797622680664,808.8796997070312,215.67428588867188,148.06417846679688,99.68394470214844,170.8193359375,317.5614929199219,138.78944396972656,192.07347106933594,58.877342224121094,437.6840515136719,464.30218505859375,410.0720520019531,64.76599884033203,110.44365692138672,160.05470275878906,155.42440795898438,178.7899932861328,464.6517639160156,268.33734130859375,63.95038604736328,108.18737030029297
2024-05-31,190.95306396484375,444.760009765625,176.44000244140625,38.38333511352539,803.472900390625,231.92825317382812,151.84388732910156,101.85013580322266,171.2064208984375,323.0506591796875,140.1173553466797,195.25335693359375,59.78943634033203,442.6044006347656,464.0835266113281,410.5269470214844,64.16200256347656,109.57710266113281,162.32672119140625,157.2981414794922,178.0800018310547,477.8875427246094,269.4846496582031,64.80778503417969,111.29090881347656
2024-06-03,192.72105407714844,439.0199890136719,178.33999633789062,38.27775955200195,808.9293823242188,234.08489990234375,147.31573486328125,100.73273468017578,171.8713836669922,316.4328308105469,141.13955688476562,194.4728240966797,59.78943634033203,438.76312255859375,474.6808166503906,408.934814453125,63.37900161743164,114.94136047363281,160.7588653564453,157.40328979492188,176.2899932861328,479.8844909667969,267.42742919921875,64.86691284179688,108.62395477294922
2024-06-04,193.0388946533203,448.3699951171875,179.33999633789062,38.08578872680664,820.8341674804688,232.34373474121094,146.07139587402344,101.2816390991211,172.4867401123047,316.6739501953125,141.1968536376953,191.90966796875,60.7490234375,440.3273620605469,474.1837463378906,411.4565124511719,63.1619987487793,116.37763214111328,163.25619506835938,159.65943908691406,174.77000427246094,487.650390625,269.4451599121094,65.63561248779297,106.93456268310547
2024-06-05,194.54861450195312,455.79998779296875,181.27999877929688,38.35454177856445,827.6893920898438,233.99586486816406,144.9954833984375,99.4879150390625,174.09457397460938,318.6033935546875,139.44863891601562,190.07882690429688,60.73002243041992,442.198486328125,492.1474304199219,419.3085021972656,65.0270004272461,122.37757110595703,162.88063049316406,158.74168395996094,175.0,485.3640441894531,271.50238037109375,66.11851501464844,107.36166381835938
2024-06-06,193.16799926757812,458.1300048828125,185.0,38.10498809814453,835.96337890625,240.1591033935547,145.88426208496094,99.20366668701172,175.40469360351562,319.4137878417969,139.87850952148438,189.74159240722656,60.948551177978516,444.19830322265625,490.8551330566406,419.81280517578125,64.85199737548828,120.9363021850586,162.60836791992188,161.05517578125,177.94000244140625,484.2064208984375,274.0147399902344,66.17765808105469,108.16839599609375
2024-06-07,195.56175231933594,465.42999267578125,184.3000030517578,38.41399383544922,838.8800659179688,239.25888061523438,146.0246124267578,99.5271224975586,173.15170288085938,315.4873962402344,140.50904846191406,192.6708984375,60.720523834228516,445.29718017578125,490.0598449707031,419.1502685546875,64.14700317382812,120.82636260986328,161.8466339111328,159.70724487304688,177.47999572753906,473.37274169921875,275.62689208984375,64.9260482788086,107.010498046875
2024-06-10,191.81716918945312,459.94000244140625,187.05999755859375,38.30777359008789,841.6181640625,239.2489776611328,146.64210510253906,100.70333099365234,173.8969268798828,320.82220458984375,140.5568084716797,192.3433074951172,60.41649627685547,444.7625732421875,499.6430969238281,423.12567138671875,64.44999694824219,121.72789001464844,156.98289489746094,159.98446655273438,173.7899932861328,477.53057861328125,272.0365295410156,65.99040222167969,107.32369995117188
2024-06-11,205.75253295898438,462.69000244140625,187.22999572753906,37.52559280395508,842.5804443359375,238.40809631347656,146.408203125,98.87040710449219,175.4967041015625,323.87066650390625,140.20333862304688,187.28440856933594,60.37848663330078,444.5547180175781,504.48443603515625,427.8822937011719,64.8550033569336,120.8582763671875,156.19752502441406,160.10873413085938,170.66000366210938,478.7075500488281,271.67059326171875,65.76374816894531,106.46002197265625
2024-06-12,211.6326141357422,459.8699951171875,186.88999938964844,38.056697845458984,841.0924072265625,233.27369689941406,144.28443908691406,98.80180358886719,176.65927124023438,331.9935607910156,138.91363525390625,184.5574493408203,59.74192428588867,438.57501220703125,505.8464050292969,436.16943359375,65.00599670410156,125.14643859863281,155.02418518066406,157.9099578857422,177.2899932861328,475.6687316894531,267.3680725097656,65.34980773925781,105.28314971923828
2024-06-13,212.79470825195312,458.739990234375,183.8300018310547,37.9118537902832,839.2570190429688,226.57620239257812,142.99334716796875,98.1058578491211,174.04598999023438,335.6014709472656,138.9518585205078,186.6099090576172,59.846435546875,440.5550537109375,501.13427734375,436.6836853027344,65.32599639892578,129.55453491210938,154.55105590820312,159.0858154296875,182.47000122070312,479.7494201660156,268.2285461425781,65.73416900634766,104.43844604492188
2024-06-14,211.0565185546875,525.3099975585938,183.66000366210938,37.89254379272461,848.8900146484375,229.45504760742188,142.74075317382812,97.98825073242188,175.66561889648438,334.59820556640625,139.03782653808594,186.72552490234375,59.889522552490234,440.18878173828125,501.6915588378906,437.6627197265625,66.93800354003906,131.82359313964844,155.0052490234375,159.4490966796875,178.00999450683594,479.5758056640625,267.7043762207031,66.04954528808594,103.55579376220703
2024-06-17,215.2083282470703,518.739990234375,184.05999755859375,38.15326690673828,861.0330200195312,228.01068115234375,143.32080078125,99.50751495361328,176.11277770996094,337.164306640625,139.4295196533203,187.8818359375,59.95654296875,443.63397216796875,504.14947509765625,443.39837646484375,67.58300018310547,130.92396545410156,157.21002197265625,160.12786865234375,187.44000244140625,473.9664611816406,268.20880126953125,66.4437484741211,102.8439712524414
2024-06-18,212.84437561035156,522.25,182.80999755859375,38.616790771484375,863.8505249023438,229.326416015625,143.4517822265625,99.4879150390625,173.97640991210938,341.3800354003906,139.1429443359375,189.82830810546875,59.96611785888672,445.61395263671875,497.04437255859375,441.390869140625,68.56700134277344,135.52198791503906,157.53172302246094,161.14122009277344,184.86000061035156,466.0416564941406,270.6320495605469,66.62113952636719,103.81204986572266
2024-06-20,208.26548767089844,522.9500122070312,186.10000610351562,38.616790771484375,855.6064453125,239.20941162109375,146.54855346679688,99.82117462158203,175.17874145507812,340.9652404785156,141.17774963378906,191.4375,59.535255432128906,447.99005126953125,499.2436218261719,440.75799560546875,67.90299987792969,130.72406005859375,157.7209930419922,160.2904052734375,181.57000732421875,469.40338134765625,273.7970886230469,67.02519989013672,106.05191040039062
2024-06-21,206.0902557373047,533.4400024414062,189.0800018310547,38.13396072387695,841.5884399414062,242.43447875976562,145.27615356445312,100.2426528930664,178.48756408691406,343.241943359375,142.10443115234375,189.15377807617188,60.10016632080078,450.3066711425781,492.35748291015625,444.7927551269531,68.61199951171875,126.5158462524414,158.28872680664062,160.85440063476562,183.00999450683594,467.5335998535156,272.2145690917969,66.92665100097656,105.12179565429688
2024-06-24,206.73587036132812,524.1699829101562,185.57000732421875,38.64575958251953,841.4395751953125,237.3693389892578,149.04652404785156,99.95840454101562,178.08016967773438,338.49560546875,142.4578857421875,191.63987731933594,61.24912643432617,452.39556884765625,496.4672546386719,442.7061462402344,66.9020004272461,118.05946350097656,159.0457305908203,161.03604125976562,182.5800018310547,474.69305419921875,273.2827453613281,67.9023208618164,108.24432373046875
2024-06-25,207.6596221923828,526.8800048828125,186.33999633789062,38.027732849121094,848.7313842773438,239.16981506347656,148.25131225585938,100.17404174804688,182.8595733642578,326.37890625,140.61412048339844,190.85935974121094,61.12465286254883,451.0986328125,508.10003662109375,445.94976806640625,67.24099731445312,126.03604888916016,158.35501098632812,159.50648498535156,187.35000610351562,469.3840026855469,270.54302978515625,66.4437484741211,108.54803466796875
2024-06-26,211.81138610839844,528.6599731445312,193.61000061035156,37.66078186035156,850.0508422851562,240.54495239257812,145.90296936035156,100.1544418334961,182.71055603027344,329.7553405761719,140.2606658935547,190.2426300048828,61.325721740722656,447.861328125,510.607666015625,447.1463928222656,67.76899719238281,126.34593200683594,157.7777862548828,160.08006286621094,196.3699951171875,468.9383544921875,270.6122741699219,67.30115509033203,108.58599853515625
2024-06-27,212.65565490722656,546.760009765625,197.85000610351562,37.902198791503906,843.8800659179688,250.14102172851562,146.24916076660156,100.14463806152344,184.2307891845703,329.4369812011719,139.28623962402344,191.91929626464844,61.19167709350586,438.3275146484375,517.0161743164062,447.8287353515625,68.43399810791016,123.93695068359375,157.32357788085938,159.28659057617188,197.4199981689453,471.26348876953125,263.6788024902344,66.8970947265625,109.05105590820312
2024-06-28,209.19912719726562,555.5399780273438,193.25,38.40433883666992,843.255126953125,254.345458984375,146.34271240234375,97.32173156738281,180.9915313720703,332.0899353027344,139.63015747070312,194.8968048095703,60.94273376464844,436.7534484863281,501.751220703125,441.9941101074219,67.48799896240234,123.48715209960938,156.06504821777344,157.6614227294922,197.8800048828125,493.3715515136719,259.603759765625,66.72955322265625,109.25985717773438
2024-07-01,215.28778076171875,560.010009765625,197.1999969482422,38.6360969543457,838.96923828125,253.4650115966797,146.436279296875,96.09651184082031,181.82618713378906,324.3240661621094,139.8976287841797,197.97068786621094,60.588470458984375,433.2388610839844,502.2090148925781,451.66571044921875,67.36100006103516,124.246826171875,154.13470458984375,155.55824279785156,209.86000061035156,479.21734619140625,260.3653869628906,66.50289154052734,109.10799407958984
2024-07-02,218.78404235839844,567.7100219726562,200.0,39.52450942993164,852.5508422851562,253.44522094726562,146.6514434814453,96.04750061035156,184.06187438964844,323.14715576171875,139.50595092773438,201.2276153564453,60.46400451660156,440.20855712890625,507.00537109375,454.1874084472656,67.95800018310547,122.61751556396484,154.78762817382812,156.68630981445312,231.25999450683594,482.6953125,265.3009033203125,67.08434295654297,108.36770629882812
2024-07-03,220.05540466308594,570.1500244140625,197.58999633789062,39.495540618896484,855.8246459960938,258.15423583984375,146.61402893066406,96.65520477294922,184.63818359375,321.8641052246094,139.18113708496094,201.0927276611328,60.636348724365234,443.7032470703125,507.463134765625,455.660888671875,68.2509994506836,128.22511291503906,153.86029052734375,156.61940002441406,246.38999938964844,474.6058654785156,266.0526123046875,67.25186157226562,108.91817474365234
2024-07-05,224.81309509277344,578.3400268554688,200.0,39.02236557006836,878.65234375,260.3702087402344,144.36863708496094,96.04750061035156,189.38778686523438,322.7708740234375,139.93585205078125,198.42816162109375,61.04805374145508,445.00018310546875,537.2664794921875,462.3755798339844,69.06500244140625,125.77616119384766,155.55406188964844,157.93865966796875,251.52000427246094,472.7845458984375,267.4076232910156,69.02581787109375,107.59893798828125
2024-07-08,226.28311157226562,575.4000244140625,199.2899932861328,39.22515106201172,873.8607177734375,254.6125946044922,144.38735961914062,95.8801040649414,187.82777404785156,327.6137390136719,138.9805145263672,198.79635620117188,60.282081604003906,441.7826843261719,526.7283935546875,461.07025146484375,68.5739974975586,128.14512634277344,153.4060821533203,159.1909942626953,252.94000244140625,474.0730285644531,263.4908752441406,68.67102813720703,106.46952056884766
2024-07-09,227.13729858398438,566.02001953125,199.33999633789062,39.997676849365234,879.822998046875,250.11422729492188,143.12432861328125,95.56499481201172,187.778076171875,325.1922912597656,140.48037719726562,201.17994689941406,60.0235710144043,440.91021728515625,527.4050903320312,454.44451904296875,68.5739974975586,131.3238067626953,153.1979217529297,158.36883544921875,262.3299865722656,476.756591796875,262.5413818359375,68.88784790039062,105.29263305664062
2024-07-10,231.40829467773438,564.5499877929688,199.7899932861328,40.30669403076172,877.3031005859375,250.2727508544922,145.1358184814453,95.48621368408203,189.96409606933594,332.0320739746094,142.7540283203125,201.34466552734375,60.157615661621094,429.9444580078125,532.0720825195312,461.08013916015625,67.76499938964844,134.852294921875,154.79708862304688,159.4586639404297,263.260009765625,485.30145263671875,260.12799072265625,69.39046478271484,106.22274780273438
2024-07-11,226.0347900390625,557.6300048828125,195.0500030517578,40.37428665161133,839.8820190429688,248.81625366210938,145.2574462890625,95.12187194824219,184.38980102539062,341.3029479980469,143.01199340820312,201.00550842285156,60.41613006591797,432.7007141113281,510.1897277832031,449.6581726074219,65.2750015258789,127.34549713134766,155.13772583007812,158.25413513183594,241.02999877929688,488.6244201660156,259.68292236328125,68.78929138183594,107.48504638671875
2024-07-12,228.9847412109375,559.0499877929688,194.49000549316406,40.16184997558594,836.2212524414062,251.64010620117188,145.56617736816406,95.64376831054688,183.89297485351562,347.07177734375,143.18394470214844,198.57350158691406,60.9906120300293,436.3592529296875,496.4274597167969,448.5209045410156,64.76000213623047,129.1847381591797,157.43711853027344,159.2770233154297,248.22999572753906,495.5707092285156,262.83807373046875,68.23739624023438,107.50402069091797
2024-07-15,232.8187255859375,565.7100219726562,192.72000122070312,40.4515495300293,842.0050659179688,250.540283203125,147.8583221435547,95.38774871826172,185.34368896484375,345.8080139160156,142.57254028320312,203.52474975585938,60.71294403076172,440.21612548828125,493.7307434082031,448.9263916015625,65.6449966430664,128.3850555419922,155.0525665283203,157.3363800048828,252.63999938964844,499.2908935546875,265.51849365234375,68.60203552246094,109.34526824951172
2024-07-16,233.2358856201172,566.5399780273438,193.02000427246094,42.614627838134766,844.0289306640625,253.68124389648438,147.60574340820312,96.96326446533203,182.75027465820312,356.091796875,144.26344299316406,206.9838409423828,61.53635787963867,439.7501525878906,487.39190673828125,444.53564453125,65.63200378417969,126.3059310913086,155.90419006347656,159.60206604003906,256.55999755859375,531.7457275390625,266.309814453125,68.97652435302734,110.13301086425781
2024-07-17,227.33595275878906,563.0900268554688,187.92999267578125,42.46977615356445,839.5745239257812,248.9153289794922,150.84283447265625,95.82101440429688,179.8687286376953,358.7640380859375,149.58462524414062,210.13290405273438,62.43638229370117,447.31512451171875,459.7279968261719,438.6021423339844,64.74600219726562,117.93951416015625,160.75845336914062,161.98248291015625,248.5,555.3941650390625,269.7221374511719,70.00148010253906,111.65157318115234
2024-07-18,222.6676483154297,556.8499755859375,183.75,41.5330810546875,832.7192993164062,245.08084106445312,151.53515625,95.30896759033203,176.5598907470703,353.1590881347656,148.4764404296875,203.4569091796875,62.417236328125,444.8959045410156,473.5201416015625,435.487060546875,64.30400085449219,121.0381851196289,161.21266174316406,161.0264892578125,249.22999572753906,546.733154296875,266.2108154296875,69.79451751708984,112.75252532958984
2024-07-19,222.79676818847656,551.0,183.1300048828125,41.426856994628906,831.4890747070312,245.35829162597656,148.89683532714844,94.27503967285156,176.53009033203125,350.5351257324219,147.77906799316406,203.2631378173828,62.512977600097656,439.9087829589844,474.45550537109375,432.26324462890625,63.33399963378906,117.87955474853516,160.25694274902344,161.53334045410156,239.1999969482422,547.6922607421875,262.5611572265625,69.72553253173828,110.16149139404297
2024-07-22,222.4491424560547,554.8200073242188,182.5500030517578,40.84746551513672,840.7053833007812,251.74911499023438,146.87600708007812,92.6896743774414,180.51458740234375,350.4289855957031,147.3491668701172,203.74761962890625,62.01509475708008,444.12255859375,485.01361083984375,438.0285949707031,64.75,123.48715209960938,158.6483154296875,161.81222534179688,251.50999450683594,541.1044311523438,264.78656005859375,69.36088562011719,109.40221405029297
2024-07-23,223.49205017089844,546.010009765625,186.41000366210938,40.95368957519531,845.3583374023438,253.7109375,144.16282653808594,89.54849243164062,180.6338348388672,346.9271240234375,145.5435791015625,203.7960662841797,62.19701385498047,437.95556640625,486.2972412109375,439.9173889160156,64.2760009765625,122.53755187988281,157.34249877929688,160.2445831298828,246.3800048828125,537.3938598632812,261.8984680175781,69.62698364257812,107.63689422607422
2024-07-24,217.06570434570312,531.0399780273438,180.8300018310547,40.74123764038086,824.2369995117188,247.48855590820312,145.07969665527344,88.4259262084961,171.53208923339844,337.9457092285156,149.2980499267578,202.110107421875,63.01085662841797,428.7645568847656,459.0115051269531,424.1442565917969,63.5989990234375,114.20111083984375,159.13088989257812,161.57179260253906,215.99000549316406,542.2862548828125,251.39443969726562,69.57769775390625,109.15544891357422
2024-07-25,216.0227813720703,532.1500244140625,179.85000610351562,40.248756408691406,809.48486328125,254.16668701171875,147.3905487060547,87.8449478149414,166.21609497070312,340.8205261230469,152.50791931152344,202.18763732910156,63.25979995727539,425.9388732910156,451.19000244140625,413.7607116699219,63.409000396728516,112.2319564819336,161.8277130126953,160.51388549804688,220.25,542.2184448242188,250.96914672851562,69.00609588623047,111.4522705078125
2024-07-26,216.48960876464844,542.4400024414062,182.5,40.239097595214844,812.2764282226562,260.2999572753906,147.6712188720703,88.55393981933594,165.93789672851562,346.8210144042969,153.46322631835938,205.646728515625,64.1981201171875,434.44573974609375,463.4198303222656,420.55450439453125,63.137001037597656,113.0116195678711,163.46473693847656,162.6393280029297,219.8000030517578,551.9451904296875,256.6266784667969,68.76956939697266,111.35736083984375
2024-07-29,216.7677459716797,536.6099853515625,183.1999969482422,39.67901611328125,810.2498779296875,256.2176818847656,146.51112365722656,90.7301254272461,168.45179748535156,348.9047546386719,151.4761505126953,204.29991149902344,63.98747634887695,437.53912353515625,463.4297790527344,421.9983215332031,62.69599914550781,111.5422592163086,163.90003967285156,163.4279327392578,232.10000610351562,549.06787109375,258.7432861328125,68.61189270019531,110.18997192382812
2024-07-30,217.32394409179688,538.7100219726562,181.7100067138672,39.862491607666016,804.755859375,255.56378173828125,149.28976440429688,92.3548812866211,169.20697021484375,350.85345458984375,154.12242126464844,208.50509643554688,64.80132293701172,443.6367492675781,460.922119140625,418.2305603027344,62.257999420166016,103.68562316894531,163.87161254882812,155.5128631591797,222.6199951171875,558.3490600585938,260.2269287109375,68.1881103515625,112.15459442138672
2024-07-31,220.58181762695312,551.6500244140625,186.97999572753906,38.92580032348633,816.6478271484375,256.42578125,150.13180541992188,92.25640869140625,170.44900512695312,355.16571044921875,150.7978973388672,206.1893310546875,63.90129852294922,459.75811767578125,472.505126953125,413.71124267578125,62.834999084472656,116.96992492675781,163.3890380859375,154.6088104248047,232.07000732421875,558.1842651367188,262.76885986328125,67.64608001708984,112.55320739746094
2024-08-01,216.88694763183594,546.4099731445312,184.07000732421875,38.14361572265625,811.5711669921875,250.73846435546875,142.78753662109375,91.62620544433594,169.67396545410156,345.9237976074219,153.57785034179688,201.49969482421875,65.06942749023438,458.46923828125,495.3029479980469,412.4849853515625,62.48500061035156,109.16327667236328,165.55593872070312,159.35018920898438,216.86000061035156,554.9000854492188,263.0260314941406,68.77943420410156,110.99669647216797
2024-08-02,218.37680053710938,526.1699829101562,167.89999389648438,36.28954315185547,816.727294921875,241.73182678222656,138.97972106933594,88.19944763183594,165.60003662109375,342.885009765625,156.8068389892578,192.9536590576172,66.38114929199219,458.0825500488281,485.7499694824219,403.9605712890625,61.36399841308594,107.2240982055664,168.47039794921875,163.5722198486328,207.6699981689453,571.427734375,263.66888427734375,67.46868133544922,110.93026733398438
2024-08-05,207.85824584960938,509.32000732421875,161.02000427246094,35.391483306884766,796.6091918945312,236.8173828125,135.34036254882812,86.43683624267578,158.2371826171875,337.6562805175781,154.0459747314453,188.84539794921875,65.20346069335938,438.2331848144531,473.4007263183594,390.7684631347656,59.85499954223633,100.40702056884766,164.6853790283203,161.62948608398438,198.8800048828125,552.1777954101562,253.63966369628906,66.61128997802734,108.92765808105469
2024-08-06,205.83200073242188,514.2000122070312,161.92999267578125,35.65220642089844,811.5612182617188,236.23277282714844,134.00247192382812,88.59333038330078,157.28329467773438,341.4186096191406,151.8678436279297,194.1164093017578,65.15559387207031,444.4794616699219,491.6708679199219,395.1790466308594,60.957000732421875,104.20539093017578,163.21871948242188,161.65834045410156,200.63999938964844,550.6179809570312,255.43980407714844,66.75912475585938,108.34872436523438
2024-08-07,208.404541015625,513.6199951171875,162.77000427246094,36.01915740966797,805.02392578125,237.83787536621094,133.23529052734375,84.64468383789062,157.92913818359375,330.31488037109375,151.8009490966797,194.1745147705078,65.54814910888672,446.00634765625,486.5261535644531,394.01214599609375,61.14799880981445,98.86768341064453,162.5563201904297,163.51451110839844,191.75999450683594,548.4188842773438,253.71876525878906,65.94113159179688,109.79135131835938
2024-08-08,211.8709716796875,530.239990234375,165.8000030517578,36.897911071777344,833.96435546875,246.83460998535156,135.18128967285156,84.64468383789062,160.99948120117188,336.04522705078125,153.06199645996094,197.7208251953125,65.80667114257812,451.6974182128906,507.134765625,398.2248840332031,63.03499984741211,104.92508697509766,163.10513305664062,164.33197021484375,198.83999633789062,548.5738525390625,256.9925842285156,66.6802749633789,111.88883972167969
2024-08-09,214.78123474121094,536.2999877929688,166.94000244140625,36.96550750732422,849.3634643554688,250.2133331298828,135.64910888671875,84.89086151123047,162.62904357910156,336.3346862792969,153.44412231445312,199.4067840576172,65.7587890625,452.88720703125,515.2349243164062,401.5179138183594,63.39400100708008,104.70518493652344,163.1240692138672,164.0146026611328,200.0,541.3272094726562,257.4385986328125,66.96607208251953,112.79998016357422
2024-08-12,216.31259155273438,530.9299926757812,166.8000030517578,36.85927963256836,857.9471435546875,249.00450134277344,135.67715454101562,84.63483428955078,161.25784301757812,333.6045227050781,152.73716735839844,199.78468322753906,65.27047729492188,451.8065185546875,513.4237670898438,402.2991943359375,63.31399917602539,108.9733657836914,162.2062225341797,160.4273223876953,197.49000549316406,547.6533813476562,257.5674133300781,67.7052001953125,112.94235229492188
2024-08-13,220.0316925048828,535.219970703125,170.22999572753906,37.13932418823242,859.18896484375,252.2643280029297,134.8632049560547,84.29019927978516,163.11595153808594,337.71417236328125,151.31375122070312,201.4803009033203,65.54814910888672,455.44525146484375,525.9520874023438,409.4193420410156,64.802001953125,116.0903091430664,163.10513305664062,160.88894653320312,207.8300018310547,556.3242797851562,257.8052978515625,67.14346313476562,111.86036682128906
2024-08-14,220.47914123535156,539.7899780273438,170.10000610351562,37.47731018066406,857.0927734375,252.97772216796875,135.34971618652344,84.9794921875,159.35003662109375,343.10687255859375,151.3997344970703,203.7088623046875,65.66304779052734,456.2384033203125,524.180908203125,412.2377624511719,66.16799926757812,118.02948760986328,164.3731231689453,162.3411865234375,201.3800048828125,561.5847778320312,258.8062744140625,67.6657943725586,112.89488983154297
2024-08-15,223.46238708496094,554.1599731445312,177.58999633789062,37.68974685668945,871.6373291015625,260.37921142578125,137.3424835205078,87.43138122558594,160.2741241455078,347.3612365722656,151.98248291015625,204.97816467285156,65.73006439208984,464.7155456542969,534.6990966796875,417.1119689941406,66.3219985961914,122.80744171142578,163.24710083007812,161.49484252929688,214.13999938964844,561.526611328125,264.4156799316406,72.12034606933594,113.59330749511719
2024-08-16,224.78492736816406,553.4600219726562,177.05999755859375,37.98910903930664,864.9214477539062,260.4980773925781,137.78219604492188,87.93358612060547,161.923583984375,349.281005859375,152.26905822753906,207.32298278808594,66.2375259399414,464.88409423828125,524.837646484375,414.5758056640625,67.40699768066406,124.52669525146484,163.34170532226562,161.4660186767578,216.1199951171875,559.6568603515625,264.9905090332031,72.59276580810547,113.05753326416016
2024-08-19,224.62582397460938,563.1199951171875,178.22000122070312,38.30777359008789,866.669921875,262.94549560546875,138.90798950195312,89.43031311035156,165.61000061035156,350.2553405761719,152.4983673095703,208.7570037841797,66.0460205078125,463.0003356933594,526.6885986328125,417.6073303222656,68.85299682617188,129.94439697265625,164.4772491455078,161.9757080078125,222.72000122070312,560.72265625,264.088623046875,72.85961151123047,113.4019546508789
2024-08-20,225.24234008789062,562.25,178.8800048828125,37.361427307128906,870.494873046875,259.4378967285156,136.88343811035156,88.36685180664062,166.11671447753906,354.30712890625,153.0046844482422,207.85589599609375,66.42900848388672,465.1220703125,524.1509399414062,420.8468933105469,69.85399627685547,127.195556640625,166.3981170654297,163.88958740234375,221.10000610351562,562.5342407226562,265.64459228515625,73.6700439453125,109.62285614013672
2024-08-21,225.13296508789062,565.7899780273438,180.11000061035156,37.41937255859375,875.6809692382812,258.69482421875,137.47946166992188,89.33185577392578,164.7952117919922,357.384521484375,154.21792602539062,207.93341064453125,66.61093139648438,464.0115966796875,532.5397338867188,420.19305419921875,69.71199798583984,128.4450225830078,165.7925262451172,163.64913940429688,223.27000427246094,560.0346069335938,265.8031921386719,74.36186981201172,108.9244384765625
2024-08-22,223.2734375,557.4400024414062,176.1300048828125,37.89254379272461,871.84619140625,256.2176818847656,137.86734008789062,88.5440902709961,162.75823974609375,352.4645080566406,155.0968475341797,209.9003448486328,66.38114929199219,464.82464599609375,529.3256225585938,411.6829528808594,68.89600372314453,123.68706512451172,166.2940216064453,163.6395263671875,210.66000366210938,560.6644287109375,265.5455322265625,74.6978988647461,109.76637268066406
2024-08-23,225.5705108642578,558.2999877929688,177.0399932861328,38.40433883666992,873.4853515625,261.57806396484375,139.6553497314453,89.17430114746094,164.566650390625,362.3334655761719,156.79730224609375,211.5281524658203,66.82157135009766,462.4648742675781,525.414794921875,412.9114074707031,68.6729965209961,129.31463623046875,166.41702270507812,162.697021484375,220.32000732421875,566.2738037109375,265.0499572753906,74.8165054321289,111.28756713867188
2024-08-26,225.90858459472656,559.4400024414062,175.5,38.549190521240234,886.6987915039062,262.84637451171875,140.48788452148438,90.37562561035156,165.1032257080078,360.9056396484375,157.255859375,212.36143493652344,67.8269271850586,464.6461486816406,518.5684814453125,409.64215087890625,68.84400177001953,126.40589141845703,166.5116729736328,163.83187866210938,213.2100067138672,568.8120727539062,265.8130798339844,75.14266204833984,113.66984558105469
2024-08-27,226.7538299560547,567.8200073242188,173.1199951171875,38.30777359008789,902.9819946289062,261.77630615234375,139.02151489257812,89.50910186767578,163.6326141357422,360.0085144042969,156.85157775878906,213.34007263183594,68.4588394165039,470.9420471191406,516.5584106445312,409.9889221191406,69.5719985961914,128.2451171875,165.877685546875,162.77395629882812,209.2100067138672,569.025146484375,268.3006591796875,75.24148559570312,112.58873748779297
2024-08-28,225.22247314453125,560.5399780273438,170.8000030517578,38.57815933227539,882.2677612304688,256.5248718261719,138.12277221679688,88.12067413330078,161.81427001953125,359.53582763671875,157.7852783203125,214.41558837890625,68.6982192993164,467.7792053222656,514.249755859375,406.77899169921875,68.38400268554688,125.55626678466797,164.57183837890625,162.59124755859375,205.75,570.1781005859375,266.7843322753906,75.19207000732422,111.47891998291016
2024-08-29,228.50399780273438,569.6300048828125,172.1199951171875,38.79060363769531,880.8570556640625,254.65220642089844,139.46617126464844,88.4357681274414,160.75108337402344,356.25531005859375,158.08367919921875,215.30703735351562,68.98545837402344,476.7024841308594,515.6826782226562,409.27557373046875,69.24800109863281,117.53968811035156,162.8402099609375,163.5241241455078,206.27999877929688,573.1134643554688,271.8684997558594,75.52810668945312,113.0192642211914
2024-08-30,227.71841430664062,574.4099731445312,178.5,39.35069274902344,886.569580078125,250.5799102783203,139.96755981445312,88.99705505371094,162.34091186523438,357.6528625488281,159.6526641845703,217.81655883789062,69.38758850097656,479.22088623046875,518.7576293945312,413.2581787109375,70.13500213623047,119.31893157958984,163.58773803710938,164.97634887695312,214.11000061035156,571.7863159179688,273.900146484375,76.32864379882812,112.83749389648438
2024-09-03,221.52328491210938,571.0399780273438,176.25,39.30241012573242,872.8494873046875,245.78433227539062,136.85507202148438,87.76618194580078,156.3591766357422,354.00360107421875,160.90403747558594,213.4563446044922,69.90462493896484,478.0112609863281,509.25433349609375,405.6298522949219,67.53199768066406,107.95378875732422,167.9972686767578,167.8423309326172,210.60000610351562,580.001708984375,276.0508117675781,76.26935577392578,110.4743423461914
2024-09-04,219.61404418945312,575.25,173.3300018310547,39.109275817871094,884.2249145507812,245.40780639648438,134.40481567382812,87.88433837890625,155.45498657226562,353.9356384277344,161.09654235839844,212.51646423339844,69.47377014160156,479.0225830078125,510.22955322265625,405.0948791503906,67.96800231933594,106.16455841064453,168.9246063232422,169.16949462890625,219.41000366210938,585.330078125,277.98333740234375,76.33853149414062,109.1253433227539
2024-09-05,221.13548278808594,567.9299926757812,177.88999938964844,38.761634826660156,880.2113037109375,243.8621368408203,133.32632446289062,87.29352569580078,156.23995971679688,351.19866943359375,158.81524658203125,210.86929321289062,68.14287567138672,473.2918395996094,514.329345703125,404.5896301269531,68.36199951171875,107.16413879394531,169.6626739501953,168.75596618652344,230.1699981689453,576.9111938476562,276.1300964355469,76.06179809570312,108.27384948730469
2024-09-06,219.5841827392578,563.4099731445312,171.38999938964844,37.67304229736328,870.9718017578125,241.73182678222656,131.0841827392578,86.59439086914062,149.9601593017578,349.4516296386719,158.2280731201172,205.85989379882812,68.11415100097656,472.06243896484375,497.820556640625,397.9618835449219,66.5770034790039,102.7860107421875,169.0858154296875,168.87136840820312,210.72999572753906,578.2578735351562,276.87335205078125,75.74552917480469,107.76677703857422
2024-09-09,219.67369079589844,569.8800048828125,175.39999389648438,38.36313247680664,890.6527709960938,243.50543212890625,132.73033142089844,86.9882583618164,147.96029663085938,354.7605895996094,160.37460327148438,210.0747528076172,68.7939682006836,482.93890380859375,502.3184509277344,401.9444274902344,67.54199981689453,106.42444610595703,169.8962860107422,169.32339477539062,216.27000427246094,575.5645751953125,283.0575866699219,76.43736267089844,110.03424072265625
2024-09-10,218.87815856933594,574.47998046875,179.5500030517578,38.178462982177734,888.4671630859375,243.90176391601562,130.77197265625,87.04735565185547,147.91053771972656,359.9530944824219,161.11581420898438,199.17422485351562,68.5067138671875,483.8609619140625,502.3184509277344,410.3455505371094,67.36199951171875,108.05374145507812,169.53395080566406,170.98719787597656,226.1699981689453,580.3408813476562,282.7900085449219,77.89021301269531,106.02552032470703
2024-09-11,221.41390991210938,580.3800048828125,184.52000427246094,37.906314849853516,894.5374145507812,247.28050231933594,130.44088745117188,86.96858215332031,150.39793395996094,359.5843505859375,158.651611328125,200.7923583984375,68.05671691894531,484.0196228027344,509.323974609375,419.1033020019531,68.14700317382812,116.85997772216797,167.5984344482422,167.26528930664062,228.1300048828125,571.3502807617188,281.42230224609375,77.91986083984375,104.97310638427734
2024-09-12,221.52328491210938,586.5499877929688,187.0,37.69248580932617,909.0721435546875,251.04562377929688,131.69912719726562,87.93358612060547,153.91012573242188,363.4083557128906,158.4783477783203,200.18194580078125,68.2003402709961,487.9161376953125,523.0265502929688,423.02642822265625,68.68000030517578,119.0992202758789,169.00003051757812,166.83248901367188,229.80999755859375,570.0618286132812,282.8197326660156,78.73029327392578,106.41778564453125
2024-09-13,221.25477600097656,536.8699951171875,186.49000549316406,37.56612777709961,910.0357666015625,252.23463439941406,133.02357482910156,89.16445922851562,156.6661834716797,368.8046875,159.32540893554688,197.97276306152344,68.84141540527344,489.15545654296875,522.0513305664062,426.5830383300781,69.70600128173828,119.0592269897461,169.1049041748047,167.41917419433594,230.2899932861328,575.7777099609375,284.78204345703125,79.65931701660156,106.34124755859375
2024-09-16,215.10939025878906,521.5,184.88999938964844,38.003509521484375,901.958740234375,254.55313110351562,134.42372131347656,90.44456481933594,157.2631378173828,370.7652282714844,160.74038696289062,201.40280151367188,69.50659942626953,493.4684143066406,531.1752319335938,427.3260192871094,69.6500015258789,116.7400131225586,168.96188354492188,170.458251953125,226.77999877929688,572.7833251953125,287.88409423828125,79.61978149414062,107.83374786376953
2024-09-17,215.57672119140625,515.030029296875,186.8800048828125,38.44089126586914,891.4277954101562,252.8489227294922,135.67251586914062,91.4391098022461,158.5167999267578,371.9590148925781,160.81739807128906,202.74961853027344,69.2173843383789,496.7204284667969,534.2032470703125,431.1005859375,70.69100189208984,115.55043029785156,168.6376953125,169.15029907226562,227.8699951171875,561.9136962890625,288.9544372558594,77.68266296386719,109.24015808105469
2024-09-18,219.45494079589844,508.1300048828125,186.42999267578125,38.50892639160156,886.7086791992188,250.50689697265625,136.19285583496094,92.1480941772461,159.00430297851562,372.7063293457031,159.9318084716797,201.08302307128906,69.16918182373047,490.54351806640625,535.8267822265625,426.8009948730469,69.0469970703125,113.33118438720703,167.0549774169922,167.26528930664062,227.1999969482422,564.5289306640625,285.9019470214844,78.10763549804688,109.62285614013672
2024-09-19,227.58914184570312,526.4400024414062,189.8699951171875,39.72386932373047,894.8751220703125,263.9635925292969,137.16726684570312,92.02008056640625,161.32257080078125,378.8500061035156,158.651611328125,203.94140625,68.07982635498047,488.8085021972656,556.8933715820312,434.607666015625,70.43199920654297,117.82965087890625,166.5305633544922,164.97634887695312,243.9199981689453,561.0482788085938,282.6908874511719,77.12919616699219,110.98141479492188
2024-09-20,226.9228973388672,522.2999877929688,191.60000610351562,39.14070129394531,901.0745239257812,264.7674255371094,137.8200225830078,92.31549072265625,162.76527404785156,378.3841552734375,158.01629638671875,204.5324249267578,69.06314086914062,488.540771484375,559.1344604492188,431.2194519042969,70.10299682617188,115.96029663085938,163.2125244140625,167.55380249023438,238.25,559.035888671875,282.2250671386719,78.13729095458984,110.28299713134766
2024-09-23,225.20257568359375,527.8699951171875,193.8800048828125,38.751914978027344,911.1087646484375,262.1971435546875,139.57968139648438,91.54742431640625,161.0340576171875,380.4223327636719,157.11148071289062,204.87158203125,69.14990234375,492.90325927734375,562.1823120117188,429.4758605957031,70.53700256347656,116.22020721435547,164.0992431640625,167.12100219726562,250.0,557.4899291992188,286.0506286621094,79.39247131347656,112.2825698852539
2024-09-24,226.0975341796875,524.0700073242188,193.9600067138672,38.34369659423828,895.669921875,268.37969970703125,139.49453735351562,92.25640869140625,161.47181701660156,388.86627197265625,156.68795776367188,205.0169219970703,68.76429748535156,483.2561950683594,561.1066284179688,425.17620849609375,72.22599792480469,120.82862854003906,162.0111846923828,166.61131286621094,254.27000427246094,559.220458984375,270.3422546386719,79.72850036621094,111.98599243164062
2024-09-25,225.1031036376953,517.9000244140625,192.52999877929688,38.14930725097656,902.505126953125,272.00189208984375,136.20230102539062,92.4828872680664,160.6758575439453,385.24603271484375,154.58953857421875,203.66041564941406,68.87996673583984,485.27880859375,566.0669555664062,428.0888977050781,72.15599822998047,123.46772003173828,161.515380859375,165.66876220703125,257.0199890136719,560.3095092773438,267.2204284667969,80.44998168945312,109.80461883544922
2024-09-26,226.2467041015625,515.3800048828125,191.16000366210938,38.41173553466797,895.570556640625,273.6591491699219,134.32913208007812,93.74330139160156,161.9095916748047,385.0228271484375,155.3499755859375,203.2631378173828,68.83177185058594,487.083251953125,565.598876953125,427.2962951660156,71.14299774169922,123.99754333496094,161.79190063476562,166.58245849609375,254.22000122070312,558.85107421875,269.2619934082031,78.98725128173828,107.91986846923828
2024-09-27,226.5151824951172,515.47998046875,187.97000122070312,38.29510498046875,879.8536376953125,274.5325012207031,137.64027404785156,94.54090118408203,163.12344360351562,387.76953125,155.35958862304688,203.96078491210938,69.20774841308594,489.43310546875,565.1206665039062,424.0368957519531,70.73500061035156,121.35844421386719,162.08746337890625,166.90945434570312,260.4599914550781,565.695556640625,272.7109069824219,78.848876953125,110.80919647216797
2024-09-30,231.69601440429688,517.780029296875,186.3300018310547,38.56724548339844,880.7477416992188,271.624755859375,139.3242645263672,94.71815490722656,165.01388549804688,393.2726135253906,155.99488830566406,204.30960083007812,69.27523040771484,489.59173583984375,570.1806640625,426.29571533203125,70.927001953125,121.39842987060547,162.1351318359375,166.5728302001953,261.6300048828125,568.447021484375,272.4928894042969,79.80756378173828,112.14863586425781
2024-10-01,224.9440460205078,502.79998779296875,185.1300048828125,38.12014389038086,871.6672973632812,268.8064270019531,141.62315368652344,92.61090087890625,166.14813232421875,397.00927734375,155.92752075195312,200.60826110839844,69.13062286376953,492.1497802734375,574.1947631835938,416.775146484375,70.61299896240234,116.95994567871094,163.4032440185547,166.4189453125,258.0199890136719,567.1053466796875,275.11920166015625,80.32149505615234,114.74138641357422
2024-10-02,225.51083374023438,505.80999755859375,184.75999450683594,38.12986373901367,872.809814453125,277.3508605957031,142.80569458007812,92.7093734741211,165.02383422851562,399.15423583984375,155.13819885253906,200.85049438476562,68.45579528808594,491.34661865234375,570.5491943359375,413.248291015625,71.10900115966797,118.80931854248047,161.65841674804688,165.34181213378906,249.02000427246094,575.865234375,274.5245666503906,79.49130249023438,116.26258850097656
2024-10-03,224.4070587158203,503.79998779296875,181.9600067138672,38.14930725097656,869.9683837890625,278.76995849609375,143.0895233154297,92.19732666015625,165.02383422851562,399.4648132324219,154.49327087402344,198.85447692871094,67.9834213256836,490.7517395019531,580.4698486328125,412.663818359375,70.68000030517578,122.80794525146484,160.68588256835938,163.6106719970703,240.66000366210938,576.29296875,274.3857727050781,79.49130249023438,117.27674102783203
2024-10-04,225.53073120117188,507.2200012207031,186.50999450683594,38.98518753051758,877.35986328125,285.55780029296875,142.60704040527344,93.6940689086914,166.2177734375,396.3395690917969,154.29112243652344,205.91256713867188,67.64601135253906,493.4585266113281,593.587890625,412.188232421875,71.97000122070312,124.87722778320312,160.15196228027344,162.41815185546875,250.0800018310547,574.7860107421875,275.44622802734375,79.99535369873047,119.42939758300781
2024-10-07,220.44932556152344,487.29998779296875,180.8000030517578,38.83939743041992,867.9019165039062,282.4020690917969,142.96652221679688,90.9762954711914,162.15834045410156,396.0484313964844,153.5595703125,205.6298370361328,66.52774047851562,487.113037109375,582.4719848632812,405.7289123535156,70.19200134277344,127.67627716064453,159.42733764648438,160.7254638671875,240.8300018310547,567.3580932617188,271.34320068359375,78.17681884765625,119.946044921875
2024-10-08,224.50650024414062,496.239990234375,182.72000122070312,38.81023406982422,884.6223754882812,289.3487548828125,140.7244110107422,91.09446716308594,163.55128479003906,401.98828125,153.71359252929688,205.45436096191406,66.69161987304688,492.8239440917969,590.5499267578125,410.850830078125,72.1760025024414,132.84449768066406,162.48789978027344,161.72567749023438,244.5,565.43310546875,272.50274658203125,78.77970886230469,116.7601089477539
2024-10-09,228.25538635253906,494.0799865722656,185.1699981689453,39.06294250488281,903.1807861328125,285.7265319824219,141.5758514404297,92.16778564453125,161.0439910888672,403.8226318359375,154.6376495361328,208.05728149414062,67.06759643554688,496.348388671875,588.1793212890625,413.5751953125,72.74299621582031,132.60458374023438,164.50924682617188,162.79319763183594,241.0500030517578,574.8054809570312,274.45513916015625,79.46165466308594,116.80792999267578
2024-10-10,227.75819396972656,503.57000732421875,186.64999389648438,38.84911346435547,887.8115234375,287.95941162109375,142.49349975585938,91.56712341308594,161.26287841796875,397.8924865722656,154.5028839111328,207.4918670654297,66.75910949707031,494.4322814941406,581.5256958007812,411.9702453613281,73.02899932861328,134.7638397216797,164.93829345703125,162.48544311523438,238.77000427246094,581.1055297851562,274.9903564453125,78.68087005615234,117.81250762939453
2024-10-11,226.27655029296875,495.4200134277344,188.82000732421875,40.773590087890625,883.241455078125,285.9051818847656,143.25035095214844,92.6896743774414,162.41705322265625,399.775390625,155.4173583984375,216.7043914794922,67.06759643554688,498.6417236328125,587.62158203125,412.44580078125,72.27899932861328,134.7538604736328,166.673583984375,164.54356384277344,217.8000030517578,581.4459228515625,275.3570556640625,79.16515350341797,118.26217651367188
2024-10-14,230.00555419921875,509.6499938964844,187.5399932861328,40.734710693359375,883.9666748046875,289.418212890625,143.59092712402344,93.5168228149414,164.12835693359375,403.1917724609375,155.55210876464844,215.91476440429688,67.80989074707031,503.010009765625,588.0896606445312,415.2395935058594,71.30000305175781,138.0227508544922,167.90354919433594,165.9092254638672,219.16000366210938,588.5917358398438,278.1716613769531,79.35294342041016,118.71184539794922
2024-10-15,232.541259765625,508.0299987792969,187.69000244140625,40.95825958251953,888.7850952148438,286.15325927734375,139.75942993164062,92.77828979492188,164.6258544921875,403.3470458984375,157.95855712890625,216.8018798828125,67.80989074707031,503.5759582519531,583.9560546875,414.84326171875,70.5979995727539,131.55496215820312,167.71282958984375,166.92869567871094,219.57000732421875,540.8452758789062,276.7940673828125,80.69706726074219,115.14322662353516
2024-10-16,230.4828643798828,502.5400085449219,186.88999938964844,41.59975051879883,881.6021118164062,288.64410400390625,140.70547485351562,95.26958465576172,164.32736206054688,406.287841796875,158.1317901611328,218.02049255371094,68.0316162109375,510.3666687011719,574.5134887695312,412.2476501464844,70.19999694824219,135.67355346679688,166.3589324951172,165.78421020507812,221.3300018310547,555.4773559570312,284.9505310058594,80.27208709716797,115.43981170654297
2024-10-17,230.85076904296875,496.8299865722656,187.52999877929688,41.40536117553711,879.5257568359375,288.8922119140625,143.04220581054688,95.06279754638672,162.10858154296875,403.3664855957031,158.314697265625,218.7808837890625,67.3857192993164,510.05889892578125,574.6528930664062,412.84210205078125,68.76499938964844,136.88311767578125,166.54010009765625,165.6880340576172,220.88999938964844,550.31494140625,287.79486083984375,79.94593048095703,115.14322662353516
2024-10-18,233.68484497070312,494.8999938964844,188.99000549316406,41.133209228515625,883.7679443359375,290.7082824707031,142.6165008544922,95.79147338867188,162.59613037109375,402.7841491699219,158.9403533935547,219.70700073242188,67.90630340576172,512.6203002929688,574.1947631835938,414.2686767578125,76.38899993896484,137.9527587890625,166.9119415283203,165.69480895996094,220.6999969482422,553.79541015625,288.0228271484375,80.36103057861328,114.81792449951172
2024-10-21,235.15655517578125,497.7099914550781,189.07000732421875,40.58891296386719,880.99609375,289.07086181640625,142.73948669433594,95.1415786743164,163.24285888671875,394.437255859375,156.736083984375,217.3965606689453,66.951904296875,511.29986572265625,572.889892578125,414.8829040527344,77.20700073242188,143.6608123779297,166.8642578125,164.0115509033203,218.85000610351562,555.6036987304688,284.2864990234375,79.86686706542969,114.88490295410156
2024-10-22,234.54002380371094,493.1099853515625,189.6999969482422,41.11376953125,887.67236328125,286.1333923339844,142.77731323242188,95.25973510742188,164.3074493408203,390.0212097167969,157.33287048339844,218.4884033203125,66.951904296875,509.32421875,579.712890625,423.5317077636719,76.42400360107422,143.54086303710938,166.2540740966797,164.16632080078125,217.97000122070312,554.0384521484375,282.24493408203125,81.06273651123047,115.47807312011719
2024-10-23,229.46856689453125,485.0299987792969,184.7100067138672,41.152652740478516,893.3153686523438,282.2631530761719,142.36106872558594,94.76737976074219,161.9593505859375,387.87628173828125,159.6526641845703,217.79624938964844,65.56370544433594,510.0290832519531,561.4651489257812,420.6487731933594,74.92900085449219,139.51222229003906,164.90016174316406,164.05023193359375,213.64999389648438,548.9635009765625,281.22412109375,82.29816436767578,115.0666732788086
2024-10-24,229.27964782714844,482.8699951171875,186.3800048828125,41.45396041870117,887.602783203125,284.5753479003906,142.3326873779297,93.94023895263672,161.899658203125,390.8267822265625,157.5446319580078,219.32679748535156,64.87925720214844,506.9415283203125,565.5390625,420.7775573730469,75.45500183105469,140.3619384765625,164.1469268798828,164.08892822265625,260.4800109863281,545.2398071289062,280.68896484375,82.07084655761719,114.41609954833984
2024-10-25,230.1149444580078,483.7200012207031,187.8300018310547,40.71527099609375,885.4170532226562,288.2471618652344,142.67324829101562,93.57589721679688,164.43679809570312,387.1677551269531,154.85903930664062,216.72389221191406,64.5129165649414,503.7049560546875,570.9874267578125,424.1656799316406,75.46800231933594,141.49154663085938,163.7941436767578,162.73460388183594,269.19000244140625,548.8856201171875,279.2123107910156,81.54703521728516,114.32041931152344
2024-10-28,232.0937957763672,481.0400085449219,188.38999938964844,41.4247932434082,885.1588134765625,291.531982421875,142.4178009033203,94.72799682617188,165.87948608398438,391.0306091308594,155.55210876464844,219.83375549316406,64.27191162109375,504.54888916015625,575.8780517578125,422.6202392578125,74.91200256347656,140.47190856933594,161.93490600585938,163.77935791015625,262.510009765625,549.5467529296875,281.6502990722656,81.78422546386719,113.75595092773438
2024-10-29,232.36228942871094,485.3900146484375,190.8300018310547,41.33732223510742,881.2146606445312,296.61297607421875,140.50682067871094,94.65907287597656,168.82455444335938,383.4407958984375,154.09860229492188,217.299072265625,63.20183181762695,502.6327819824219,590.9384765625,427.9303894042969,75.94400024414062,141.20164489746094,159.70382690429688,161.7188262939453,259.5199890136719,546.5231323242188,279.3609313964844,80.74647521972656,112.2060317993164
2024-10-30,228.81227111816406,486.67999267578125,192.72999572753906,41.123497009277344,873.3661499023438,294.1419677734375,140.06216430664062,93.62513732910156,173.58047485351562,380.96588134765625,154.5991668701172,218.77113342285156,63.54888153076172,509.9894104003906,589.4642333984375,428.50494384765625,75.3740005493164,139.29229736328125,158.47386169433594,160.7417755126953,257.54998779296875,547.3300170898438,287.56695556640625,80.44009399414062,111.64157104492188
2024-10-31,224.64569091796875,478.0799865722656,186.39999389648438,40.64723205566406,868.488037109375,289.1502380371094,140.79063415527344,94.72799682617188,170.24734497070312,382.15966796875,153.87722778320312,216.3436737060547,62.9608154296875,495.9909362792969,565.33984375,402.5686340332031,75.60299682617188,132.71456909179688,158.3499298095703,159.793701171875,249.85000610351562,548.8273315429688,287.25970458984375,80.99356079101562,111.72767639160156
2024-11-01,221.66250610351562,482.79998779296875,197.92999267578125,40.58891296386719,872.7557983398438,292.4747314453125,144.8113250732422,94.34396362304688,170.4264373779297,381.0337829589844,154.13711547851562,217.3380889892578,62.67161178588867,504.4197998046875,564.9214477539062,406.5511474609375,75.61000061035156,135.35365295410156,157.88272094726562,159.71633911132812,248.97999572753906,551.8023681640625,288.1417541503906,81.23076629638672,109.97683715820312
2024-11-04,220.7675323486328,481.3500061035156,195.77999877929688,40.17097473144531,881.4703979492188,295.73968505859375,145.6627655029297,94.32427215576172,168.3867950439453,383.92608642578125,152.31785583496094,214.2574920654297,62.76801681518555,501.93780517578125,558.4671020507812,404.6589660644531,75.5510025024414,136.00343322753906,158.59780883789062,159.69699096679688,242.83999633789062,542.2841796875,289.2418518066406,81.48772430419922,113.4784927368164
2024-11-05,222.19947814941406,486.4200134277344,199.5,40.70555114746094,885.549072265625,295.2236328125,145.1329803466797,95.15142059326172,168.88426208496094,388.3130187988281,152.4237518310547,215.9245147705078,63.01866912841797,501.91796875,570.170654296875,407.6310119628906,76.39099884033203,139.8621063232422,160.03753662109375,160.35479736328125,251.44000244140625,551.287109375,290.66900634765625,82.70337677001953,113.81334686279297
2024-11-06,221.4735565185547,504.8299865722656,207.08999633789062,44.136558532714844,894.5819702148438,304.56195068359375,149.21044921875,97.37683868408203,175.62014770507812,376.9380187988281,151.97134399414062,240.85198974609375,61.40873718261719,517.375732421875,569.7921142578125,416.2698669433594,78.02100372314453,145.56016540527344,157.043701171875,155.7983856201172,288.5299987792969,580.1236572265625,304.65283203125,82.46617126464844,115.76509094238281
2024-11-07,226.20692443847656,500.9200134277344,210.0500030517578,43.51450729370117,909.185791015625,308.4123840332031,148.3116912841797,97.41622161865234,179.83877563476562,387.6821594238281,150.86436462402344,230.4403533935547,61.370174407958984,514.149169921875,589.3646850585938,421.47100830078125,79.65399932861328,148.8290557861328,156.36671447753906,158.0814208984375,296.9100036621094,588.640380859375,303.067138671875,82.87137603759766,115.90861511230469
2024-11-08,225.93814086914062,494.67999267578125,208.17999267578125,43.86441421508789,938.900634765625,319.497314453125,148.4630584716797,97.50485229492188,177.4508514404297,393.9519958496094,149.65151977539062,231.02525329589844,61.62082290649414,520.9796752929688,587.0139770507812,418.6079406738281,79.50399780273438,147.57945251464844,157.42507934570312,162.24122619628906,321.2200012207031,598.7127075195312,305.1186218261719,83.83995819091797,115.87034606933594
2024-11-11,223.22042846679688,504.4800109863281,206.83999633789062,44.78777313232422,928.0374145507812,339.1265869140625,148.05624389648438,99.31669616699219,179.44078063964844,396.27166748046875,149.23760986328125,233.27723693847656,61.08096694946289,526.301025390625,580.8682861328125,414.1200866699219,80.54399871826172,145.21026611328125,156.61460876464844,160.61598205566406,350.0,607.8906860351562,308.14141845703125,83.22718048095703,115.25802612304688
2024-11-12,223.22042846679688,526.4199829101562,208.91000366210938,44.573944091796875,927.5400390625,338.5509948730469,146.9115447998047,99.44470977783203,180.70437622070312,391.2149963378906,146.9274444580078,233.5404510498047,60.926719665527344,525.3578491210938,582.5118408203125,419.0933532714844,81.94999694824219,148.2392120361328,156.69090270996094,160.4321746826172,328.489990234375,597.6043701171875,307.6648254394531,83.99807739257812,115.14322662353516
2024-11-13,224.1063995361328,532.5,214.10000610351562,44.583656311035156,928.8828735351562,339.1166687011719,150.15647888183594,101.14823913574219,177.97816467285156,398.1157531738281,147.50498962402344,235.10023498535156,60.73391342163086,518.120361328125,577.7108154296875,421.2431945800781,83.0469970703125,146.21994018554688,157.07229614257812,161.14805603027344,330.239990234375,589.0487670898438,307.29742431640625,84.50212097167969,116.21476745605469
2024-11-14,227.1924591064453,529.8699951171875,211.47999572753906,44.61281967163086,919.0940551757812,329.1233825683594,153.0703125,107.45030975341797,174.69482421875,393.77728271484375,146.18626403808594,235.79241943359375,60.30010223388672,516.6510620117188,574.8820190429688,422.91748046875,83.72599792480469,146.70974731445312,157.46319580078125,161.6317596435547,311.17999267578125,576.681884765625,306.0760803222656,83.4841537475586,116.29193878173828
2024-11-15,223.98696899414062,503.3699951171875,202.61000061035156,45.43898010253906,902.3613891601562,322.7821044921875,152.71080017089844,113.31910705566406,171.6204071044922,396.16485595703125,148.23654174804688,239.1459503173828,59.51923751831055,518.13037109375,551.8931274414062,411.1380920410156,82.39600372314453,141.93138122558594,151.2371368408203,164.0115509033203,320.7200012207031,575.7874145507812,307.4562683105469,83.26671600341797,115.086181640625
2024-11-18,226.9933624267578,499.510009765625,201.6999969482422,45.40982437133789,914.73681640625,319.7949523925781,153.63783264160156,111.80267333984375,174.41622924804688,398.35833740234375,148.9777374267578,238.8730010986328,59.63492202758789,517.8721923828125,552.2118530273438,411.8910217285156,84.70500183105469,140.1020050048828,150.9606475830078,165.18209838867188,338.739990234375,573.2791137695312,309.95849609375,83.09870910644531,116.05078887939453
2024-11-19,227.252197265625,499.6099853515625,204.61000061035156,45.10851287841797,925.321533203125,320.96600341796875,152.5292205810547,110.6998062133789,177.2220001220703,394.8255310058594,147.27395629882812,236.98175048828125,60.338661193847656,515.7177734375,558.8755493164062,413.90216064453125,87.13200378417969,146.9596710205078,149.42556762695312,165.19174194335938,346.0,560.9803466796875,309.65069580078125,85.58929443359375,114.43025207519531
2024-11-20,227.9689483642578,499.5,202.8800048828125,44.768333435058594,923.2622680664062,323.2187194824219,154.1825714111328,112.51166534423828,175.09280395507812,388.2256774902344,147.37985229492188,234.72979736328125,60.72427749633789,508.8476257324219,563.2879638671875,411.6235046386719,88.38500213623047,145.84005737304688,151.3515625,165.31752014160156,342.0299987792969,583.8278198242188,305.2221374511719,86.16252136230469,116.0604248046875
2024-11-21,227.49111938476562,504.44000244140625,198.3800048828125,45.15711212158203,950.689208984375,333.221923828125,154.46929931640625,112.9646224975586,166.784912109375,398.3680419921875,149.68038940429688,238.6097869873047,61.46657943725586,511.38916015625,560.8675537109375,409.8466491699219,89.74800109863281,146.6197967529297,152.87709045410156,167.11688232421875,339.6400146484375,580.9014282226562,307.7144470214844,87.3583984375,117.6134262084961
2024-11-22,228.8350372314453,512.1500244140625,197.1199951171875,45.68197250366211,959.0057983398438,339.41436767578125,155.16696166992188,113.8803939819336,163.9293670654297,407.636962890625,149.3627471923828,242.3045654296875,61.62082290649414,517.1077270507812,556.93310546875,413.9464111328125,89.77899932861328,141.90139770507812,154.4598388671875,170.53175354003906,352.55999755859375,574.4652099609375,307.73431396484375,89.38447570800781,117.4783935546875
2024-11-25,231.82151794433594,518.72998046875,201.4499969482422,46.16795349121094,955.9019775390625,336.5265197753906,153.25555419921875,114.22503662109375,166.80477905273438,416.0517883300781,149.94992065429688,244.00082397460938,62.064273834228516,522.806396484375,562.8795776367188,415.7232971191406,86.55899810791016,135.97344970703125,155.4609375,171.60557556152344,338.5899963378906,589.0098266601562,310.9812316894531,88.4554443359375,115.72281646728516
2024-11-26,234.00167846679688,525.2999877929688,207.86000061035156,46.41093826293945,966.4568481445312,340.5655212402344,155.32940673828125,113.68344116210938,168.26739501953125,416.87677001953125,149.93051147460938,243.68887329101562,62.2281608581543,524.6727905273438,571.2762451171875,424.8559265136719,87.26000213623047,136.8731231689453,154.6123809814453,173.46295166015625,338.2300109863281,589.9431762695312,309.62091064453125,90.24432373046875,113.79362487792969
2024-11-27,233.8722381591797,513.6799926757812,205.74000549316406,46.43037796020508,956.5584716796875,327.495849609375,154.92800903320312,115.80055236816406,168.37681579589844,416.7986755371094,150.7843780517578,243.5133819580078,62.11247634887695,528.5447387695312,566.9534912109375,419.89251708984375,87.73400115966797,135.2936553955078,155.1463165283203,173.51133728027344,332.8900146484375,591.4890747070312,312.4805603027344,90.80767059326172,113.49459838867188
2024-11-29,236.26144409179688,515.9299926757812,207.88999938964844,46.177669525146484,966.8348999023438,327.4759826660156,154.7559814453125,115.67253875732422,168.09825134277344,418.6914978027344,150.40594482421875,243.4451446533203,62.24361038208008,529.1007080078125,572.05322265625,420.3591003417969,88.68099975585938,138.2026824951172,155.8423309326172,173.4145965576172,345.1600036621094,593.258544921875,312.85791015625,91.42042541503906,113.78397369384766
2024-12-02,238.51124572753906,516.2000122070312,210.7100067138672,45.72085189819336,969.938720703125,328.4882507324219,155.02359008789062,115.3672866821289,170.6254425048828,416.57427978515625,150.2021942138672,240.06234741210938,61.825931549072266,527.531982421875,590.490234375,427.8240661621094,89.77400207519531,138.58253479003906,155.4609375,173.84024047851562,357.0899963378906,591.6251831054688,314.41680908203125,91.55879211425781,113.67786407470703
2024-12-03,241.5574951171875,516.260009765625,213.44000244140625,45.50701904296875,977.0516967773438,328.9050598144531,154.7464599609375,114.66814422607422,170.4761962890625,418.9061584472656,147.8346710205078,238.6682891845703,61.69966125488281,522.3894653320312,611.2279663085938,428.04241943359375,90.21700286865234,140.2119903564453,154.17376708984375,169.69981384277344,351.4200134277344,588.4265747070312,310.802490234375,92.41865539550781,113.50424194335938
2024-12-04,241.91587829589844,536.489990234375,218.16000366210938,45.069637298583984,985.776123046875,365.06744384765625,151.30593872070312,115.19988250732422,173.49093627929688,417.51092529296875,146.0008087158203,237.283935546875,60.42720031738281,517.3857421875,611.3574829101562,434.2168884277344,91.10600280761719,145.09031677246094,152.72451782226562,169.39990234375,357.92999267578125,593.8321533203125,307.7144470214844,93.34767150878906,110.23426055908203
2024-12-05,241.9457244873047,538.219970703125,220.5500030517578,45.68197250366211,977.1610107421875,358.62689208984375,152.27117919921875,114.7173843383789,171.7696533203125,416.1645202636719,145.07904052734375,239.31170654296875,61.116851806640625,520.9895629882812,606.526611328125,439.3787841796875,91.78700256347656,145.0203399658203,153.02011108398438,170.28993225097656,369.489990234375,562.8955688476562,306.90020751953125,94.18775177001953,110.716552734375
2024-12-06,241.7466278076172,552.9600219726562,227.02999877929688,45.69174575805664,987.4573364257812,359.23223876953125,148.3623809814453,114.9438705444336,173.82920837402344,420.8769836425781,144.87527465820312,241.14447021484375,60.7380256652832,524.7621459960938,621.30810546875,440.32183837890625,93.4739990234375,142.40106201171875,151.7267608642578,168.1519775390625,389.2200012207031,534.3604125976562,308.8166198730469,94.58308410644531,109.54938507080078
2024-12-09,245.63902282714844,547.9299926757812,226.08999633789062,44.870758056640625,982.7319946289062,348.8916320800781,150.12088012695312,112.8563003540039,174.68585205078125,418.74029541015625,145.1566619873047,237.68365478515625,60.80602264404297,519.0536499023438,611.1483764648438,442.75384521484375,91.36900329589844,138.77203369140625,153.34222412109375,165.2207794189453,389.7900085449219,547.1456298828125,306.1257019042969,92.73490905761719,108.90311431884766
2024-12-10,246.65444946289062,547.0499877929688,225.0399932861328,44.714378356933594,988.2432250976562,346.16259765625,150.04440307617188,112.9744644165039,184.44761657714844,412.310546875,144.79762268066406,236.7575225830078,61.107139587402344,525.1990356445312,616.8756103515625,440.0835876464844,91.33499908447266,135.03306579589844,153.697998046875,166.6621856689453,400.989990234375,551.6057739257812,310.17694091796875,93.4465103149414,108.68124389648438
2024-12-11,245.38021850585938,549.9299926757812,230.25999450683594,45.03691101074219,989.5264282226562,352.1466369628906,149.28941345214844,112.8563003540039,194.63771057128906,411.1300048828125,142.28456115722656,237.41067504882812,60.844871520996094,530.5999145507812,630.182861328125,445.7021484375,93.65599822998047,139.2718963623047,150.74598693847656,165.0659942626953,424.7699890136719,520.7067260742188,311.5770263671875,93.85172271728516,107.95780944824219
2024-12-12,246.8435821533203,474.6300048828125,228.97000122070312,45.03691101074219,983.2592163085938,355.3023986816406,147.8558807373047,113.1418685913086,191.2111358642578,404.3393249511719,141.89645385742188,235.4609375,62.01048278808594,528.5745239257812,628.30029296875,446.2679748535156,92.55500030517578,137.3024444580078,152.79412841796875,165.27883911132812,418.1000061035156,503.3638000488281,312.013916015625,92.99187469482422,107.86134338378906
2024-12-13,247.0128173828125,465.69000244140625,227.4600067138672,44.63618850708008,984.2142333984375,351.6107482910156,147.05308532714844,111.6057357788086,189.07948303222656,406.8370666503906,142.26515197753906,233.910888671875,61.31112289428711,525.1890869140625,617.9015502929688,443.9947204589844,91.88700103759766,134.21328735351562,151.89987182617188,165.48196411132812,436.2300109863281,507.9703063964844,312.5202941894531,93.35639190673828,106.91602325439453
2024-12-16,249.9097137451172,461.5299987792969,232.92999267578125,44.44071960449219,987.7159423828125,354.508544921875,142.74288940429688,110.88372039794922,195.89279174804688,400.71954345703125,139.5774383544922,233.55995178222656,60.75745391845703,526.4896240234375,622.2777709960938,448.2830810546875,92.10800170898438,131.96388244628906,150.02479553222656,165.55935668945312,463.0199890136719,486.5186462402344,313.6622314453125,93.97051239013672,104.62994384765625
2024-12-17,252.33872985839844,455.2300109863281,231.14999389648438,44.03022384643555,976.98193359375,348.2961730957031,141.54827880859375,111.78376007080078,194.65762329101562,398.5340576171875,142.0614013671875,232.37060546875,61.58309555053711,527.1846313476562,617.4928588867188,451.1320495605469,91.91300201416016,130.35433959960938,150.1401824951172,164.77577209472656,479.8599853515625,473.8506164550781,316.05517578125,94.51528930664062,104.18623352050781
2024-12-18,246.9331817626953,441.30999755859375,220.52000427246094,42.51531219482422,959.73193359375,335.042724609375,137.69680786132812,110.13203430175781,187.66500854492188,384.24041748046875,140.45069885253906,224.58135986328125,61.048858642578125,516.2142333984375,595.3128051757812,434.1871337890625,88.95500183105469,128.874755859375,148.49586486816406,163.5665283203125,440.1300048828125,487.7093200683594,307.59527587890625,92.66303253173828,102.65251922607422
2024-12-19,248.66534423828125,437.3900146484375,223.2899932861328,42.39802551269531,949.8436279296875,334.0492248535156,134.8966064453125,110.15181732177734,187.77459716796875,375.6544494628906,139.31546020507812,227.10630798339844,60.660316467285156,519.5103149414062,593.6978759765625,433.8297119140625,90.2040023803711,130.6442413330078,145.64962768554688,163.67295837402344,436.1700134277344,477.4909973144531,312.6593322753906,92.51445007324219,101.77472686767578
2024-12-20,253.3441925048828,447.1700134277344,224.9199981689453,43.17014694213867,949.1173706054688,341.42108154296875,136.5213165283203,110.8045883178711,190.6632843017578,383.0500793457031,140.17901611328125,231.6297149658203,60.75745391845703,524.22607421875,583.4102783203125,433.40289306640625,90.90499877929688,134.6631622314453,146.91888427734375,162.57980346679688,421.05999755859375,488.1094970703125,315.4693603515625,91.36544036865234,102.12198638916016
2024-12-23,254.1206817626953,446.739990234375,225.05999755859375,42.896484375,944.9789428710938,340.6759338378906,136.63597106933594,110.18148803710938,193.8707275390625,382.90374755859375,140.95526123046875,232.39984130859375,60.59232711791992,525.1494140625,597.9644165039062,432.0627746582031,91.1449966430664,139.6317901611328,145.47654724121094,162.62815856933594,430.6000061035156,494.1701965332031,314.9828186035156,89.49336242675781,102.53677368164062
2024-12-24,257.0375061035156,447.94000244140625,229.0500030517578,43.37539291381836,953.8427124023438,342.1960144042969,137.4674530029297,111.32878875732422,195.34494018554688,386.50396728515625,141.51805114746094,236.22134399414062,61.03914260864258,531.850830078125,605.8395385742188,436.11285400390625,93.21199798583984,140.18165588378906,146.93814086914062,163.4311065673828,462.2799987792969,493.93597412109375,318.38861083984375,91.80127716064453,102.63322448730469
2024-12-26,257.853759765625,450.1600036621094,227.0500030517578,43.54154586791992,951.1766967773438,339.50360107421875,137.6012420654297,111.31890869140625,194.83694458007812,385.5283203125,141.25604248046875,237.03048706054688,60.77688217163086,532.28759765625,601.4534301757812,434.9018249511719,92.41400146484375,139.8917236328125,146.58236694335938,164.611328125,454.1300048828125,498.8646240234375,318.64678955078125,91.91023254394531,102.72003936767578
2024-12-27,254.439208984375,446.4800109863281,223.75,43.33629608154297,934.8218994140625,336.2548522949219,137.620361328125,110.32984924316406,192.00799560546875,383.3037109375,140.74179077148438,235.1099853515625,60.660316467285156,528.3660888671875,597.924560546875,427.3773193359375,90.75499725341797,136.9725341796875,147.01507568359375,164.00186157226562,431.6600036621094,497.73248291015625,316.4126281738281,90.79095458984375,102.71040344238281
2024-12-30,251.0644989013672,445.79998779296875,221.3000030517578,42.91603088378906,917.4227905273438,333.5623779296875,136.73155212402344,109.58805084228516,190.49395751953125,379.9571533203125,139.0825653076172,233.30648803710938,60.25235366821289,521.763916015625,589.3814086914062,421.71905517578125,90.04299926757812,137.452392578125,145.89004516601562,161.6414337158203,417.4100036621094,495.5951232910156,313.0862731933594,89.7112808227539,102.01588439941406
2024-12-31,249.29251098632812,444.67999267578125,219.38999938964844,42.95512771606445,911.5136108398438,332.1614990234375,138.4231414794922,110.13203430175781,188.5615234375,379.5278625488281,140.32455444335938,233.68670654296875,60.475765228271484,522.7765502929688,583.6695556640625,418.4134216308594,89.13200378417969,134.25328063964844,146.21694946289062,162.18316650390625,403.8399963378906,493.70172119140625,313.8111267089844,89.49336242675781,103.76180267333984
2025-01-02,242.75209045410156,441.0,220.22000122070312,43.28742980957031,905.0870971679688,328.51531982421875,140.21029663085938,109.60783386230469,188.6909942626953,379.01080322265625,139.74237060546875,233.96937561035156,60.06780242919922,518.6366577148438,597.3563232421875,415.51483154296875,88.6729965209961,138.2721710205078,144.4380645751953,160.567626953125,379.2799987792969,492.3841857910156,312.1827392578125,89.14668273925781,103.51100158691406
2025-01-03,242.26431274414062,430.57000732421875,224.19000244140625,43.795658111572266,911.8219604492188,330.7408142089844,141.29978942871094,109.9441146850586,191.04177856445312,379.7132873535156,139.90733337402344,237.16697692871094,59.98038101196289,517.6041259765625,602.7293701171875,420.2499084472656,88.1050033569336,144.4304962158203,143.89956665039062,159.74534606933594,410.44000244140625,500.670166015625,312.6891174316406,89.91929626464844,104.04153442382812
2025-01-06,243.89691162109375,431.17999267578125,227.61000061035156,44.37230682373047,917.9202270507812,328.38616943359375,140.7359161376953,109.83531951904297,196.10198974609375,379.898681640625,139.39308166503906,236.01068115234375,59.067317962646484,508.2420349121094,628.218994140625,424.7169494628906,88.17900085449219,149.38912963867188,140.6494598388672,155.3630828857422,411.04998779296875,501.32403564453125,310.8323059082031,90.56312561035156,103.92578125
2025-01-07,241.11949157714844,422.6300048828125,222.11000061035156,45.03691101074219,916.587158203125,322.822509765625,142.96267700195312,110.17160034179688,194.72735595703125,374.8836975097656,141.88673400878906,238.2840576171875,59.09646224975586,507.71588134765625,615.9476928710938,419.2770690917969,87.91899871826172,140.10166931152344,139.81288146972656,156.04025268554688,394.3599853515625,501.8901062011719,309.47198486328125,89.94900512695312,104.9000244140625
2025-01-08,241.60728454589844,419.5799865722656,222.1300048828125,45.16396713256836,922.5559692382812,324.77972412109375,143.64125061035156,108.5594253540039,193.19337463378906,377.78143310546875,138.04437255859375,238.244873046875,59.9415283203125,512.679931640625,608.8002319335938,421.4510498046875,87.5,140.07168579101562,140.9090576171875,156.81414794921875,394.94000244140625,511.91326904296875,310.3953857421875,90.92961883544922,103.14445495605469
2025-01-10,235.78363037109375,405.9200134277344,218.94000244140625,44.0888671875,932.0762939453125,315.7884216308594,146.35540771484375,107.4615707397461,191.29080200195312,380.406005859375,137.84059143066406,235.05035400390625,59.31986999511719,501.7728576660156,613.9240112304688,415.8821105957031,83.76899719238281,135.8728485107422,137.15892028808594,153.3895721435547,394.739990234375,508.17535400390625,305.53985595703125,92.11824035644531,102.76827239990234
2025-01-13,233.3446502685547,408.5,218.4600067138672,44.03999710083008,919.8998413085938,317.00048828125,148.46751403808594,106.8978042602539,190.2648468017578,379.7132873535156,140.17901611328125,239.3031768798828,59.88324737548828,502.0114440917969,606.4177856445312,414.135009765625,84.02899932861328,133.19357299804688,138.94747924804688,153.66046142578125,403.30999755859375,528.1338500976562,304.7554931640625,90.66217803955078,105.42091369628906
2025-01-14,232.22967529296875,412.7099914550781,217.75999450683594,44.74370193481445,912.468505859375,321.4415283203125,149.94883728027344,106.93737030029297,188.9200897216797,383.2257080078125,140.45069885253906,242.49766540527344,60.26206970214844,506.09783935546875,592.3819580078125,412.62615966796875,82.83999633789062,131.7239532470703,139.3801727294922,154.53111267089844,396.3599853515625,530.6713256835938,306.9101257324219,89.92919921875,105.83568572998047
2025-01-15,236.79901123046875,417.2799987792969,223.35000610351562,46.03382110595703,918.7060546875,319.0769348144531,151.31549072265625,106.9967041015625,194.78712463378906,396.2119445800781,140.66416931152344,247.27963256835938,59.99980545043945,519.3513793945312,615.1801147460938,423.188232421875,84.82599639892578,136.2027587890625,139.21669006347656,154.4440460205078,428.2200012207031,530.3590087890625,314.0494079589844,90.47398376464844,107.56232452392578
2025-01-16,227.23228454589844,426.92999267578125,220.66000366210938,45.584228515625,914.9755249023438,317.9244689941406,152.31895446777344,105.29552459716797,192.1574249267578,399.37310791015625,143.38099670410156,249.16104125976562,60.4660530090332,520.1367797851562,609.37841796875,421.4708557128906,84.23699951171875,133.5334930419922,140.9090576171875,155.26632690429688,413.82000732421875,498.31805419921875,315.0126037597656,90.43435668945312,107.3790512084961
2025-01-17,228.94451904296875,429.989990234375,225.94000244140625,45.47671890258789,938.2937622070312,322.4549255371094,154.3163604736328,105.84939575195312,195.23538208007812,399.42193603515625,142.66297912597656,253.95278930664062,60.91286849975586,521.6878662109375,610.8438110351562,425.8883361816406,85.80999755859375,137.67234802246094,142.55335998535156,155.87579345703125,426.5,497.50799560546875,317.3658752441406,91.06829833984375,108.34364318847656
2025-01-21,221.6375732421875,436.3599853515625,230.7100067138672,45.603782653808594,942.8102416992188,324.7201232910156,151.2294921875,107.51101684570312,197.27737426757812,408.25177001953125,143.74972534179688,257.7449951171875,60.63117599487305,525.0285034179688,614.522216796875,425.3622131347656,86.96800231933594,140.79148864746094,142.8418426513672,156.446533203125,424.07000732421875,512.3719482421875,321.34759521484375,92.1974868774414,107.52373504638672
2025-01-22,222.82223510742188,437.32000732421875,235.00999450683594,44.753475189208984,939.7960205078125,330.4626159667969,149.4805450439453,107.61981964111328,197.5961151123047,400.1244201660156,140.95526123046875,257.558837890625,60.009521484375,524.1536254882812,621.5401000976562,442.9326171875,95.39900207519531,147.02980041503906,142.39952087402344,159.36805725097656,415.1099853515625,507.2286376953125,321.278076171875,92.3460693359375,105.65241241455078
2025-01-23,222.6529998779297,437.2799987792969,235.4199981689453,45.33989334106445,937.2691650390625,332.4893798828125,149.09828186035156,109.82542419433594,197.20765686035156,404.31005859375,142.28456115722656,260.6063537597656,59.766685485839844,531.1531372070312,634.4493408203125,443.4388122558594,98.48600006103516,147.17974853515625,142.9091339111328,160.73207092285156,412.3800048828125,517.0370483398438,325.8952941894531,92.9205551147461,106.25047302246094
2025-01-24,221.77694702148438,435.3800048828125,234.85000610351562,45.466949462890625,934.8021240234375,331.7144470214844,148.75421142578125,110.93317413330078,199.428955078125,404.4173278808594,142.459228515625,259.5186767578125,60.1455078125,530.4273681640625,645.4547119140625,440.8082580566406,97.75900268554688,142.58099365234375,143.3899383544922,159.73638916015625,406.5799865722656,519.7112426757812,327.8712463378906,93.86155700683594,104.81322479248047
2025-01-27,228.82508850097656,438.6000061035156,235.4199981689453,46.0240478515625,960.2393798828125,344.84869384765625,150.2642059326172,112.10025787353516,191.06173706054688,414.5351257324219,148.3489227294922,260.50836181640625,62.03962326049805,544.4961547851562,657.8057250976562,431.3778076171875,97.18900299072266,118.38761901855469,148.66897583007812,165.12843322753906,397.1499938964844,530.4566040039062,332.1806640625,96.47652435302734,106.2697525024414
2025-01-28,237.187255859375,442.8399963378906,238.14999389648438,45.77970886230469,953.6934204101562,357.6153564453125,149.28941345214844,110.91339111328125,194.53811645507812,408.64202880859375,145.9134979248047,261.7724609375,60.572898864746094,544.2177734375,672.2103271484375,443.9252624511719,97.18299865722656,128.95472717285156,144.4765167236328,161.75112915039062,398.0899963378906,529.4415283203125,332.12109375,96.3675765991211,104.21516418457031
2025-01-29,238.28231811523438,441.67999267578125,237.07000732421875,45.69174575805664,959.0157470703125,351.7039794921875,148.79244995117188,111.95191192626953,194.64767456054688,403.3636779785156,146.66061401367188,261.2236633300781,61.0294303894043,545.6494750976562,674.363525390625,439.09088134765625,97.81500244140625,123.66616821289062,144.59190368652344,161.79005432128906,389.1000061035156,525.1668090820312,333.5111999511719,96.57557678222656,104.8228530883789
2025-01-30,236.52027893066406,446.0,234.63999938964844,45.66242599487305,973.9279174804688,341.34161376953125,149.39454650878906,112.18927764892578,200.0863800048828,404.4173278808594,148.32952880859375,262.840576171875,62.214473724365234,562.7606811523438,684.8405151367188,411.95111083984375,97.3239974975586,124.61591339111328,146.06309509277344,162.9385223388672,400.2799987792969,532.4573974609375,340.630615234375,97.71467590332031,105.69100189208984
2025-01-31,234.93743896484375,437.45001220703125,237.67999267578125,45.251930236816406,974.7933959960938,339.4837341308594,142.58041381835938,111.82332611083984,203.22409057617188,401.9586486816406,147.63092041015625,261.92919921875,61.660797119140625,552.241455078125,687.0136108398438,412.0206298828125,97.6760025024414,120.03717041015625,144.8996124267578,161.5564727783203,404.6000061035156,529.4512939453125,339.38946533203125,97.22932434082031,103.04800415039062
2025-02-03,226.98341369628906,438.6000061035156,237.4199981689453,45.16396713256836,1000.6087036132812,337.0396728515625,142.7237548828125,112.75304412841797,200.44496154785156,398.81695556640625,147.35923767089844,261.4490661621094,61.53452682495117,560.7125854492188,695.2676391601562,407.9109191894531,97.89399719238281,116.62810516357422,144.49575805664062,164.25247192382812,383.67999267578125,535.0045776367188,343.3811340332031,98.59622955322266,103.29878997802734
2025-02-04,231.75184631347656,440.2300109863281,242.05999755859375,45.652645111083984,1016.5554809570312,341.90789794921875,146.43186950683594,112.06070709228516,205.5748748779297,401.4805908203125,148.9311065673828,262.556396484375,60.87401580810547,555.9002685546875,701.9763793945312,409.3503112792969,99.48699951171875,118.6175537109375,137.9762725830078,163.63929748535156,392.2099914550781,532.3402099609375,342.7158508300781,99.81456756591797,106.06719970703125
2025-02-05,231.42333984375,437.6300048828125,236.1699981689453,46.04359436035156,1037.46630859375,345.6733093261719,146.2120819091797,109.33089447021484,190.58360290527344,403.75390625,150.09547424316406,264.9963073730469,61.31112289428711,563.0390625,702.6543579101562,410.26361083984375,101.11100006103516,124.79586791992188,140.06289672851562,164.49578857421875,378.1700134277344,526.8358154296875,346.9755554199219,101.48854064941406,105.99002838134766
2025-02-06,232.16995239257812,435.3999938964844,238.8300018310547,46.65933609008789,1045.5343017578125,328.66436767578125,145.17034912109375,110.86393737792969,190.85255432128906,404.0856628417969,148.9505157470703,271.3363342285156,61.54424285888672,563.904052734375,709.7518920898438,412.7750549316406,101.56800079345703,128.64480590820312,139.76480102539062,164.36929321289062,374.32000732421875,517.300537109375,345.0294189453125,101.87484741210938,104.59135437011719
2025-02-07,226.60513305664062,433.07000732421875,229.14999389648438,46.327030181884766,1039.5389404296875,323.71661376953125,145.85845947265625,109.64739990234375,184.616943359375,397.4607849121094,148.57208251953125,270.2584533691406,62.01048278808594,559.5193481445312,712.27392578125,406.7494812011719,101.39299774169922,129.80447387695312,139.02438354492188,163.4835662841797,361.6199951171875,514.3629760742188,345.5655822753906,100.19097137451172,105.03507232666016
2025-02-10,226.8741912841797,451.1000061035156,233.13999938964844,45.613548278808594,1057.5748291015625,325.0777587890625,148.86891174316406,108.08467102050781,185.7425537109375,403.91973876953125,149.65882873535156,265.5941162109375,62.700138092041016,562.24365234375,715.1448974609375,409.201416015625,102.76000213623047,133.5334930419922,138.80323791503906,163.05532836914062,350.7300109863281,520.5505981445312,348.75299072265625,101.94418334960938,107.04143524169922
2025-02-11,231.8272705078125,458.82000732421875,232.75999450683594,45.730838775634766,1054.0093994140625,322.2959289550781,150.4649200439453,107.8275146484375,184.5970458984375,406.2320861816406,151.49269104003906,269.4647216796875,65.66273498535156,561.4581909179688,717.537353515625,408.4270935058594,100.80799865722656,132.76368713378906,140.0436553955078,164.90457153320312,328.5,521.0873413085938,348.83251953125,101.49845123291016,107.71665954589844
2025-02-12,236.06277465820312,462.760009765625,228.92999267578125,45.16396713256836,1060.76171875,324.0047912597656,148.03744506835938,108.03522491455078,182.89370727539062,397.23638916015625,150.64852905273438,269.91552734375,66.74092102050781,561.3588256835938,723.099853515625,406.0447082519531,102.73100280761719,131.10415649414062,138.4570770263672,165.05056762695312,336.510009765625,514.7240600585938,349.598388671875,102.62763977050781,104.47581481933594
2025-02-13,240.7069091796875,459.2200012207031,230.3699951171875,45.281253814697266,1072.45361328125,327.7105712890625,148.9740447998047,108.39128112792969,185.41383361816406,402.397705078125,152.57943725585938,270.76800537109375,67.5082778930664,563.0590209960938,726.2698364257812,407.5337219238281,104.36900329589844,135.25299072265625,139.02438354492188,166.45211791992188,355.94000244140625,518.4131469726562,353.71612548828125,104.05399322509766,105.23493194580078
2025-02-14,243.7664337158203,460.1600036621094,228.67999267578125,45.8969841003418,1067.4639892578125,324.42205810546875,150.10459899902344,109.17264556884766,184.5074005126953,399.5389709472656,151.51210021972656,271.0325622558594,66.89634704589844,561.5178833007812,734.3543090820312,405.43914794921875,105.86000061035156,138.81202697753906,137.88011169433594,158.53924560546875,355.8399963378906,510.9275207519531,351.9058837890625,103.0535659790039,105.34198760986328
2025-02-18,243.6368865966797,464.1099853515625,226.64999389648438,45.47671890258789,1051.7088623046875,326.82635498046875,150.89697265625,108.36161041259766,183.0531005859375,393.4995422363281,151.59034729003906,274.3251037597656,67.07118225097656,565.3457641601562,714.1181640625,406.64031982421875,103.58499908447266,139.36187744140625,138.56283569335938,161.0113983154297,354.1099853515625,488.695068359375,354.8102111816406,102.79603576660156,107.19111633300781
2025-02-19,244.03550720214844,456.989990234375,226.6300048828125,44.9684944152832,1058.1922607421875,322.425048828125,151.93089294433594,110.13203430175781,184.5472412109375,385.81121826171875,154.42674255371094,273.6391296386719,68.06195831298828,565.2363891601562,701.5578002929688,411.7327575683594,104.33300018310547,139.19192504882812,140.2071075439453,162.04310607910156,360.55999755859375,498.75726318359375,353.3182678222656,103.01394653320312,107.34683227539062
2025-02-20,244.99224853515625,454.69000244140625,222.8800048828125,44.27456283569336,1030.5955810546875,316.3646545410156,153.43832397460938,109.34078216552734,183.83999633789062,385.04046630859375,156.17745971679688,261.43927001953125,68.03280639648438,560.04638671875,692.6558227539062,413.91107177734375,102.4540023803711,140.07168579101562,143.37071228027344,162.74388122558594,354.3999938964844,490.344482421875,348.603759765625,96.28832244873047,109.0013198852539
2025-02-21,244.71319580078125,444.32000732421875,216.5800018310547,43.795658111572266,1030.7947998046875,307.7906188964844,151.63134765625,107.4714584350586,178.9591064453125,375.9276428222656,158.74000549316406,258.9306945800781,69.30526733398438,554.3094482421875,681.4013061523438,406.03326416015625,100.31500244140625,134.3932342529297,147.6016387939453,165.68319702148438,337.79998779296875,455.2096862792969,346.654296875,93.88136291503906,107.72639465332031
2025-02-24,246.25791931152344,444.4200134277344,212.7100067138672,43.453582763671875,1031.362548828125,306.32025146484375,152.56866455078125,109.9836654663086,178.55072021484375,373.1177062988281,160.14842224121094,256.0889892578125,68.56704711914062,555.7908935546875,666.02978515625,401.8457336425781,98.84700012207031,130.244384765625,147.93817138671875,165.98492431640625,330.5299987792969,450.4274597167969,347.9771423339844,92.7818832397461,108.29085540771484
2025-02-25,246.1981201171875,443.4100036621094,212.8000030517578,42.94534683227539,1051.3404541015625,303.89605712890625,151.148193359375,109.32099914550781,174.7356414794922,383.7232971191406,162.44686889648438,252.2281494140625,69.44125366210938,560.7921142578125,655.4332275390625,395.77825927734375,97.7239990234375,126.59537506103516,150.40943908691406,168.03855895996094,302.79998779296875,459.07452392578125,350.19512939453125,96.76377868652344,106.7920913696289
2025-02-26,239.54087829589844,441.5,214.35000610351562,42.94534683227539,1027.747314453125,305.3366394042969,149.91134643554688,110.6067886352539,172.05613708496094,380.98162841796875,159.50291442871094,253.5902099609375,68.77103424072266,558.0478515625,671.582275390625,397.5985412597656,99.00599670410156,131.24411010742188,145.68807983398438,166.72463989257812,290.79998779296875,452.44769287109375,348.7430114746094,95.28789520263672,106.5293197631836
2025-02-27,236.49131774902344,437.19000244140625,208.74000549316406,43.121273040771484,1017.5293579101562,292.98724365234375,151.3897705078125,110.09246826171875,167.8426513671875,380.7767333984375,160.13864135742188,253.84495544433594,68.83902740478516,561.5775756835938,656.1708374023438,390.4368896484375,96.30699920654297,120.11714935302734,146.17849731445312,167.37673950195312,281.95001220703125,457.2982482910156,353.8255310058594,95.87230682373047,107.20085144042969
2025-02-28,241.01583862304688,438.55999755859375,212.27999877929688,45.05645751953125,1044.319091796875,295.9181213378906,153.2740478515625,112.55523681640625,169.61570739746094,386.9527893066406,161.4003448486328,259.3324890136719,69.16928100585938,573.0015258789062,666.0995483398438,394.87310791015625,98.05599975585938,124.88583374023438,147.57278442382812,169.19677734375,292.9800109863281,463.5444030761719,360.75799560546875,97.675048828125,108.34925079345703
2025-03-03,237.21881103515625,440.7200012207031,205.02000427246094,44.528682708740234,1042.56640625,291.1592102050781,147.93043518066406,111.55628204345703,166.35845947265625,380.21087646484375,163.6107635498047,255.3834686279297,70.2474594116211,571.6195068359375,652.9908447265625,386.4184265136719,97.37000274658203,114.02880859375,149.99595642089844,170.90003967285156,284.6499938964844,455.82452392578125,359.8727722167969,96.66471862792969,104.87483978271484
2025-03-04,235.1259765625,446.0299987792969,203.8000030517578,41.704097747802734,1032.627197265625,285.476318359375,146.87716674804688,107.817626953125,170.2532196044922,372.39569091796875,161.79156494140625,245.22181701660156,68.17850494384766,551.8834838867188,637.98828125,386.53778076171875,97.25800323486328,115.95828247070312,148.26512145996094,168.5543975830078,272.0400085449219,463.2027893066406,350.3343811035156,94.06956481933594,104.66072845458984
2025-03-05,234.93663024902344,451.239990234375,208.36000061035156,41.33270263671875,1043.4627685546875,290.0762634277344,145.72727966308594,108.11434173583984,172.34503173828125,376.9521179199219,161.49813842773438,246.47610473632812,68.07166290283203,555.0949096679688,654.4064331054688,398.8816223144531,99.09200286865234,117.26792907714844,147.96701049804688,169.94622802734375,279.1000061035156,464.5399475097656,350.781982421875,95.06999206542969,102.61695861816406
2025-03-06,234.5280303955078,444.7799987792969,200.6999969482422,40.521488189697266,1022.419189453125,284.19464111328125,147.79515075683594,104.27678680419922,171.6776580810547,372.44451904296875,162.19256591796875,241.58633422851562,68.44078063964844,546.6636352539062,625.9561767578125,394.773681640625,90.63600158691406,110.53976440429688,148.66897583007812,169.99488830566406,263.45001220703125,475.99774169921875,342.3078308105469,93.74269104003906,104.73858642578125
2025-03-07,238.2552947998047,449.3999938964844,199.25,40.71820068359375,960.3641967773438,281.0551452636719,151.07090759277344,104.35591125488281,173.18174743652344,367.6343994140625,163.03370666503906,237.41195678710938,69.38297271728516,543.6311645507812,623.6932373046875,391.2127380371094,89.11100006103516,112.65918731689453,149.81851196289062,171.25042724609375,262.6700134277344,481.6193542480469,343.4615783691406,90.85037994384766,106.10108947753906
2025-03-10,226.70477294921875,435.0799865722656,194.5399932861328,39.17405319213867,930.5865478515625,271.12994384765625,152.2594451904297,101.95249938964844,165.41319274902344,365.5367431640625,164.02154541015625,227.5540771484375,69.40238952636719,534.0364990234375,596.1102905273438,378.1328430175781,86.66799926757812,106.95074462890625,151.57435607910156,171.55215454101562,222.14999389648438,470.68096923828125,339.6422424316406,86.98735809326172,108.80667114257812
2025-03-11,220.08741760253906,433.6600036621094,196.58999633789062,38.957679748535156,926.6824951171875,275.2530212402344,148.88705444335938,96.82915496826172,163.58822631835938,359.20458984375,162.22190856933594,224.5359649658203,69.004150390625,522.781494140625,603.8060302734375,378.4213562011719,89.51000213623047,108.73025512695312,147.7716522216797,168.4960174560547,230.5800018310547,476.3853759765625,330.3525390625,86.61095428466797,106.23735809326172
2025-03-12,216.2405548095703,438.6000061035156,198.88999938964844,39.25273513793945,923.2864990234375,282.73419189453125,147.5245819091797,97.67974853515625,166.6497802734375,355.8580017089844,159.27793884277344,223.32086181640625,67.93567657470703,521.628173828125,617.6124267578125,381.2262878417969,91.96800231933594,115.718994140625,143.73614501953125,163.87289428710938,248.08999633789062,471.5533142089844,331.04876708984375,84.3921890258789,106.2081527709961
2025-03-13,208.96543884277344,377.8399963378906,193.88999938964844,39.016685485839844,886.9757080078125,269.9774475097656,148.4329071044922,95.81041717529297,162.311767578125,340.95330810546875,159.4148712158203,220.66534423828125,67.62484741210938,516.8458251953125,588.7833862304688,376.750244140625,89.01699829101562,115.55902862548828,143.9010467529297,164.08700561523438,240.67999267578125,471.95513916015625,326.7818298339844,83.69883728027344,105.76046752929688
2025-03-14,212.76246643066406,394.739990234375,197.9499969482422,40.21659469604492,900.2212524414062,277.5877990722656,151.7279815673828,97.5610580444336,165.03424072265625,344.9396667480469,159.23880004882812,227.76966857910156,67.67377471923828,524.6110229492188,606.2288818359375,386.4880676269531,91.80000305175781,121.64791870117188,144.14356994628906,163.4835662841797,249.97999572753906,478.9434814453125,330.0143127441406,84.54076385498047,108.90399169921875
2025-03-17,213.27072143554688,399.3399963378906,195.74000549316406,40.757537841796875,912.859375,278.9290466308594,153.3706817626953,98.27317810058594,163.83753967285156,347.7085266113281,159.26815795898438,229.229736328125,68.61314392089844,528.9359741210938,603.5349731445312,386.6273193359375,95.00199890136719,119.50830841064453,146.811279296875,165.22573852539062,238.00999450683594,489.1075134277344,332.7495422363281,86.63076782226562,110.71420288085938
2025-03-18,211.96517944335938,391.3699951171875,192.82000732421875,40.964080810546875,894.3753051757812,276.9221496582031,155.39022827148438,98.26329040527344,160.22750854492188,343.2312316894531,160.64723205566406,230.24880981445312,67.8890380859375,527.1463012695312,581.0458374023438,381.4749450683594,92.99800109863281,115.40904998779297,144.5316162109375,163.23052978515625,225.30999755859375,493.7925720214844,332.9683532714844,84.77848815917969,110.59740447998047
2025-03-19,214.50648498535156,387.8900146484375,195.5399932861328,41.514854431152344,900.3507080078125,277.577880859375,158.52105712890625,99.1930160522461,163.43865966796875,347.01141357421875,159.4148712158203,234.30564880371094,67.79119110107422,533.0125122070312,582.7420654296875,385.75201416015625,95.9489974975586,117.49866485595703,143.6779327392578,164.06756591796875,235.86000061035156,493.20452880859375,338.0409240722656,85.51148986816406,112.32001495361328
2025-03-20,213.37039184570312,389.6099853515625,194.9499969482422,41.78041076660156,891.7362060546875,277.2201843261719,159.216796875,97.77864837646484,162.35165405273438,349.07330322265625,159.4442138671875,234.20765686035156,68.21194458007812,533.3007202148438,584.6776123046875,384.7772521972656,95.08399963378906,118.50848388671875,142.7466583251953,163.07479858398438,236.25999450683594,501.1435852050781,337.67291259765625,84.99640655517578,112.7968978881836
2025-03-21,217.5261688232422,387.260009765625,196.2100067138672,41.77057647705078,905.5394287109375,278.7998962402344,159.1974639892578,98.3720932006836,163.5383758544922,344.7825622558594,160.04083251953125,236.77500915527344,67.19429016113281,532.61474609375,594.904541015625,389.1736755371094,96.02899932861328,117.67863464355469,141.0975341796875,162.23776245117188,248.7100067138672,506.58331298828125,333.8536071777344,85.398681640625,112.40760040283203
2025-03-24,219.977783203125,394.4700012207031,203.25999450683594,42.360694885253906,922.250732421875,284.105224609375,159.4583740234375,99.08421325683594,167.2182159423828,357.1737060546875,159.70828247070312,243.0758056640625,67.46827697753906,540.5488891601562,617.4534912109375,390.98394775390625,97.1989974975586,121.38796997070312,142.06759643554688,161.22555541992188,278.3900146484375,506.2403259277344,342.0194091796875,86.8984603881836,112.69956970214844
2025-03-25,222.9875030517578,403.6400146484375,205.7100067138672,42.567237854003906,926.4535522460938,286.7380676269531,160.34735107421875,100.49857330322266,170.0902862548828,354.4441223144531,157.4880828857422,246.08412170410156,67.33129119873047,542.0303955078125,624.896728515625,393.0528869628906,99.72799682617188,120.66809844970703,141.18482971191406,158.50033569335938,288.1400146484375,503.2313232421875,342.765380859375,84.18692016601562,113.46841430664062
2025-03-26,220.77503967285156,397.80999755859375,201.1300048828125,42.114810943603516,925.9456176757812,279.16748046875,162.30892944335938,99.67765045166016,164.6054229736328,355.5634460449219,158.17271423339844,245.9861602783203,68.51528930664062,545.91796875,609.6012573242188,387.89056396484375,97.06500244140625,113.7393569946289,144.19207763671875,162.1306915283203,272.05999755859375,507.9065246582031,342.3277282714844,84.63387298583984,115.10343933105469
2025-03-27,223.08714294433594,396.1499938964844,201.36000061035156,41.85909652709961,934.90869140625,276.00811767578125,161.03341674804688,99.35125732421875,161.79319763183594,356.152587890625,159.5518035888672,243.13461303710938,69.21981048583984,554.369140625,601.2202758789062,388.4972839355469,97.6719970703125,111.40978240966797,145.19125366210938,164.20382690429688,273.1300048828125,505.4757995605469,347.9771423339844,85.05104064941406,114.73361206054688
2025-03-28,217.1574249267578,385.7099914550781,192.72000122070312,40.5706672668457,925.85595703125,268.2189636230469,160.49229431152344,96.9972915649414,153.9049835205078,351.6556091308594,160.11907958984375,237.9705047607422,68.85777282714844,537.5064697265625,575.4385986328125,376.78009033203125,93.38500213623047,109.65010070800781,144.80323791503906,163.5419921875,263.54998779296875,505.7894287109375,341.0048828125,84.57427978515625,114.5779037475586
2025-03-31,221.37301635742188,383.5299987792969,190.25999450683594,41.042762756347656,941.9100341796875,266.6194152832031,161.65184020996094,97.62039947509766,154.21412658691406,359.8443908691406,162.2023468017578,240.37127685546875,70.0809097290039,544.9733276367188,575.0594482421875,373.3883056640625,93.25299835205078,108.3603286743164,145.45318603515625,165.8681182861328,259.1600036621094,513.3463134765625,348.57391357421875,87.1964340209961,115.74577331542969
2025-04-01,222.4293975830078,383.20001220703125,192.1699981689453,40.80671691894531,950.4947509765625,268.4474792480469,162.8307342529297,96.61155700683594,156.63743591308594,358.8919677734375,149.88851928710938,238.76422119140625,70.3255386352539,545.3612060546875,584.6776123046875,380.1520080566406,92.83799743652344,110.13001251220703,145.19125366210938,166.00439453125,268.4599914550781,512.7288208007812,344.4860534667969,88.22940826416016,115.85282897949219
2025-04-02,223.12701416015625,385.7799987792969,196.00999450683594,41.16078567504883,961.1310424804688,269.7787780761719,160.8594970703125,96.80937194824219,156.60751342773438,364.16461181640625,151.9522247314453,240.88084411621094,69.7971420288086,544.2376098632812,582.6123046875,380.1023254394531,93.552001953125,110.39995574951172,144.65769958496094,164.9727020263672,282.760009765625,512.8071899414062,344.46612548828125,89.15311431884766,115.49272155761719
2025-04-03,202.49755859375,367.25,178.41000366210938,36.60703659057617,963.122802734375,253.57456970214844,150.85829162597656,87.86824798583984,150.304931640625,349.4562683105469,156.3144073486328,224.09500122070312,71.60738372802734,527.5042114257812,530.4203491210938,371.12042236328125,91.70500183105469,101.78153228759766,146.8403778076172,167.7855224609375,267.2799987792969,529.7047729492188,337.5635070800781,86.6700210571289,109.4197998046875
2025-04-04,187.738037109375,349.07000732421875,171.0,33.82364273071289,912.7299194335938,239.19842529296875,138.45106506347656,82.6163330078125,145.19903564453125,347.482666015625,149.8787384033203,207.32411193847656,68.42721557617188,486.9583435058594,503.5910949707031,357.92120361328125,85.58599853515625,94.29288482666016,142.22280883789062,159.37628173828125,239.42999267578125,514.6204833984375,311.44482421875,82.6275405883789,101.54640197753906
2025-04-07,180.84161376953125,340.70001220703125,175.25999450683594,34.99404525756836,904.4140625,242.6260528564453,135.42652893066406,82.38885498046875,146.34584045410156,335.3173828125,147.31619262695312,211.42564392089844,66.9007568359375,482.7327575683594,515.0850219726562,355.9517822265625,86.78299713134766,97.62227630615234,138.90516662597656,155.95028686523438,233.2899932861328,514.2774047851562,310.63922119140625,83.2632064819336,100.18388366699219
2025-04-08,171.83241271972656,340.0,170.66000366210938,34.453102111816406,905.031494140625,242.407470703125,132.3150634765625,80.82613372802734,144.30149841308594,329.16107177734375,146.70980834960938,213.82147216796875,66.94967651367188,477.1648864746094,509.29815673828125,352.66937255859375,87.04000091552734,96.28252410888672,136.1016387939453,154.15943908691406,221.86000061035156,542.0936889648438,306.6109619140625,81.23700714111328,98.07198333740234
2025-04-09,198.17234802246094,364.6400146484375,191.10000610351562,36.53818893432617,961.2405395507812,263.45013427734375,141.10838317871094,90.43981170654297,158.27291870117188,348.9457092285156,147.6585235595703,231.0458984375,68.44679260253906,513.2838745117188,584.4481811523438,388.40777587890625,94.5469970703125,114.30924987792969,141.23333740234375,157.98451232910156,272.20001220703125,567.0087890625,330.6409606933594,88.99419403076172,102.9673080444336
2025-04-10,189.77108764648438,350.04998779296875,181.22000122070312,35.25959396362305,960.3641967773438,253.863525390625,130.4307861328125,84.29774475097656,152.39913940429688,347.207763671875,145.4285430908203,223.91754150390625,69.23938751220703,497.2608642578125,545.0572509765625,379.3165283203125,92.11699676513672,107.55047607421875,139.82672119140625,159.1913604736328,252.39999389648438,582.5928955078125,322.863037109375,89.99736785888672,97.25447845458984
2025-04-11,197.47471618652344,352.4700012207031,184.8699951171875,35.35795593261719,959.4677734375,253.744140625,131.0588836669922,83.96145629882812,156.70724487304688,347.44342041015625,148.40185546875,232.87974548339844,69.89498901367188,507.6275329589844,542.3433837890625,386.378662109375,91.8290023803711,110.90986633300781,140.10804748535156,162.45188903808594,252.30999755859375,587.5621948242188,331.605712890625,92.17256164550781,100.37853240966797
2025-04-14,201.82984924316406,350.9100036621094,182.1199951171875,36.06609344482422,975.312744140625,253.2963409423828,130.7593536376953,83.73397827148438,158.63194274902344,350.72283935546875,150.97415161132812,231.42054748535156,70.89306640625,510.3262634277344,530.2807006835938,385.7420654296875,93.12799835205078,110.68990325927734,142.358642578125,164.61257934570312,252.35000610351562,575.398681640625,333.37615966796875,94.08951568603516,100.62183380126953
2025-04-15,201.45114135742188,350.3800048828125,179.58999633789062,37.364356994628906,972.9225463867188,253.67446899414062,130.005615234375,84.08014678955078,155.87953186035156,347.6888732910156,150.2504119873047,229.85292053222656,70.31575012207031,515.2257690429688,520.3432006835938,383.6731872558594,97.62799835205078,112.17963409423828,138.5656280517578,163.97021484375,254.11000061035156,571.9976806640625,334.00274658203125,93.33465576171875,100.339599609375
2025-04-16,193.6079559326172,344.19000244140625,174.3300018310547,36.71522903442383,963.7901000976562,248.6095428466797,130.7979736328125,81.8646469116211,152.90773010253906,339.71612548828125,150.53404235839844,226.3824005126953,70.13961791992188,511.29217529296875,501.176513671875,369.6284484863281,96.16300201416016,104.47103881835938,135.89791870117188,161.94577026367188,241.5500030517578,573.4188232421875,329.546875,90.57345581054688,101.40042114257812
2025-04-17,196.3087158203125,348.79998779296875,172.61000061035156,36.793907165527344,990.4306640625,246.04225158691406,133.223388671875,83.88233184814453,150.74371337890625,348.62164306640625,154.01596069335938,228.69937133789062,71.4312515258789,515.176025390625,500.3484191894531,365.8188781738281,97.3030014038086,101.47157287597656,138.5656280517578,166.07252502441406,241.3699951171875,445.089599609375,327.83612060546875,92.58972930908203,104.05731964111328
2025-04-21,192.50172424316406,343.2200012207031,167.32000732421875,36.31197738647461,953.8509521484375,235.096435546875,129.22291564941406,83.08119201660156,147.26332092285156,340.609619140625,153.47801208496094,225.77110290527344,71.20618438720703,507.1993408203125,483.56634521484375,357.2050476074219,98.79100036621094,96.89241790771484,137.4888458251953,162.3284454345703,227.5,416.8813171386719,318.3773498535156,91.78520202636719,102.52935791015625
2025-04-22,199.059326171875,349.9100036621094,173.17999267578125,37.68892288208008,975.2230834960938,242.19131469726562,132.67259216308594,85.14833068847656,151.0528564453125,348.0030822753906,154.28981018066406,232.27833557128906,72.3119125366211,525.1343383789062,499.1510925292969,364.864013671875,104.03399658203125,98.8720474243164,139.16708374023438,164.41448974609375,237.97000122070312,418.69451904296875,329.6164855957031,94.20870208740234,105.40038299560547
2025-04-23,203.90277099609375,351.9599914550781,180.60000610351562,38.111839294433594,971.8470458984375,249.24639892578125,132.07350158691406,86.335205078125,154.92218017578125,349.9570007324219,151.97178649902344,237.4939727783203,71.72480773925781,527.80322265625,519.0960693359375,372.3936462402344,104.95899963378906,102.69136047363281,138.00299072265625,162.30885314941406,250.74000549316406,419.45904541015625,332.5705261230469,94.31795501708984,104.49527740478516
2025-04-24,207.65989685058594,360.9100036621094,186.5399932861328,38.92817306518555,971.4884643554688,263.3963623046875,134.38294982910156,89.02545928955078,158.84133911132812,353.11859130859375,151.53164672851562,241.20111083984375,70.96156311035156,533.2305297851562,531.9469604492188,385.2347717285156,109.68699645996094,106.41068267822266,131.26095581054688,156.23684692382812,259.510009765625,415.82275390625,333.9033203125,95.19200134277344,105.72154235839844
2025-04-25,208.56680297851562,367.7200012207031,188.99000549316406,39.03635787963867,973.1615600585938,266.5308532714844,134.05441284179688,89.2925033569336,161.51397705078125,351.095947265625,151.18934631347656,240.12644958496094,70.36467742919922,531.2586669921875,546.0350952148438,389.7605285644531,110.15299987792969,110.98986053466797,129.38873291015625,157.69610595703125,284.95001220703125,410.3241882324219,333.3662414550781,94.44706726074219,105.66314697265625
2025-04-28,209.4238739013672,368.6199951171875,187.6999969482422,39.124874114990234,974.535888671875,264.3317565917969,135.37823486328125,89.17382049560547,160.16769409179688,350.44793701171875,151.94244384765625,239.80108642578125,70.24725341796875,532.2645263671875,548.49951171875,389.07421875,111.03800201416016,108.71027374267578,129.75733947753906,158.5089569091797,285.8800048828125,411.6571960449219,335.6936340332031,94.57620239257812,105.72154235839844
2025-04-29,210.49021911621094,370.9800109863281,187.38999938964844,39.3314208984375,987.6421508789062,266.4412841796875,134.60519409179688,90.17276000976562,159.71893310546875,352.490234375,152.49017333984375,241.181396484375,70.79521179199219,537.432861328125,553.1889038085938,391.9388732910156,112.56400299072266,109.00020599365234,130.29087829589844,158.91049194335938,292.0299987792969,401.1011047363281,339.6820373535156,95.39065551757812,105.45877838134766
2025-04-30,211.7758331298828,374.9800109863281,184.4199981689453,39.22323226928711,990.4306640625,267.3865966796875,131.47438049316406,89.95516967773438,158.3626708984375,353.95318603515625,152.8813934326172,241.181396484375,70.99092102050781,545.778076171875,547.7611694335938,393.15234375,113.1719970703125,108.90023040771484,131.52288818359375,159.21409606933594,282.1600036621094,403.2672119140625,343.640625,96.59247589111328,102.80186462402344
2025-05-01,212.59304809570312,374.6300048828125,190.1999969482422,39.508453369140625,994.9520874023438,268.0035705566406,131.6676483154297,89.81670379638672,160.85577392578125,351.8028869628906,151.07199096679688,243.4194793701172,69.75799560546875,544.35400390625,570.9188232421875,423.1316223144531,113.34700012207031,111.5897445678711,129.5536346435547,156.6775665283203,280.5199890136719,392.720947265625,340.6070556640625,96.75139617919922,102.94784545898438
2025-05-02,204.65020751953125,380.8699951171875,189.97999572753906,40.39363098144531,1005.4824829101562,273.7252197265625,133.8321533203125,91.47832489013672,163.57827758789062,357.91009521484375,152.695556640625,248.96047973632812,70.11026763916016,557.0609130859375,595.6727905273438,432.9589538574219,115.64900207519531,114.4792251586914,129.74765014648438,157.2064208984375,287.2099914550781,391.97607421875,345.72930908203125,98.08233642578125,103.36634063720703
2025-05-05,198.21221923828125,381.05999755859375,186.35000610351562,40.442806243896484,1012.0541381835938,271.2873229980469,130.93325805664062,91.10248565673828,163.75778198242188,355.17071533203125,151.60012817382812,249.00979614257812,70.15918731689453,558.7836303710938,597.917724609375,433.8442077636719,113.40599822998047,113.7993392944336,128.04031372070312,155.5513153076172,280.260009765625,396.7689208984375,346.76373291015625,98.65840911865234,100.50505828857422
2025-05-06,197.83349609375,382.9800109863281,185.00999450683594,40.167423248291016,1007.6763305664062,272.0137023925781,131.0299072265625,91.16182708740234,162.78045654296875,352.8633117675781,151.08175659179688,245.74630737304688,70.17875671386719,556.6624755859375,585.9847412109375,430.99945068359375,113.76899719238281,113.51940155029297,126.82772064208984,155.96263122558594,275.3500061035156,386.67352294921875,345.82879638671875,97.8836898803711,101.906494140625
2025-05-07,195.58120727539062,384.9700012207031,188.7100067138672,40.25593948364258,1004.3357543945312,276.8597412109375,131.21348571777344,100.97332000732422,150.96311950683594,356.17218017578125,153.8496856689453,245.8843536376953,70.8441390991211,563.971923828125,595.4632568359375,431.03924560546875,115.54100036621094,117.03875732421875,127.97240447998047,156.00180053710938,276.2200012207031,383.2920227050781,347.96722412109375,98.16178894042969,101.8091812133789
2025-05-08,196.81698608398438,383.989990234375,192.0800018310547,40.91490173339844,1004.8942260742188,278.3623046875,132.42135620117188,103.97017669677734,153.85513305664062,358.2439270019531,152.2456512451172,249.90699768066406,69.64057159423828,564.7586669921875,596.6605834960938,435.83355712890625,114.44300079345703,117.34870910644531,127.49706268310547,155.37501525878906,284.82000732421875,377.8914794921875,349.3795471191406,96.7712631225586,103.2300796508789
2025-05-09,197.8534393310547,383.2799987792969,193.05999755859375,41.101776123046875,1005.2731323242188,274.0635681152344,133.822509765625,104.78121185302734,152.32933044433594,356.1329650878906,150.8372344970703,249.52249145507812,69.0045394897461,566.2723388671875,591.153076171875,436.3905334472656,114.02200317382812,116.62882995605469,126.53668975830078,154.4054412841797,298.260009765625,373.07904052734375,350.6427307128906,96.29833221435547,104.43688201904297
2025-05-12,210.34713745117188,395.94000244140625,208.63999938964844,42.64591598510742,1013.3106079101562,287.3975830078125,136.8470001220703,109.28144073486328,158.0236053466797,369.76123046875,150.7589874267578,256.3945007324219,68.03582000732422,575.8622436523438,637.9871215820312,446.8644104003906,111.0,122.97767639160156,127.73957824707031,157.57855224609375,318.3800048828125,371.2265319824219,353.9349365234375,96.32819366455078,106.23735809326172
2025-05-13,212.48263549804688,397.3999938964844,211.3699951171875,43.5507698059082,996.2384643554688,287.7458801269531,137.55239868164062,110.16169738769531,159.0906524658203,366.8254699707031,145.18402099609375,259.3128967285156,67.47806549072266,574.189208984375,654.5496826171875,446.74505615234375,113.84400177001953,129.9064178466797,126.41058349609375,155.45335388183594,334.07000732421875,305.1947937011719,354.8116760253906,95.46198272705078,106.5293197631836
2025-05-14,211.88389587402344,399.4700012207031,210.25,44.00319290161133,988.7693481445312,289.30810546875,136.8953094482422,111.70464324951172,164.91456604003906,366.0498046875,143.14964294433594,261.90594482421875,67.67377471923828,570.89306640625,657.8721313476562,450.5247802734375,115.0989990234375,135.3154296875,124.60624694824219,154.75802612304688,347.67999267578125,301.8917541503906,355.13043212890625,96.40784454345703,105.57555389404297
2025-05-15,211.00575256347656,404.69000244140625,205.1699981689453,43.64912033081055,1007.6464233398438,289.3280334472656,137.46543884277344,110.99252319335938,163.5084686279297,371.7642822265625,146.32835388183594,263.72991943359375,70.07112121582031,579.77587890625,642.4271240234375,451.54119873046875,117.7979965209961,134.80552673339844,127.56497192382812,159.05738830566406,342.82000732421875,268.9003601074219,360.9486389160156,95.92993927001953,106.64614868164062
2025-05-16,210.81614685058594,417.1300048828125,205.58999633789062,43.95401382446289,1022.9635009765625,289.7160949707031,137.31082153320312,112.17938995361328,165.73231506347656,373.875244140625,148.01063537597656,263.7989196777344,70.4527359008789,580.8513793945312,638.8950805664062,452.6772155761719,119.15299987792969,135.37542724609375,128.03060913085938,159.90943908691406,349.9800109863281,286.1115417480469,363.7581481933594,97.81169128417969,106.26309967041016
2025-05-19,208.3413543701172,420.67999267578125,206.16000366210938,44.03269577026367,1031.44970703125,286.21343994140625,135.45249938964844,111.4277114868164,166.0813446044922,372.50067138671875,149.1451873779297,261.1566162109375,70.38424682617188,583.9683227539062,638.98486328125,457.26104736328125,119.16400146484375,135.54539489746094,127.8462905883789,161.36868286132812,342.0899963378906,309.6152038574219,366.52777099609375,97.69222259521484,104.57373046875
2025-05-20,206.42539978027344,417.6099853515625,204.07000732421875,43.95401382446289,1033.9228515625,286.6413269042969,134.25926208496094,111.13098907470703,163.52841186523438,370.212890625,150.28952026367188,261.9453430175781,70.14940643310547,578.6904296875,635.662353515625,456.56353759765625,119.2020034790039,134.35562133789062,127.85601043701172,162.220703125,343.82000732421875,315.192138671875,365.47174072265625,97.37361907958984,103.08079528808594
2025-05-21,201.6654052734375,414.0299987792969,201.1199951171875,42.5377311706543,1022.43505859375,280.8897705078125,132.58676147460938,109.25176239013672,168.09579467773438,364.1155090332031,149.82005310058594,257.3705749511719,70.30596160888672,567.1685180664062,634.06591796875,450.983154296875,119.46299743652344,131.7760772705078,126.25536346435547,162.01504516601562,334.6199951171875,296.9616394042969,356.96356201171875,96.00959014892578,101.81377410888672
2025-05-22,200.9369354248047,414.3299865722656,203.10000610351562,42.596744537353516,1015.2850952148438,282.024169921875,132.3226776123047,109.91443634033203,170.39942932128906,359.4909362792969,149.26255798339844,257.00579833984375,69.61121368408203,567.76611328125,635.133544921875,453.26513671875,118.7969970703125,132.80589294433594,126.22625732421875,161.62330627441406,341.0400085449219,290.7770080566406,356.6347961425781,95.51177215576172,101.13606262207031
2025-05-23,194.85975646972656,407.69000244140625,200.99000549316406,42.488555908203125,1005.6820068359375,271.78485107421875,133.54525756835938,108.51986694335938,168.00604248046875,356.1329650878906,149.58531188964844,257.04522705078125,70.2276840209961,561.2333984375,625.6449584960938,448.6015625,118.53900146484375,131.26617431640625,125.4696044921875,162.43617248535156,339.3399963378906,289.6988525390625,352.2213439941406,95.91998291015625,101.19499206542969
2025-05-27,199.78936767578125,413.1000061035156,206.02000427246094,43.49176025390625,1014.9459838867188,275.8248596191406,134.80697631835938,111.13098907470703,172.42384338378906,363.6834716796875,151.17349243164062,261.56085205078125,70.23746490478516,572.15771484375,640.8705444335938,459.0746765136719,121.15699768066406,135.47540283203125,127.43887329101562,164.2969512939453,362.8900146484375,289.14013671875,357.9598388671875,97.15457916259766,101.67626190185547
2025-05-28,199.99891662597656,412.2300109863281,204.72000122070312,43.33439254760742,1010.3090209960938,274.6705627441406,133.03668212890625,110.3001708984375,171.8853302001953,361.38592529296875,150.36459350585938,259.7861328125,69.62100219726562,573.5220336914062,642.1277465820312,455.7563781738281,120.8550033569336,134.78553771972656,126.75980377197266,163.9052276611328,356.8999938964844,292.1883544921875,358.3882751464844,96.81605529785156,100.2913818359375
2025-05-29,199.5299072265625,413.3599853515625,205.6999969482422,43.51142883300781,1005.9212646484375,265.60546875,134.88522338867188,110.7947006225586,171.38670349121094,361.61175537109375,151.4990234375,260.6537780761719,69.95369720458984,575.3743286132812,643.5944213867188,457.0717468261719,118.48600006103516,139.1647491455078,127.97240447998047,165.08042907714844,358.42999267578125,292.2472229003906,361.04827880859375,96.67667388916016,100.86105346679688
2025-05-30,200.4280242919922,415.0899963378906,205.00999450683594,43.40324020385742,1037.2735595703125,264.06304931640625,133.70175170898438,111.80354309082031,171.2670440673828,361.61175537109375,153.10694885253906,260.2889709472656,70.55058288574219,583.1616821289062,646.0288696289062,458.7458190917969,120.7229995727539,135.10548400878906,127.51646423339844,166.3829803466797,346.4599914550781,295.91290283203125,363.8279113769531,98.28961181640625,100.4780044555664
2025-06-02,201.27622985839844,403.3999938964844,206.64999389648438,43.35406494140625,1053.8968505859375,260.33154296875,134.81675720214844,111.71452331542969,168.5644989013672,361.2877197265625,153.2943572998047,260.939697265625,70.4527359008789,578.7999877929688,669.3861083984375,460.3502197265625,121.89800262451172,137.35507202148438,126.99264526367188,164.31654357910156,342.69000244140625,298.6670837402344,363.9573974609375,99.33502197265625,101.21463775634766
2025-06-03,202.84292602539062,412.489990234375,205.7100067138672,43.914676666259766,1052.6402587890625,263.1675109863281,136.4892578125,112.357421875,165.72235107421875,366.3149108886719,152.32763671875,262.52703857421875,69.63079071044922,579.5467529296875,665.34521484375,461.3467102050781,121.79399871826172,141.19436645507812,127.90450286865234,163.40574645996094,344.2699890136719,295.2366027832031,364.495361328125,99.54411315917969,101.95128631591797
2025-06-04,202.39389038085938,413.9100036621094,207.22999572753906,43.629451751708984,1048.7513427734375,261.8739318847656,134.3570556640625,112.24862670898438,167.58718872070312,365.6472473144531,151.14390563964844,260.5058898925781,69.8362808227539,581.6978149414062,686.3976440429688,462.2435302734375,123.96600341796875,141.8942413330078,127.79779815673828,162.52430725097656,332.04998779296875,294.4132995605469,366.6274108886719,98.91685485839844,100.4780044555664
2025-06-05,200.20849609375,415.20001220703125,207.91000366210938,43.64912033081055,1007.9854736328125,265.8243408203125,133.89736938476562,111.29912567138672,167.74676513671875,364.83709716796875,151.57794189453125,258.267822265625,69.38616180419922,583.0023803710938,683.0750732421875,466.0401611328125,125.052001953125,139.964599609375,127.18665313720703,159.43934631347656,284.70001220703125,289.9634704589844,365.4019775390625,97.53292083740234,100.01637268066406
2025-06-06,203.49156188964844,416.9200134277344,213.57000732421875,44.490047454833984,1012.10400390625,273.1580505371094,137.13478088378906,112.65414428710938,173.20167541503906,362.9105529785156,152.92938232421875,261.9946594238281,69.81670379638672,587.6629028320312,696.1356201171875,468.730712890625,124.14700317382812,141.69427490234375,127.52302551269531,160.63417053222656,295.1400146484375,297.1968994140625,368.839111328125,97.04505920410156,102.41291046142578
2025-06-09,201.02676391601562,416.260009765625,216.97999572753906,44.39111328125,1003.368408203125,270.9091796875,137.67269897460938,114.39488983154297,175.81764221191406,360.8061828613281,153.1266632080078,262.9904479980469,70.2276840209961,581.8970947265625,692.4938354492188,471.0924072265625,122.44599914550781,142.6041259765625,127.45439147949219,159.2042999267578,308.5799865722656,297.1675109863281,365.2923889160156,97.02513885498047,103.1004409790039
2025-06-10,202.2441864013672,416.05999755859375,217.61000061035156,44.608768463134766,1004.4553833007812,266.8990173339844,140.20590209960938,117.43131256103516,178.3237762451172,363.4836120605469,154.33013916015625,264.8243408203125,70.79521179199219,587.0852661132812,700.8150024414062,469.2688293457031,120.36199951171875,143.9338836669922,129.288330078125,159.478515625,326.0899963378906,297.75555419921875,369.3173522949219,96.89570617675781,105.31037139892578
2025-06-11,198.36236572265625,412.8399963378906,213.1999969482422,44.25260925292969,993.9947509765625,264.6004333496094,141.6045379638672,118.2126693725586,177.07569885253906,356.12322998046875,153.15625,264.3806457519531,70.52123260498047,588.2802734375,692.5736694335938,470.9628601074219,121.98799896240234,142.81399536132812,127.3955307006836,158.7635955810547,326.42999267578125,304.3910827636719,371.9176025390625,95.38233947753906,107.36314392089844
2025-06-12,198.78147888183594,413.67999267578125,213.24000549316406,44.14378356933594,999.908203125,265.5954895019531,141.79037475585938,117.3126220703125,175.42825317382812,358.7907409667969,154.53729248046875,264.4693603515625,70.68757629394531,586.826416015625,691.79541015625,477.1909484863281,121.50299835205078,144.98374938964844,129.749267578125,159.8114776611328,319.1099853515625,312.1733703613281,370.01470947265625,94.41656494140625,107.77567291259766
2025-06-13,196.03726196289062,391.67999267578125,212.10000610351562,43.619441986083984,987.443115234375,257.12738037109375,142.7097625732422,116.64995574951172,174.39984130859375,350.39300537109375,154.97132873535156,261.2256164550781,69.9878921508789,559.6898803710938,681.3291015625,473.2946472167969,121.21499633789062,141.95408630371094,128.3272247314453,156.9713592529297,325.30999755859375,307.3020935058594,351.5339050292969,94.02826690673828,110.12310028076172
2025-06-16,198.0031280517578,401.7300109863281,216.10000610351562,43.9360237121582,981.6094360351562,262.5804138183594,142.82713317871094,118.17311096191406,176.49659729003906,349.30621337890625,153.11680603027344,266.5595397949219,69.49516296386719,566.3021850585938,701.0746459960938,477.46002197265625,122.53500366210938,144.6737823486328,128.8764190673828,157.55899047851562,329.1300048828125,303.6893310546875,354.15411376953125,93.87892150878906,110.4766845703125
2025-06-17,195.2289581298828,382.67999267578125,214.82000732421875,43.7579460144043,974.9879150390625,261.4659423828125,145.5852813720703,116.8378677368164,175.6778564453125,344.583740234375,150.31529235839844,265.7313537597656,68.6082534790039,567.0789794921875,696.19189453125,476.3638610839844,122.06700134277344,144.1038360595703,126.79728698730469,155.24771118164062,316.3500061035156,304.88372802734375,356.50531005859375,93.83909606933594,111.96961975097656
2025-06-18,196.16697692871094,378.0400085449219,212.52000427246094,44.57908630371094,972.1758422851562,258.6314392089844,144.9397430419922,116.57083129882812,173.05194091796875,342.85479736328125,148.68763732910156,270.1089782714844,68.20420837402344,536.4868774414062,694.734130859375,478.5561218261719,122.22899627685547,145.46368408203125,126.58155059814453,154.75802612304688,322.04998779296875,303.23529052734375,339.1104431152344,94.67542266845703,111.17404174804688
2025-06-20,200.57769775390625,376.9200134277344,209.69000244140625,45.0143928527832,977.55078125,259.7576599121094,146.26992797851562,116.34333801269531,166.38226318359375,345.41363525390625,147.7603759765625,271.13433837890625,67.8395767211914,530.7508544921875,681.3340454101562,475.7261047363281,123.14099884033203,143.83387756347656,126.58155059814453,155.796142578125,322.1600036621094,298.11224365234375,337.30718994140625,95.70094299316406,112.65714263916016
2025-06-23,201.07666015625,380.1199951171875,208.47000122070312,45.80585479736328,1001.6732177734375,262.5283508300781,143.63893127441406,116.46202850341797,164.93450927734375,352.6653137207031,149.2696533203125,274.3583984375,68.72650146484375,540.091796875,697.4900512695312,484.2959289550781,125.35399627685547,144.15383911132812,126.60115051269531,157.70587158203125,348.67999267578125,296.7994079589844,342.4678649902344,97.44331359863281,109.74986267089844
2025-06-24,199.87918090820312,382.3399963378906,212.77000427246094,46.162010192871094,999.120361328125,270.26239013671875,140.40151977539062,117.85262298583984,166.51206970214844,356.0837097167969,150.12786865234375,277.3063659667969,69.18966674804688,555.2086181640625,711.1396484375,488.3915100097656,127.91100311279297,147.88340759277344,128.52337646484375,157.0497283935547,340.4700012207031,301.6756286621094,350.3184509277344,97.57274627685547,106.41041564941406
2025-06-25,201.13653564453125,387.54998779296875,211.99000549316406,46.34998321533203,983.7833251953125,266.8638000488281,140.08853149414062,118.61744689941406,170.416015625,357.50634765625,150.21664428710938,280.0669860839844,68.61810302734375,547.4111328125,707.6248779296875,490.5439453125,127.5250015258789,154.29270935058594,125.55178833007812,155.6884002685547,327.54998779296875,298.1221008300781,343.97222900390625,96.83597564697266,106.43988800048828
2025-06-26,200.57769775390625,384.95001220703125,217.1199951171875,46.95347213745117,980.1634521484375,269.83380126953125,141.27200317382812,120.64373779296875,173.27157592773438,359.12664794921875,149.95028686523438,284.6910400390625,68.4604263305664,543.537353515625,725.0089721679688,495.705810546875,130.66700744628906,155.00262451171875,125.74793243408203,155.35543823242188,325.7799987792969,298.7143859863281,344.7393493652344,95.60137176513672,108.0310287475586
2025-06-27,200.65753173828125,385.8299865722656,223.3000030517578,46.617103576660156,982.38720703125,272.5048828125,140.63624572753906,121.517822265625,178.25387573242188,364.3035888671875,150.34487915039062,283.0740966796875,69.30792236328125,548.0286254882812,732.5377197265625,494.20111083984375,132.31199645996094,157.73231506347656,128.5135498046875,156.56002807617188,323.6300048828125,305.1205749511719,347.3097229003906,96.8459243774414,107.43189239501953
2025-06-30,204.7389373779297,386.8800048828125,219.38999938964844,46.81496810913086,987.173828125,271.77728271484375,140.04942321777344,123.17660522460938,175.95742797851562,362.2288818359375,150.68028259277344,285.8347473144531,69.72181701660156,559.6002197265625,736.9911499023438,495.66595458984375,133.91299438476562,157.97230529785156,129.4942626953125,156.0311737060547,317.6600036621094,307.9436950683594,353.7257080078125,97.35370635986328,105.88004302978516
2025-07-01,207.3833770751953,392.1000061035156,220.4600067138672,47.636112213134766,983.2049560546875,270.9999084472656,142.37721252441406,122.66009521484375,175.56802368164062,368.67041015625,153.80731201171875,286.32769775390625,70.62845611572266,562.259033203125,718.149169921875,490.3247375488281,129.36000061035156,153.2828369140625,132.65219116210938,157.8919677734375,300.7099914550781,321.93084716796875,354.1441345214844,97.81169128417969,107.29439544677734
2025-07-02,211.99366760253906,378.4700012207031,219.9199981689453,48.19013214111328,979.614990234375,268.3089599609375,144.73435974121094,122.15352630615234,178.3636932373047,367.3761901855469,153.4521942138672,287.8954162597656,69.87950134277344,559.1820068359375,712.507568359375,489.36810302734375,128.48599243164062,157.2323760986328,133.84866333007812,157.87237548828125,315.6499938964844,303.5906066894531,352.8988037109375,97.1844482421875,109.07215881347656
2025-07-03,213.10134887695312,379.30999755859375,223.41000366210938,48.40778732299805,984.2620239257812,271.2391052246094,145.1157989501953,123.16666412353516,179.2523193359375,367.2082214355469,153.89610290527344,293.2451171875,70.31310272216797,566.869873046875,717.9395141601562,497.0909423828125,129.71800231933594,159.3221435546875,132.76988220214844,157.510009765625,315.3500061035156,304.56781005859375,357.521484375,97.9311752319336,110.20167541503906
2025-07-07,209.50889587402344,376.92999267578125,223.47000122070312,48.14066696166992,989.4075927734375,268.89697265625,144.1670684814453,122.33231353759766,176.5165557861328,363.2168273925781,153.16612243652344,289.25262451171875,69.9780502319336,562.7669677734375,717.2804565429688,495.974853515625,128.96200561523438,158.22227478027344,131.85781860351562,157.18682861328125,293.94000244140625,299.7903137207031,355.3097839355469,98.91685485839844,109.13108825683594
2025-07-08,209.5687713623047,382.239990234375,219.36000061035156,46.64678192138672,983.0853271484375,272.7341003417969,149.8789825439453,121.0013198852539,174.09031677246094,363.0785217285156,153.6790771484375,280.1481628417969,69.21923065185547,560.09814453125,719.5969848632812,494.8786926269531,127.53099822998047,159.98207092285156,132.43643188476562,154.6306915283203,297.80999755859375,303.72882080078125,353.2275695800781,96.66670989990234,112.15623474121094
2025-07-09,210.69639587402344,373.3800048828125,222.5399932861328,46.340091705322266,979.3457641601562,270.0132141113281,149.663818359375,119.79945373535156,176.34681701660156,366.575927734375,154.16244506835938,280.5246276855469,68.47028350830078,563.5184326171875,731.6890258789062,501.74456787109375,128.8280029296875,162.86175537109375,131.88723754882812,154.2683563232422,295.8800048828125,299.0006408691406,356.4256286621094,96.38793182373047,111.77317810058594
2025-07-10,211.96372985839844,371.42999267578125,222.25999450683594,46.46870422363281,967.4590454101562,263.08648681640625,150.78857421875,120.7430648803711,177.34527587890625,368.8087158203125,155.55332946777344,285.5078430175781,68.75605773925781,561.9329223632812,726.1572265625,499.7216796875,125.05899810791016,164.0816192626953,133.45639038085938,155.21832275390625,309.8699951171875,295.64453125,354.5526428222656,94.4464340209961,112.88304901123047
2025-07-11,210.7163543701172,363.3500061035156,225.02000427246094,46.23126220703125,967.61865234375,257.20623779296875,151.90357971191406,119.06442260742188,179.91131591796875,365.6175842285156,154.77403259277344,284.1901550292969,68.8546142578125,548.6304931640625,716.4417724609375,501.55523681640625,124.51100158691406,164.90151977539062,132.65219116210938,153.80804443359375,313.510009765625,300.17529296875,346.63226318359375,93.98844146728516,113.3741455078125
2025-07-14,208.1816864013672,366.989990234375,225.69000244140625,46.56763458251953,978.1690063476562,258.8108215332031,148.3238525390625,119.16374969482422,181.2791748046875,365.6571044921875,154.69512939453125,286.0130920410156,68.4604263305664,551.4625854492188,719.8466186523438,501.2562561035156,126.19499969482422,164.05162048339844,132.95623779296875,150.5859375,316.8999938964844,296.70068359375,349.1926574707031,95.3624267578125,111.89103698730469
2025-07-15,208.67066955566406,364.17999267578125,226.35000610351562,45.65745544433594,964.97607421875,256.7178649902344,147.38491821289062,118.18040466308594,181.718505859375,354.32513427734375,153.06747436523438,283.8830871582031,68.35202026367188,548.8099975585938,709.3323974609375,504.04644775390625,126.0270004272461,170.6808624267578,131.2301483154297,149.52822875976562,310.7799987792969,287.9451599121094,345.72564697265625,94.97412109375,110.89903259277344
2025-07-16,209.71847534179688,361.7699890136719,223.19000244140625,45.538734436035156,948.7116088867188,257.0866394042969,146.63180541992188,119.01475524902344,182.68701171875,353.1000061035156,162.54727172851562,283.1598815917969,68.2633285522461,553.9555053710938,701.8634033203125,503.8471374511719,125.03099822998047,171.35079956054688,132.74046325683594,150.55657958984375,321.6700134277344,288.7151184082031,348.59490966796875,94.73516845703125,110.23114013671875
2025-07-17,209.57875061035156,366.45001220703125,223.8800048828125,46.51816940307617,951.2444458007812,259.0101623535156,148.05978393554688,121.3886947631836,183.29605102539062,354.7203063964844,160.7716522216797,287.201904296875,69.56414794921875,554.0452270507812,700.3656616210938,509.9058532714844,127.41699981689453,172.98062133789062,142.63592529296875,152.40756225585938,319.4100036621094,284.3521728515625,348.5052490234375,94.67542266845703,109.67129516601562
2025-07-18,210.73631286621094,365.7900085449219,226.1300048828125,46.81496810913086,948.2927856445312,261.5018310546875,146.74916076660156,120.60400390625,184.7737579345703,355.07598876953125,161.4818878173828,288.55914306640625,68.83489990234375,551.103515625,703.2314453125,508.2616271972656,120.92400360107422,172.39068603515625,140.4783477783203,152.93707275390625,329.6499938964844,279.0021057128906,347.7480773925781,94.63561248779297,105.85057067871094
2025-07-21,212.0335693359375,367.67999267578125,229.3000030517578,46.97325897216797,944.9122314453125,261.4021301269531,146.39706420898438,120.02790069580078,189.80596923828125,359.66015625,162.13294982910156,288.261962890625,69.05170440673828,553.0879516601562,711.908447265625,508.2715759277344,123.3270034790039,171.36080932617188,138.96803283691406,152.8680419921875,328.489990234375,278.49871826171875,349.63104248046875,95.25289916992188,106.1255874633789
2025-07-22,213.94955444335938,372.8699951171875,227.47000122070312,47.26016616821289,938.9788818359375,262.707763671875,146.74916076660156,120.24642181396484,191.04405212402344,366.5462951660156,165.6545867919922,288.7176513671875,68.64766693115234,557.1863403320312,703.7606201171875,503.4983825683594,119.00800323486328,167.01129150390625,143.22434997558594,156.1121826171875,332.1099853515625,281.4501037597656,350.5475769042969,95.43211364746094,106.60685729980469
2025-07-23,213.7000732421875,372.4599914550781,228.2899932861328,47.62621307373047,938.56005859375,266.32562255859375,149.76161193847656,122.1137924194336,189.93577575683594,371.822021484375,166.80874633789062,293.9980773925781,68.15493774414062,560.5070190429688,712.517578125,504.0962829589844,117.6780014038086,170.7608642578125,142.8516845703125,156.07272338867188,332.55999755859375,288.73486328125,353.96484375,95.26285552978516,107.97209930419922
2025-07-24,213.31088256835938,371.69000244140625,232.22999572753906,47.8735466003418,931.190673828125,266.80401611328125,152.4121856689453,121.13043975830078,191.87277221679688,368.60125732421875,167.2624969482422,293.78997802734375,68.09579467773438,561.9130249023438,713.7357788085938,509.0887145996094,118.07599639892578,173.7205352783203,141.72386169433594,156.5953369140625,305.29998779296875,274.984619140625,352.6497497558594,96.17884826660156,108.81678771972656
2025-07-25,213.43064880371094,370.739990234375,231.44000244140625,47.93290710449219,932.865966796875,268.2092590332031,151.4438934326172,120.65367126464844,192.88121032714844,370.8241882324219,166.0195770263672,295.8407287597656,68.16478729248047,566.6196899414062,711.618896484375,511.9088439941406,118.04900360107422,173.48056030273438,140.6842803955078,156.0924530029297,316.05999755859375,277.4326171875,355.70831298828125,97.04505920410156,108.43373107910156
2025-07-28,213.6002960205078,369.4700012207031,232.7899932861328,47.71525573730469,931.380126953125,269.345458984375,152.85231018066406,119.56106567382812,192.28213500976562,372.69146728515625,163.96775817871094,295.50390625,67.10047912597656,566.6796264648438,716.5615844726562,510.7030334472656,117.45999908447266,176.73019409179688,138.84054565429688,154.91903686523438,325.5899963378906,278.47894287109375,354.1441345214844,97.1844482421875,109.45520782470703
2025-07-29,210.8261260986328,370.70001220703125,231.00999450683594,47.4382438659668,931.9585571289062,266.49505615234375,153.5858612060547,119.10415649414062,195.44723510742188,372.80010986328125,165.8321533203125,294.2754821777344,68.3717269897461,561.7335205078125,698.957763671875,510.7727966308594,116.8740005493164,175.49032592773438,141.11581420898438,154.42601013183594,321.20001220703125,257.70062255859375,349.979736328125,97.90130615234375,110.86956024169922
2025-07-30,208.6107940673828,364.0,230.19000244140625,47.44813537597656,924.9182739257812,263.9236755371094,150.19195556640625,118.73664093017578,196.2260284423828,367.6034240722656,164.99365234375,296.8413391113281,67.75089263916016,557.5353393554688,694.1749267578125,511.4404296875,118.41999816894531,179.2499237060547,140.1056671142578,150.74803161621094,319.0400085449219,262.6064758300781,349.6011657714844,97.1645278930664,109.90702056884766
2025-07-31,207.1339111328125,357.69000244140625,234.11000061035156,46.765499114990234,937.014404296875,257.46533203125,148.3140869140625,118.30953216552734,191.60317993164062,363.08837890625,162.5078125,293.4828796386719,66.90338134765625,564.8746337890625,772.2884521484375,531.62939453125,115.94000244140625,177.85006713867188,135.2609100341797,148.37164306640625,308.2699890136719,246.33917236328125,344.18145751953125,97.5528335571289,109.65164947509766
2025-08-01,201.95481872558594,347.79998779296875,214.75,45.17268371582031,951.1743774414062,249.90077209472656,148.07933044433594,115.80646514892578,188.8374786376953,369.1644287109375,165.06271362304688,286.6768493652344,67.85929107666016,558.313232421875,748.8933715820312,522.2723388671875,115.86000061035156,173.70053100585938,136.5946807861328,148.5491180419922,302.6300048828125,234.70132446289062,338.0842590332031,98.06060791015625,107.68727111816406
2025-08-04,202.9227752685547,338.8500061035156,211.64999389648438,45.36065673828125,954.0203247070312,251.47547912597656,147.72723388671875,118.54791259765625,194.7383270263672,376.23828125,168.72242736816406,291.5213317871094,67.95783233642578,568.2052612304688,775.214111328125,533.7619018554688,117.0989990234375,179.97982788085938,136.86929321289062,148.65757751464844,309.260009765625,237.86988830566406,340.8738098144531,99.15580749511719,105.45770263671875
2025-08-05,202.49366760253906,338.739990234375,213.75,45.073753356933594,942.296875,246.66163635253906,149.68336486816406,117.52484130859375,194.36891174316406,380.7730407714844,168.426513671875,288.658203125,68.0465316772461,564.4458618164062,762.3233032226562,525.8995361328125,114.78700256347656,178.24002075195312,136.76141357421875,148.41107177734375,308.7200012207031,247.7605743408203,336.17144775390625,98.87703704833984,105.33001708984375
2025-08-06,212.80197143554688,345.6199951171875,222.30999755859375,44.935245513916016,967.191650390625,248.3360137939453,149.4290771484375,114.39600372314453,195.7866973876953,382.14630126953125,168.27853393554688,288.638427734375,68.49983978271484,567.5271606445312,770.8406372070312,523.0994262695312,117.8479995727539,179.39988708496094,138.08538818359375,150.7283172607422,319.9100036621094,242.6079559326172,338.4728088378906,102.90937805175781,104.6130142211914
2025-08-07,219.56771850585938,338.2699890136719,223.1300048828125,44.44057846069336,976.069091796875,240.07376098632812,149.8007354736328,112.12139892578125,196.21604919433594,381.5238952636719,169.20579528808594,284.26947021484375,69.40647888183594,559.639404296875,760.6957397460938,519.0138549804688,118.03700256347656,180.74974060058594,141.14523315429688,151.3495330810547,322.2699890136719,241.51226806640625,330.8513488769531,102.67042541503906,104.06298828125
2025-08-08,228.86814880371094,341.04998779296875,222.69000244140625,45.51894760131836,979.5941162109375,239.7050018310547,151.6101531982422,111.67442321777344,201.10845947265625,383.1837158203125,170.98141479492188,286.072509765625,69.3177719116211,572.7025146484375,768.1546630859375,520.2095947265625,121.16400146484375,182.6795196533203,142.41036987304688,151.36924743652344,329.6499938964844,247.65200805664062,335.52386474609375,103.27777099609375,104.89785766601562
2025-08-11,226.95997619628906,333.6499938964844,221.3000030517578,45.66735076904297,987.3431396484375,231.90121459960938,150.08438110351562,111.79361724853516,200.68911743164062,382.8675537109375,171.46478271484375,286.86505126953125,69.72181701660156,571.974609375,764.729736328125,519.9405517578125,121.83100128173828,182.0395965576172,142.076904296875,152.81874084472656,339.0299987792969,249.11288452148438,334.64715576171875,103.47689819335938,103.94512939453125
2025-08-12,229.42758178710938,338.42999267578125,221.47000122070312,46.99304962158203,989.849609375,230.88462829589844,151.05267333984375,112.95575714111328,203.02549743652344,391.2356262207031,170.43885803222656,290.12445068359375,69.68240356445312,572.5629272460938,788.8237915039062,527.3843383789062,122.52799987792969,183.1394805908203,144.03834533691406,152.92721557617188,340.8399963378906,258.1941833496094,336.0743103027344,103.16824340820312,104.23977661132812
2025-08-13,233.10403442382812,351.07000732421875,224.55999755859375,46.73582458496094,977.4671020507812,236.2366485595703,152.4512939453125,115.85613250732422,201.64764404296875,402.2810974121094,172.056640625,287.8260498046875,69.43603515625,576.2724609375,778.9186401367188,518.7547607421875,120.44400024414062,181.56964111328125,146.47055053710938,153.2427520751953,339.3800048828125,268.302001953125,341.8728332519531,100.5497055053711,105.68359375
2025-08-14,232.5545654296875,348.5799865722656,230.97999572753906,47.2008056640625,974.0120239257812,232.58889770507812,151.7568817138672,115.5283432006836,202.62611389160156,395.5036315917969,172.3525848388672,291.4222412109375,68.53926849365234,582.115966796875,780.9655151367188,520.6480102539062,123.05599975585938,181.99960327148438,145.75460815429688,151.59603881835938,335.5799865722656,267.98614501953125,344.8070068359375,100.41031646728516,105.46751403808594
2025-08-15,231.36570739746094,354.8500061035156,231.02999877929688,46.439022064208984,970.666748046875,241.62855529785156,153.11639404296875,114.61453247070312,203.58462524414062,394.574951171875,174.24656677246094,287.7864074707031,68.90387725830078,580.061767578125,784.0609130859375,518.3461303710938,123.8949966430664,180.42977905273438,147.50030517578125,152.2073974609375,330.55999755859375,300.08642578125,343.7890319824219,99.79656982421875,105.566650390625
2025-08-18,230.66639709472656,357.239990234375,231.49000549316406,47.40856170654297,977.9663696289062,243.15341186523438,151.9133758544922,115.76673889160156,203.1852569580078,389.9512634277344,173.86184692382812,288.8167419433594,68.1253662109375,582.4949340820312,766.2274780273438,515.286865234375,124.50900268554688,181.98959350585938,146.66668701171875,153.54843139648438,335.1600036621094,304.50860595703125,342.06243896484375,100.4951400756836,105.79466247558594
2025-08-19,230.3367156982422,361.0299987792969,228.00999450683594,47.56686019897461,979.4642944335938,245.17662048339844,150.32115173339844,115.48860931396484,201.25823974609375,402.3009033203125,175.39085388183594,287.954833984375,69.11083221435547,583.8610229492188,750.3611450195312,507.98260498046875,121.41500091552734,175.6203155517578,149.2263641357422,156.1910400390625,329.30999755859375,300.3134460449219,341.7730407714844,101.08394622802734,106.48858642578125
2025-08-20,225.79110717773438,353.42999267578125,223.80999755859375,47.8339729309082,993.1649169921875,245.6251220703125,151.5276641845703,116.2534408569336,199.01171875,396.90655517578125,176.41676330566406,289.5201416015625,69.67254638671875,591.0108032226562,746.6067504882812,503.9468078613281,121.38600158691406,175.38034057617188,147.8239288330078,157.2855682373047,323.8999938964844,295.9702453613281,343.2500915527344,102.36134338378906,107.5889663696289
2025-08-21,224.68218994140625,353.42999267578125,221.9499969482422,47.74493408203125,968.31005859375,245.0072021484375,153.83193969726562,115.42901611328125,199.4410400390625,392.9151916503906,176.5055389404297,288.7572937011719,69.63313293457031,590.2529907226562,737.9995727539062,503.2980041503906,120.62100219726562,174.96038818359375,146.107666015625,156.51644897460938,320.1099853515625,299.4349670410156,343.0105895996094,97.7607192993164,108.28289794921875
2025-08-22,227.53941345214844,362.0899963378906,228.83999633789062,48.95191192626953,957.185791015625,247.45895385742188,156.43287658691406,118.06121063232422,205.771240234375,407.8236083984375,176.86065673828125,293.4828796386719,69.11083221435547,597.273193359375,753.6661987304688,506.2824401855469,120.46499633789062,177.97006225585938,146.75494384765625,156.457275390625,340.010009765625,303.45245361328125,349.3480224609375,96.63301849365234,110.31511688232422
2025-08-25,226.94000244140625,363.2099914550781,227.94000244140625,48.95191192626953,940.2498168945312,247.0403594970703,156.45266723632812,116.91893768310547,208.1675262451172,403.98040771484375,175.99258422851562,292.1553649902344,67.92827606201172,591.5393676757812,752.1784057617188,503.3179931640625,121.80699920654297,179.78985595703125,145.34271240234375,153.972412109375,346.6000061035156,300.92547607421875,348.13043212890625,95.87456512451172,110.77112579345703
2025-08-26,229.08792114257812,354.9100036621094,228.7100067138672,49.71369934082031,940.0101318359375,242.92420959472656,155.6219482421875,116.85934448242188,206.81961059570312,402.6368103027344,175.3765106201172,295.7912292480469,67.73118591308594,589.9437866210938,752.9772338867188,501.1021423339844,122.60900115966797,181.7496337890625,144.1658477783203,153.79493713378906,351.6700134277344,296.5526428222656,350.4857482910156,95.85460662841797,110.5232925415039
2025-08-27,230.26678466796875,356.3500061035156,229.1199951171875,49.84231185913086,948.1785888671875,249.3227081298828,157.48118591308594,117.29637908935547,207.15908813476562,403.3283386230469,175.67459106445312,296.4945983886719,67.82972717285156,588.9965209960938,746.2672729492188,505.7933349609375,122.3499984741211,181.57965087890625,144.79351806640625,154.77114868164062,349.6000061035156,299.9581298828125,349.65740966796875,95.8845443725586,111.77237701416016
2025-08-28,232.33477783203125,353.9599914550781,231.60000610351562,49.951133728027344,943.625,253.67807006835938,157.560302734375,116.84941101074219,211.31265258789062,402.5478820800781,174.3430633544922,298.2679748535156,67.36656188964844,588.8170166015625,749.99169921875,508.68792724609375,123.1449966430664,180.14981079101562,144.146240234375,153.47940063476562,345.9800109863281,298.38861083984375,349.1683654785156,95.91448211669922,112.36717224121094
2025-08-29,231.91517639160156,356.70001220703125,229.0,50.19847106933594,941.9873046875,255.392333984375,158.82615661621094,117.58443450927734,212.5806884765625,401.87603759765625,176.0522003173828,298.61468505859375,67.98739624023438,593.6134643554688,737.6002197265625,505.7434387207031,120.82499694824219,174.1604766845703,145.78402709960938,154.85000610351562,333.8699951171875,305.87078857421875,351.0845947265625,96.78271484375,113.29901885986328
2025-09-02,229.49752807617188,345.6300048828125,225.33999633789062,49.88187789916992,937.4937133789062,252.013671875,160.04257202148438,117.47517395019531,211.0231170654297,401.42156982421875,176.93658447265625,296.91070556640625,68.05638122558594,590.203125,734.0155029296875,504.1763610839844,121.41100311279297,170.7608642578125,147.3826141357422,155.78677368164062,329.3599853515625,304.8146057128906,349.3779602050781,97.65093994140625,113.695556640625
2025-09-03,238.2390594482422,348.5,225.99000549316406,49.525726318359375,948.438232421875,255.59165954589844,156.314208984375,116.59115600585938,230.30323791503906,402.8047180175781,176.87696838378906,296.72247314453125,67.98739624023438,591.609130859375,735.95263671875,504.40594482421875,122.61799621582031,170.60089111328125,145.77423095703125,155.96426391601562,334.0899963378906,303.906494140625,350.1763916015625,99.23770904541016,110.93965911865234
2025-09-04,239.5477752685547,344.30999755859375,235.67999267578125,50.07974624633789,954.549560546875,243.1932830810547,155.94830322265625,118.01154327392578,231.94070434570312,409.0444030761719,177.63217163085938,300.99237060546875,67.2581558227539,593.9625244140625,747.535400390625,507.02105712890625,125.74800109863281,171.64077758789062,144.05796813964844,156.9700469970703,338.5299987792969,306.3742370605469,350.296142578125,100.72467803955078,111.42540740966797
2025-09-05,239.45787048339844,348.9700012207031,232.3300018310547,49.5126953125,962.1188354492188,249.92068481445312,151.9628143310547,117.11759948730469,234.63653564453125,416.25775146484375,177.3042449951172,291.64019775390625,66.97237396240234,582.5746459960938,751.3297119140625,494.0752868652344,124.38200378417969,167.0012969970703,144.97203063964844,157.78846740722656,350.8399963378906,311.319580078125,342.54150390625,100.30553436279297,108.28289794921875
2025-09-08,237.64962768554688,358.6600036621094,235.83999633789062,49.20429611206055,970.4769897460938,251.42564392089844,152.29905700683594,118.04134368896484,233.8870086669922,417.2413635253906,177.0061492919922,290.1838684082031,66.45006561279297,584.9479370117188,751.1798706054688,497.2693176269531,124.47599792480469,168.2911376953125,140.33737182617188,156.79254150390625,346.3999938964844,316.1168518066406,341.6233215332031,102.07192993164062,108.89751434326172
2025-09-09,234.123046875,354.05999755859375,238.24000549316406,50.030006408691406,977.8665771484375,251.21633911132812,153.13967895507812,116.58123016357422,239.47335815429688,412.6709289550781,175.84353637695312,295.0779113769531,66.87381744384766,582.3552856445312,764.5599975585938,497.4789123535156,126.32499694824219,170.74085998535156,141.7139129638672,157.2362823486328,346.9700012207031,343.42974853515625,343.3099670410156,102.0819091796875,109.69058227539062
2025-09-10,226.5703582763672,350.1600036621094,230.3300018310547,49.87083435058594,954.93896484375,241.75811767578125,156.04718017578125,115.0118408203125,239.01365661621094,410.5744934082031,174.680908203125,297.7428894042969,66.83440399169922,577.748291015625,750.8604125976562,499.43524169921875,124.77100372314453,177.3101348876953,141.27816772460938,155.15570068359375,347.7900085449219,342.304443359375,337.4515686035156,100.20574188232422,111.52454376220703
2025-09-11,229.80722045898438,350.54998779296875,229.9499969482422,50.48762893676758,962.9576416015625,245.4556884765625,156.50210571289062,116.29317474365234,240.21287536621094,420.69903564453125,177.37380981445312,302.7161560058594,66.63731384277344,587.0719604492188,749.7820434570312,500.0740661621094,120.3499984741211,177.16014099121094,142.83294677734375,156.41786193847656,368.80999755859375,349.0462951660156,342.81097412109375,102.44117736816406,111.16766357421875
2025-09-12,233.84332275390625,349.3599853515625,228.14999389648438,50.31850814819336,966.5326538085938,241.9474639892578,155.3747100830078,115.18070220947266,240.64259338378906,419.97369384765625,176.93658447265625,304.0535888671875,66.03617095947266,578.7753295898438,754.4650268554688,508.94744873046875,118.84400177001953,177.8101043701172,142.13973999023438,155.69802856445312,395.94000244140625,347.96051025390625,338.7590026855469,103.27946472167969,111.18749237060547
2025-09-15,236.47076416015625,347.1000061035156,231.42999267578125,50.32845687866211,958.7435913085938,241.70828247070312,155.57249450683594,114.84298706054688,251.44552612304688,419.9935607910156,176.28074645996094,306.0250549316406,65.74819946289062,581.3182373046875,763.5614624023438,514.397216796875,120.22599792480469,177.74009704589844,139.27772521972656,154.6429443359375,410.0400085449219,345.56658935546875,338.3797302246094,103.47906494140625,111.37583923339844
2025-09-16,237.9193572998047,352.7300109863281,234.0500030517578,50.398094177246094,950.7249755859375,238.50901794433594,157.77786254882812,114.45561218261719,250.99581909179688,418.7416687011719,175.34669494628906,306.3123779296875,65.77798461914062,584.7684326171875,777.8401489257812,508.08905029296875,120.0510025024414,174.87026977539062,138.6736297607422,155.845947265625,421.6199951171875,337.5107421875,339.3578186035156,103.20960998535156,113.68563842773438
2025-09-17,238.75856018066406,362.07000732421875,231.6199951171875,51.13426971435547,961.6694946289062,241.81967163085938,158.32179260253906,115.31975555419922,249.36688232421875,414.3202819824219,176.08201599121094,308.8485412597656,66.5724105834961,596.944091796875,774.5650634765625,509.06719970703125,122.8499984741211,170.280517578125,139.8620147705078,158.09414672851562,425.8599853515625,339.3285217285156,345.515625,104.05787658691406,114.29035186767578
2025-09-18,237.64962768554688,367.4599914550781,231.22999572753906,51.860496520996094,951.0145263671875,243.88633728027344,157.08558654785156,114.08808898925781,251.86524963378906,414.79718017578125,173.0612030029297,310.3147888183594,65.99645233154297,584.3994750976562,779.0883178710938,507.5001525878906,120.77799987792969,176.23019409179688,139.36685180664062,155.12612915039062,416.8500061035156,332.5838928222656,337.511474609375,103.38924407958984,112.942138671875
2025-09-19,245.26223754882812,365.8999938964844,231.47999572753906,51.97987365722656,949.8162231445312,246.69180297851562,154.48464965820312,112.9954833984375,254.55349731445312,413.0186767578125,175.07839965820312,311.850341796875,65.96665954589844,582.5147705078125,777.2210693359375,516.96240234375,122.6969985961914,176.66015625,140.38687133789062,153.86395263671875,426.07000732421875,334.4413757324219,340.9346618652344,102.12183380126953,111.84176635742188
2025-09-22,255.8319854736328,364.0799865722656,227.6300048828125,51.65157699584961,941.9274291992188,249.28761291503906,154.326416015625,111.80354309082031,252.36492919921875,409.3523864746094,173.1108856201172,309.5321350097656,65.74819946289062,582.8438720703125,764.5364379882812,513.4889526367188,122.73699951171875,183.5997772216797,139.66395568847656,150.93539428710938,434.2099914550781,339.0205993652344,343.6792297363281,102.61083221435547,111.04869842529297
2025-09-23,254.18359375,361.7799987792969,220.7100067138672,51.43272018432617,942.2669067382812,244.16587829589844,155.6812744140625,111.49563598632812,251.49549865722656,408.2694091796875,175.46592712402344,309.8293151855469,66.24471282958984,568.36474609375,754.784423828125,508.2787170410156,121.84700012207031,178.42005920410156,140.5255126953125,150.37332153320312,425.8500061035156,345.367919921875,338.03045654296875,102.31143951416016,112.96196746826172
2025-09-24,252.06564331054688,353.2699890136719,220.2100067138672,51.43272018432617,943.9345703125,245.49374389648438,157.4218292236328,112.6677017211914,246.97845458984375,407.13671875,175.5752410888672,310.5030212402344,65.98651885986328,567.2080078125,760.0401000976562,509.19696044921875,120.3949966430664,176.96014404296875,140.79290771484375,150.29444885253906,442.7900085449219,349.4604187011719,338.0104675292969,102.5210189819336,113.5666732788086
2025-09-25,256.6212158203125,354.1600036621094,218.14999389648438,51.581939697265625,941.9773559570312,240.5616912841797,158.94483947753906,112.23065948486328,245.6293182373047,404.8316650390625,176.60867309570312,310.5327453613281,65.51980590820312,565.7023315429688,748.2996826171875,506.0827941894531,120.8239974975586,177.68011474609375,138.564697265625,150.02821350097656,423.3900146484375,343.25213623046875,334.26788330078125,102.84037017822266,114.5877456665039
2025-09-26,255.2126007080078,360.3699951171875,219.77999877929688,51.94007873535156,914.656005859375,243.03770446777344,158.39102172851562,112.70743560791016,246.3788299560547,407.4546813964844,178.57618713378906,313.1184387207031,65.21195983886719,563.5384521484375,743.1439208984375,510.5045166015625,121.06099700927734,178.18008422851562,139.0796661376953,150.37332153320312,440.3999938964844,341.7820129394531,336.70306396484375,102.95014190673828,116.20361328125
2025-09-29,254.18359375,359.4200134277344,222.1699981689453,52.14899444580078,915.57470703125,244.70501708984375,154.37586975097656,114.00862884521484,243.89047241210938,404.185791015625,180.47412109375,312.75189208984375,65.57938385009766,566.5399780273438,742.794189453125,513.6386108398438,120.64099884033203,181.8398895263672,138.81228637695312,151.38897705078125,443.2099914550781,342.87469482421875,339.487548828125,102.87030792236328,113.22962951660156
2025-09-30,254.38340759277344,352.75,219.57000732421875,51.32328796386719,924.3223266601562,236.61807250976562,153.57479858398438,113.73051452636719,242.94110107421875,402.5861511230469,184.25015258789062,312.4942932128906,65.85742950439453,567.2080078125,733.7815551757812,516.982421875,119.89199829101562,186.56961059570312,139.0796661376953,151.5072784423828,444.7200012207031,342.9938659667969,340.70513916015625,102.850341796875,111.77237701416016
2025-10-01,255.20260620117188,343.7200012207031,220.6300048828125,50.417991638183594,916.0440673828125,235.3101806640625,152.87265014648438,112.19092559814453,244.7399139404297,394.4686584472656,184.87619018554688,307.8182067871094,66.31422424316406,572.1541137695312,716.7554321289062,518.7391357421875,117.08999633789062,187.22958374023438,141.75350952148438,151.04383850097656,459.4599914550781,345.9738464355469,347.1423645019531,101.75257873535156,111.01895904541016
2025-10-02,256.8809814453125,351.4800109863281,222.41000366210938,50.219024658203125,915.474853515625,238.4950408935547,151.67601013183594,111.38636779785156,245.52940368652344,392.4715881347656,184.80662536621094,304.6876220703125,65.63896179199219,575.7040405273438,726.45751953125,514.7765502929688,116.25299835205078,188.87948608398438,140.93154907226562,149.9296112060547,436.0,351.357666015625,345.26611328125,101.49311065673828,110.32503509521484
2025-10-03,257.7701110839844,346.739990234375,219.50999450683594,50.378196716308594,914.0867919921875,239.97265625,151.85403442382812,111.71415710449219,245.1896209716797,392.5212707519531,187.44984436035156,307.14453125,66.18512725830078,578.8152465820312,709.98095703125,516.3834838867188,115.33200073242188,187.6095428466797,140.60475158691406,150.14654541015625,429.8299865722656,357.79437255859375,349.1484069824219,101.86235809326172,112.2779541015625
2025-10-06,256.44140625,350.1400146484375,220.89999389648438,50.12948989868164,909.653076171875,245.3839111328125,152.31883239746094,111.99227142333984,250.26629638671875,386.82806396484375,186.97286987304688,307.7916259765625,65.63896179199219,577.179931640625,715.0767822265625,527.5825805664062,116.33100128173828,185.5296630859375,138.34683227539062,148.31248474121094,453.25,356.3739013671875,348.58953857421875,102.49107360839844,113.20980072021484
2025-10-07,256.23162841796875,348.30999755859375,221.77999877929688,50.030006408691406,913.5076293945312,239.35365295410156,153.19900512695312,111.77375030517578,245.59934997558594,384.32427978515625,187.69825744628906,306.3083190917969,66.32415008544922,578.2069702148438,712.4989013671875,523.0010986328125,119.10600280761719,185.02969360351562,139.42626953125,150.4127655029297,433.0899963378906,361.23126220703125,351.72332763671875,103.02997589111328,113.26927947998047
2025-10-08,257.8100891113281,348.7699890136719,225.22000122070312,49.582332611083984,913.5076293945312,240.0425262451172,152.04193115234375,111.13805389404297,244.46009826660156,381.3236999511719,188.49322509765625,302.6647644042969,65.65882873535156,574.8165893554688,717.2550659179688,523.8695068359375,121.42500305175781,189.09947204589844,137.4951629638672,148.5885772705078,438.69000244140625,367.449462890625,350.6654052734375,102.690673828125,113.03135681152344
2025-10-09,253.79396057128906,347.4700012207031,227.74000549316406,49.5325927734375,941.5579223632812,244.9346466064453,149.96511840820312,110.24409484863281,241.3721160888672,375.26287841796875,189.87445068359375,304.15802001953125,65.9070816040039,563.7032470703125,732.9122314453125,521.4241333007812,123.10700225830078,192.5592803955078,143.30831909179688,148.4801025390625,435.5400085449219,365.2343444824219,346.3539733886719,101.5629653930664,111.93099212646484
2025-10-10,245.032470703125,337.510009765625,216.3699951171875,48.39848709106445,928.6961669921875,241.29051208496094,147.25538635253906,108.4561996459961,236.4153594970703,373.3353576660156,189.5167236328125,299.53887939453125,66.5724105834961,556.6438598632812,704.7252197265625,510.0054626464844,122.00800323486328,183.14981079101562,148.6262969970703,147.60250854492188,413.489990234375,352.1324462890625,342.97064208984375,101.63282012939453,109.76988983154297
2025-10-13,247.42015075683594,339.32000732421875,220.07000732421875,48.607398986816406,934.23828125,248.34913635253906,150.26181030273438,109.52893829345703,243.9904022216797,376.93206787109375,189.69557189941406,306.5870666503906,66.3340835571289,558.4012451171875,715.1167602539062,513.0896606445312,121.90299987792969,188.3095245361328,147.44781494140625,145.43319702148438,435.8999938964844,356.2646484375,342.621337890625,101.91226196289062,111.26679229736328
2025-10-14,247.53004455566406,335.94000244140625,216.38999938964844,49.8310432434082,945.1728515625,239.38360595703125,150.7068328857422,110.42288970947266,245.28955078125,385.2284240722656,189.64590454101562,300.7235107421875,67.03913116455078,567.0681762695312,708.072509765625,512.610595703125,121.53500366210938,180.0199737548828,150.0721435546875,147.0799102783203,429.239990234375,357.52618408203125,347.6913146972656,106.99189758300781,111.31636047363281
2025-10-15,249.09852600097656,330.6300048828125,215.57000732421875,52.00971984863281,953.6408081054688,236.19874572753906,150.429931640625,110.95925903320312,250.86590576171875,385.8046875,189.96388244628906,304.3172912597656,66.61212921142578,561.9658813476562,716.9652709960938,512.4708251953125,120.3290023803711,179.8199920654297,149.69583129882812,145.36416625976562,435.1499938964844,358.738037109375,345.0066223144531,108.80819702148438,110.64225769042969
2025-10-16,247.21035766601562,329.2300109863281,214.47000122070312,50.179229736328125,924.3123168945312,245.6035614013672,150.0343475341797,109.14155578613281,251.29562377929688,384.90057373046875,190.9078826904297,297.19940185546875,67.11856842041016,549.0552978515625,711.48974609375,510.65423583984375,118.35900115966797,181.7998809814453,151.1912078857422,147.51377868652344,428.75,354.2879638671875,334.7369689941406,106.25341033935547,109.68067169189453
2025-10-17,252.045654296875,333.260009765625,213.0399932861328,51.014888763427734,935.0072021484375,242.6882781982422,151.38922119140625,109.9262466430664,253.13442993164062,389.3815612792969,192.00094604492188,296.22381591796875,67.962646484375,560.1286010742188,716.3357543945312,512.62060546875,119.93599700927734,183.20980834960938,152.22113037109375,149.28866577148438,439.30999755859375,354.2184143066406,341.2141418457031,107.51084899902344,111.26679229736328
2025-10-20,261.98602294921875,343.3999938964844,216.47999572753906,51.77096176147461,934.7874755859375,253.87022399902344,152.77374267578125,111.20758056640625,256.3822937011719,386.39093017578125,192.49778747558594,301.0022277832031,67.962646484375,565.5105590820312,731.5733032226562,515.8245239257812,123.85600280761719,182.6298370361328,152.1518096923828,149.8408660888672,447.42999267578125,362.0458068847656,343.7291564941406,106.83222961425781,111.7228012084961
2025-10-21,262.5155029296875,357.54998779296875,222.02999877929688,51.2536506652832,936.175537109375,262.9855041503906,152.09136962890625,113.5318603515625,250.29627990722656,388.38800048828125,190.66940307617188,295.75592041015625,70.72325134277344,571.1720581054688,732.6724853515625,516.6929321289062,124.13500213623047,181.14991760253906,151.69625854492188,149.50559997558594,442.6000061035156,362.9298400878906,346.52362060546875,106.00391387939453,111.73271942138672
2025-10-22,258.19970703125,354.0899963378906,217.9499969482422,50.835819244384766,943.3453979492188,256.2264404296875,153.85171508789062,112.32005310058594,251.52548217773438,386.47039794921875,191.72271728515625,292.7892761230469,70.31610870361328,570.5030517578125,732.8123168945312,519.5675659179688,111.63700103759766,180.26995849609375,151.54771423339844,150.0775146484375,438.9700012207031,359.07574462890625,344.67724609375,106.92204284667969,113.71537780761719
2025-10-23,259.3285827636719,354.1199951171875,221.08999633789062,51.49240493774414,940.7191162109375,254.63897705078125,154.83078002929688,112.2703857421875,252.91456604003906,382.55572509765625,191.25567626953125,293.2173767089844,69.45218658447266,572.9094848632812,733.40185546875,519.5875244140625,111.35900115966797,182.1498565673828,150.0424346923828,150.08737182617188,448.9800109863281,358.042724609375,345.2760925292969,106.64261627197266,114.97437286376953
2025-10-24,262.56549072265625,353.5199890136719,224.2100067138672,52.298221588134766,930.8231201171875,254.41934204101562,153.84182739257812,110.9294662475586,259.7501220703125,384.1950988769531,189.19873046875,299.09088134765625,69.22378540039062,572.8095703125,737.75830078125,522.6318359375,109.46900177001953,186.24961853027344,150.08206176757812,151.41494750976562,433.7200012207031,360.0790100097656,346.69329833984375,105.95401763916016,114.38948059082031
2025-10-27,268.5496520996094,357.79998779296875,226.97000122070312,52.74589538574219,928.5363159179688,255.0583038330078,153.56491088867188,111.58502197265625,269.0939636230469,382.7941589355469,189.099365234375,302.7842102050781,69.57134246826172,571.5015258789062,750.2081298828125,530.527099609375,109.45600128173828,191.47933959960938,151.15159606933594,150.6702423095703,452.4200134277344,363.5357971191406,347.1324157714844,104.25747680664062,114.9347152709961
2025-10-28,268.7394714355469,359.9100036621094,229.25,52.5966682434082,922.8543701171875,253.85025024414062,152.42762756347656,110.89966583251953,267.295166015625,383.2710876464844,185.75062561035156,303.98876953125,69.670654296875,565.0811767578125,750.82763671875,541.057373046875,110.25,201.01881408691406,148.6658935546875,150.30284118652344,460.54998779296875,365.38336181640625,346.2142333984375,102.96012115478516,114.03260040283203
2025-10-29,269.4388122558594,337.8599853515625,230.3000030517578,52.308170318603516,911.1309814453125,251.0547637939453,153.3869171142578,109.49913787841797,274.3905334472656,375.61065673828125,185.42271423339844,304.13812255859375,67.8732681274414,553.7482299804688,751.0574340820312,540.538330078125,110.04100036621094,207.02847290039062,144.7442626953125,147.72117614746094,461.510009765625,352.88739013671875,340.6053466796875,102.2515640258789,115.4402847290039
2025-10-30,271.13714599609375,339.239990234375,222.86000061035156,52.75584030151367,918.8800048828125,256.23638916015625,151.82435607910156,111.08838653564453,281.2960205078125,377.1109313964844,187.8572540283203,308.05047607421875,68.4988784790039,552.8495483398438,665.9268798828125,524.77783203125,108.9000015258789,202.8787078857422,146.1208038330078,148.5254669189453,440.1000061035156,342.44757080078125,344.3479309082031,102.02203369140625,113.695556640625
2025-10-31,270.108154296875,340.30999755859375,244.22000122070312,53.17367172241211,911.4500122070312,259.9903564453125,155.97796630859375,111.86315155029297,281.0061950683594,377.1506652832031,187.6783905029297,309.722900390625,68.41943359375,551.162109375,647.8216552734375,516.8426513671875,111.88600158691406,202.47872924804688,144.67494201660156,149.3098907470703,456.55999755859375,339.27886962890625,340.06640625,100.97416687011719,113.36841583251953
2025-11-03,268.7894287109375,337.4700012207031,254.0,53.283103942871094,928.0399780273438,260.9188537597656,152.33860778808594,111.36650848388672,283.5345458984375,375.91864013671875,185.08485412597656,307.96087646484375,67.49592590332031,543.2539672851562,637.1903686523438,516.0641479492188,110.00900268554688,206.8684844970703,142.2090606689453,146.97647094726562,468.3699951171875,331.5607604980469,336.2340087890625,101.38333129882812,112.77362060546875
2025-11-04,269.7784729003906,335.3500061035156,249.32000732421875,53.263206481933594,940.739990234375,254.02996826171875,151.69578552246094,110.72087860107422,277.35858154296875,380.61822509765625,185.6810760498047,307.861328125,68.18111419677734,551.9209594726562,626.8087768554688,513.3692016601562,109.2959976196289,198.67893981933594,141.51583862304688,146.1324462890625,444.260009765625,328.6205139160156,339.62725830078125,102.06195068359375,113.15032196044922
2025-11-05,269.8783874511719,335.5299987792969,250.1999969482422,52.17884063720703,935.030029296875,252.27279663085938,150.97386169433594,110.61161041259766,284.1241455078125,371.4376220703125,184.8264923095703,310.2803955078125,68.03215789794922,552.4801025390625,635.4317626953125,506.2125549316406,109.84600067138672,195.1991424560547,141.47622680664062,144.76217651367188,462.07000732421875,325.5511474609375,339.3677978515625,101.26358032226562,112.6943130493164
2025-11-06,269.50872802734375,327.3500061035156,243.0399932861328,53.01449966430664,923.5800170898438,238.88441467285156,151.25076293945312,109.7474594116211,284.5638732910156,366.6982727050781,185.79037475585938,312.0126037597656,68.57831573486328,552.4501953125,618.4356079101562,496.1713562011719,109.7020034790039,188.0695343017578,140.2086181640625,145.09979248046875,445.9100036621094,319.4124450683594,336.29388427734375,101.47315216064453,113.5072021484375
2025-11-07,268.2099914550781,326.95001220703125,244.41000366210938,52.924964904785156,922.739990234375,239.49342346191406,153.30780029296875,109.99578094482422,278.647705078125,368.72515869140625,185.39291381835938,312.7990417480469,70.05792999267578,551.14208984375,621.203369140625,495.8918762207031,110.36599731445312,188.1395263671875,141.5653533935547,145.94378662109375,429.5199890136719,322.04473876953125,335.3557434082031,102.38129425048828,116.20361328125
2025-11-10,269.42999267578125,328.8500061035156,248.39999389648438,53.14382553100586,915.5599975585938,241.3204803466797,153.9308319091797,111.4856948852539,289.9103698730469,368.0495300292969,187.22129821777344,315.4670104980469,70.02812957763672,552.1306762695312,631.2451782226562,505.0547180175781,112.00700378417969,199.03892517089844,141.23854064941406,144.47422790527344,445.2300109863281,319.4322814941406,334.18804931640625,102.2116470336914,117.1949462890625
2025-11-11,275.25,333.2200012207031,249.10000610351562,53.35274124145508,913.8599853515625,244.10598754882812,154.51431274414062,114.07815551757812,291.11956787109375,371.8350524902344,192.6071014404297,314.20269775390625,71.11053466796875,557.5125732421875,626.5690307617188,507.7297058105469,113.64399719238281,193.1492462158203,143.6747283935547,147.49278259277344,439.6199951171875,325.26312255859375,338.2500305175781,103.22957611083984,118.74141693115234
2025-11-12,273.4700012207031,337.04998779296875,244.1999969482422,53.830257415771484,914.0,245.62353515625,151.62657165527344,115.8660659790039,286.5225830078125,368.74505615234375,193.16355895996094,318.97119140625,71.01123046875,560.3882446289062,608.5137329101562,510.1851501464844,115.75,193.78921508789062,142.9914093017578,146.96652221679688,430.6000061035156,336.7955627441406,338.8800048828125,103.22957611083984,117.09581756591797
2025-11-13,272.95001220703125,333.6000061035156,237.5800018310547,52.5966682434082,925.0800170898438,240.0425262451172,153.86160278320312,106.8868179321289,278.3879089355469,365.7047119140625,194.0181427001953,308.0903015136719,70.57430267333984,554.7367553710938,609.3930053710938,502.34979248046875,115.4229965209961,186.84959411621094,143.6153106689453,146.91688537597656,401.989990234375,330.2992248535156,336.0799865722656,102.33140563964844,117.76000213623047
2025-11-14,272.4100036621094,331.1099853515625,234.69000244140625,52.3380126953125,922.97998046875,243.267333984375,155.8790740966797,105.08898162841797,276.22930908203125,360.0313720703125,194.69384765625,302.2466125488281,70.6636734008789,544.9114990234375,608.96337890625,509.2268981933594,111.21700286865234,190.15940856933594,144.43727111816406,146.62892150878906,404.3500061035156,319.7104187011719,330.0199890136719,102.27153015136719,119.29000091552734
2025-11-17,267.4599914550781,325.07000732421875,232.8699951171875,51.2138557434082,912.5900268554688,236.64801025390625,153.11000061035156,104.97972106933594,284.83367919921875,355.7292175292969,198.32081604003906,299.02117919921875,70.18701934814453,536.0447998046875,601.5194091796875,506.54193115234375,110.29000091552734,186.58961486816406,146.39808654785156,144.79197692871094,408.9200134277344,318.3793640136719,325.75,102.74056243896484,117.68000030517578
2025-11-18,267.44000244140625,324.4700012207031,222.5500030517578,51.37302780151367,895.0800170898438,233.1237030029297,153.6199951171875,105.56575012207031,284.09417724609375,334.3177185058594,198.73817443847656,298.06549072265625,70.72325134277344,526.7887573242188,597.2029418945312,492.8675537109375,114.08999633789062,181.3498992919922,147.3289794921875,145.9537353515625,401.25,311.4857177734375,321.17999267578125,101.1837387084961,119.02999877929688
2025-11-19,268.55999755859375,318.1099853515625,222.69000244140625,51.75106430053711,890.5999755859375,227.5127716064453,151.6999969482422,103.96656799316406,292.61859130859375,332.3504333496094,201.23233032226562,301.90814208984375,70.61402130126953,529.5645141601562,589.8389282226562,486.2099914550781,110.0,186.50961303710938,145.68505859375,145.9537353515625,403.989990234375,307.0257263183594,324.1199951171875,100.40532684326172,117.3499984741211
2025-11-20,266.25,312.3999938964844,217.13999938964844,50.73633575439453,893.2899780273438,225.00680541992188,150.30999755859375,102.00981140136719,289.26080322265625,330.2440490722656,201.78880310058594,297.0401306152344,70.71332550048828,527.0882568359375,588.669921875,478.42999267578125,105.66999816894531,180.62994384765625,144.68484497070312,147.145263671875,395.2300109863281,309.4593505859375,323.7699890136719,106.89210510253906,117.0199966430664
2025-11-21,271.489990234375,324.19000244140625,220.69000244140625,51.29344177246094,899.010009765625,226.74400329589844,149.97999572753906,103.57919311523438,299.464111328125,341.11376953125,202.61355590820312,296.6817321777344,72.4411849975586,539.5895385742188,593.7657470703125,472.1199951171875,104.30999755859375,178.8700408935547,144.91261291503906,149.85601806640625,391.0899963378906,317.83306884765625,327.9800109863281,105.10574340820312,117.08000183105469
2025-11-24,275.9200134277344,318.7300109863281,226.27999877929688,51.661529541015625,886.1199951171875,226.45448303222656,149.75,101.25492095947266,318.3717346191406,334.41705322265625,204.75,296.6618347167969,72.08369445800781,537.0432739257812,612.5504150390625,474.0,106.97000122070312,182.5398406982422,144.0906524658203,145.94378662109375,417.7799987792969,316.919189453125,329.29998779296875,103.84830474853516,115.97000122070312
2025-11-25,276.9700012207031,319.54998779296875,229.6699981689453,52.208683013916016,894.3300170898438,233.74270629882812,148.52999877929688,102.61570739746094,323.22857666015625,348.81396484375,206.6699981689453,301.6393737792969,72.10356140136719,545.6503295898438,635.7014770507812,476.989990234375,104.4000015258789,177.8101043701172,144.6947479248047,147.4431610107422,419.3999938964844,324.1009216308594,334.5299987792969,106.7823257446289,114.51000213623047
2025-11-26,277.54998779296875,317.5199890136719,229.16000366210938,52.71604919433594,908.260009765625,227.78231811523438,149.50999450683594,102.73490905761719,319.7408752441406,353.1856689453125,207.55999755859375,306.258544921875,72.37167358398438,544.1126708984375,633.0936279296875,485.5,106.13999938964844,180.2499542236328,146.546630859375,147.204833984375,426.5799865722656,327.50799560546875,333.7900085449219,108.87805938720703,114.7699966430664
2025-11-28,278.8500061035156,320.1300048828125,233.22000122070312,53.37263870239258,913.5900268554688,230.16847229003906,151.1300048828125,103.7679214477539,319.970703125,354.6263732910156,206.9199981689453,311.6741027832031,72.61000061035156,549.704345703125,647.4219970703125,492.010009765625,107.58000183105469,176.99014282226562,147.2992706298828,147.115478515625,430.1700134277344,327.5675964355469,334.44000244140625,110.28519439697266,115.91999816894531
2025-12-01,283.1000061035156,322.8500061035156,233.8800048828125,52.96475601196289,911.9600219726562,232.4547882080078,152.5399932861328,106.05245971679688,314.6841735839844,355.0337219238281,205.33999633789062,307.5328063964844,71.94999694824219,543.1541137695312,640.3477172851562,486.739990234375,109.12999725341797,179.9099884033203,148.0618133544922,146.4005584716797,430.1400146484375,321.0514221191406,330.3900146484375,111.30311584472656,116.62999725341797
2025-12-02,286.19000244140625,322.80999755859375,234.4199981689453,52.91501235961914,922.030029296875,234.33177185058594,150.25,104.12550354003906,315.6035461425781,351.7549133300781,205.4199981689453,306.4974670410156,70.66999816894531,545.0911865234375,646.5726318359375,490.0,109.3499984741211,181.4499053955078,147.1705322265625,144.83169555664062,429.239990234375,322.3725280761719,329.6199951171875,112.18132781982422,115.37999725341797
2025-12-03,284.1499938964844,326.7799987792969,232.3800048828125,53.81036376953125,922.260009765625,238.33529663085938,151.58999633789062,105.02938079833984,319.42108154296875,355.6099853515625,205.3300018310547,310.7283935546875,70.80999755859375,552.8994750976562,639.0787353515625,477.7300109863281,103.95999908447266,179.5800018310547,146.6258544921875,145.6757049560547,446.739990234375,337.44122314453125,329.6099853515625,114.17726135253906,117.80000305175781
2025-12-04,280.70001220703125,328.7300109863281,229.11000061035156,53.880001068115234,895.8599853515625,247.06121826171875,152.25999450683594,104.76119995117188,317.4123840332031,351.1700134277344,202.47999572753906,314.6805725097656,70.44999694824219,541.4966430664062,660.990966796875,480.8399963378906,103.22000122070312,183.3800048828125,145.48699951171875,144.33522033691406,454.5299987792969,331.26275634765625,327.1000061035156,114.60637664794922,117.13999938964844
2025-12-05,278.7799987792969,346.260009765625,229.52999877929688,53.95000076293945,894.6799926757812,260.15008544921875,150.0,104.59234619140625,321.0599670410156,354.6099853515625,201.92999267578125,313.6253356933594,70.0,544.7018432617188,672.8712158203125,483.1600036621094,100.23999786376953,182.41000366210938,145.02000427246094,142.4386749267578,455.0,328.6999816894531,331.239990234375,114.8758316040039,116.54000091552734
2025-12-08,277.8900146484375,339.1199951171875,226.88999938964844,53.900001525878906,887.52001953125,259.11175537109375,148.7100067138672,106.90667724609375,313.7200012207031,349.9100036621094,201.6199951171875,313.7945556640625,70.25,539.6294555664062,666.256591796875,491.0199890136719,96.79000091552734,185.5500030517578,145.6300048828125,137.3647003173828,439.5799865722656,323.6199951171875,326.8399963378906,113.3289794921875,115.9800033569336
2025-12-09,277.17999267578125,344.32000732421875,227.9199981689453,53.540000915527344,888.4400024414062,260.5993347167969,148.49000549316406,106.30077362060547,317.0799865722656,345.2699890136719,199.9600067138672,299.16058349609375,70.08999633789062,536.7437744140625,656.4246826171875,492.0199890136719,96.70999908447266,184.97000122070312,144.63999938964844,138.64561462402344,445.1700134277344,323.6000061035156,326.5,114.825927734375,118.25
2025-12-10,278.7799987792969,343.1300048828125,231.77999877929688,54.08000183105469,874.4099731445312,263.77423095703125,151.41000366210938,108.09861755371094,320.2099914550781,351.1300048828125,206.5399932861328,308.7174377441406,70.20999908447266,538.0517578125,649.6002197265625,478.55999755859375,92.70999908447266,183.77999877929688,149.6999969482422,138.8342742919922,451.45001220703125,328.3699951171875,325.7300109863281,112.94976043701172,119.54000091552734
2025-12-11,278.0299987792969,350.42999267578125,230.27999877929688,54.560001373291016,884.47998046875,261.9272155761719,150.72000122070312,110.7109375,312.42999267578125,357.4599914550781,210.00999450683594,315.9548034667969,69.11000061035156,562.5250244140625,652.1781005859375,483.4700012207031,94.08999633789062,180.92999267578125,149.0399932861328,139.76763916015625,446.8900146484375,336.7300109863281,345.6300048828125,115.28499603271484,119.54000091552734
2025-12-12,278.2799987792969,356.42999267578125,226.19000244140625,55.13999938964844,884.469970703125,261.80743408203125,149.99000549316406,110.8499984741211,309.2900085449219,359.6499938964844,211.5800018310547,317.0896911621094,70.5199966430664,571.0722045898438,643.7050170898438,478.5299987792969,95.19000244140625,175.02000427246094,150.64999389648438,141.83297729492188,458.9599914550781,341.8399963378906,347.8299865722656,116.69999694824219,118.81999969482422
2025-12-15,274.1099853515625,351.1499938964844,222.5399932861328,55.33000183105469,860.5599975585938,254.16973876953125,149.8000030517578,110.48999786376953,308.2200012207031,356.989990234375,214.1699981689453,318.58294677734375,70.97000122070312,568.2764282226562,647.510009765625,474.82000732421875,93.7699966430664,176.2899932861328,151.22000122070312,144.10684204101562,475.30999755859375,341.1000061035156,346.8900146484375,116.79000091552734,117.76000213623047
2025-12-16,274.6099853515625,347.8900146484375,222.55999755859375,54.810001373291016,860.3900146484375,254.49920654296875,146.75,111.62000274658203,306.57000732421875,352.67999267578125,209.3000030517578,314.1330261230469,70.37000274658203,565.1710815429688,657.1500244140625,476.3900146484375,94.56999969482422,177.72000122070312,150.3699951171875,144.186279296875,489.8800048828125,334.20001220703125,345.1099853515625,115.41999816894531,114.68000030517578
2025-12-17,271.8399963378906,354.6600036621094,221.27000427246094,54.54999923706055,862.6500244140625,257.7239990234375,149.52000427246094,110.62999725341797,296.7200012207031,356.75,210.3300018310547,313.5655822753906,70.66999816894531,564.6218872070312,649.5,476.1199951171875,94.79000091552734,170.94000244140625,150.0800018310547,146.7679443359375,467.260009765625,331.6300048828125,344.4100036621094,115.66000366210938,117.41000366210938
2025-12-18,272.19000244140625,355.80999755859375,226.75999450683594,54.2599983215332,857.5900268554688,257.8500061035156,147.69000244140625,111.87000274658203,302.4599914550781,354.989990234375,208.30999755859375,311.594482421875,70.36000061035156,565.3607788085938,664.4500122070312,483.9800109863281,94.0,174.13999938964844,149.3699951171875,144.4940948486328,483.3699951171875,328.1400146484375,346.010009765625,114.83000183105469,116.54000091552734
2025-12-19,273.6700134277344,355.8599853515625,227.35000610351562,55.27000045776367,855.6199951171875,259.9100036621094,147.75,111.23999786376953,307.1600036621094,345.0,206.3699951171875,315.7855529785156,70.05999755859375,571.3717041015625,658.77001953125,485.9200134277344,94.38999938964844,180.99000549316406,148.16000366210938,143.4415740966797,481.20001220703125,327.4200134277344,349.25,114.36000061035156,116.69000244140625
2025-12-22,270.9700012207031,357.5299987792969,228.42999267578125,55.880001068115234,850.0,264.6300048828125,149.8000030517578,112.37999725341797,309.7799987792969,346.3900146484375,207.32000732421875,321.63916015625,70.20999908447266,574.8365478515625,661.5,484.9200134277344,93.2300033569336,183.69000244140625,147.0500030517578,141.6840362548828,488.7300109863281,325.1600036621094,352.0899963378906,112.5999984741211,118.1500015258789
2025-12-23,272.3599853515625,352.4200134277344,232.13999938964844,55.970001220703125,854.7899780273438,263.42999267578125,150.50999450683594,113.22000122070312,314.3500061035156,344.9700012207031,205.77999877929688,324.4664001464844,69.87000274658203,575.4855346679688,664.9400024414062,486.8500061035156,93.5,189.2100067138672,143.67999267578125,142.1705780029297,485.55999755859375,324.79998779296875,353.3800048828125,110.9000015258789,119.41999816894531
2025-12-24,273.80999755859375,352.9800109863281,232.3800048828125,56.25,871.8599853515625,265.260009765625,150.5,114.4800033569336,314.0899963378906,347.3399963378906,207.77999877929688,327.6918640136719,70.11000061035156,578.5809326171875,667.5499877929688,488.0199890136719,93.63999938964844,188.61000061035156,143.74000549316406,143.4713592529297,485.3999938964844,327.5799865722656,355.1400146484375,111.61000061035156,119.22000122070312
2025-12-26,273.3999938964844,353.79998779296875,232.52000427246094,56.16999816894531,873.3499755859375,266.0799865722656,150.02000427246094,113.55999755859375,313.510009765625,349.7799987792969,207.6300048828125,326.4375305175781,69.87000274658203,578.7306518554688,663.2899780273438,487.7099914550781,94.47000122070312,190.52999877929688,143.77999877929688,143.71958923339844,475.19000244140625,331.8299865722656,355.0,111.73999786376953,119.11000061035156
2025-12-29,273.760009765625,353.1600036621094,232.07000732421875,55.349998474121094,867.8400268554688,266.2300109863281,150.99000549316406,114.19000244140625,313.55999755859375,347.45001220703125,207.55999755859375,322.29620361328125,70.16000366210938,577.0332641601562,658.6900024414062,487.1000061035156,94.1500015258789,188.22000122070312,144.24000549316406,143.55079650878906,459.6400146484375,328.94000244140625,354.6099853515625,112.52999877929688,120.52999877929688
2025-12-30,273.0799865722656,352.510009765625,232.52999877929688,55.279998779296875,865.6500244140625,265.9200134277344,152.30999755859375,114.79000091552734,313.8500061035156,346.3500061035156,206.91000366210938,321.96771240234375,70.06999969482422,576.553955078125,665.9500122070312,487.4800109863281,93.77999877929688,187.5399932861328,144.16000366210938,143.03445434570312,454.42999267578125,332.1600036621094,353.6199951171875,111.91999816894531,120.98999786376953
2025-12-31,271.8599853515625,349.989990234375,230.82000732421875,55.0,862.3400268554688,264.9100036621094,152.41000366210938,113.7699966430664,313.0,344.1000061035156,206.9499969482422,320.7730712890625,69.91000366210938,570.0238037109375,660.0900268554688,483.6199951171875,93.76000213623047,186.5,143.52000427246094,142.29966735839844,449.7200012207031,330.1099853515625,350.7099914550781,111.41000366210938,120.33999633789062
2026-01-02,271.010009765625,333.29998779296875,226.5,55.95000076293945,854.5,253.6199951171875,155.89999389648438,111.8499984741211,315.1499938964844,345.82000732421875,207.35000610351562,324.0184326171875,69.12000274658203,562.285400390625,650.4099731445312,472.94000244140625,90.98999786376953,188.85000610351562,142.22999572753906,140.79037475585938,438.07000732421875,336.3999938964844,346.4800109863281,112.76000213623047,122.6500015258789
2026-01-05,267.260009765625,331.55999755859375,233.05999755859375,56.88999938964844,875.739990234375,256.260009765625,163.85000610351562,114.06999969482422,316.5400085449219,344.0899963378906,204.30999755859375,332.5400085449219,67.94000244140625,567.7172241210938,658.7899780273438,472.8500061035156,91.45999908447266,188.1199951171875,139.9199981689453,139.38038635253906,451.6700134277344,342.0199890136719,353.79998779296875,112.70999908447266,125.36000061035156
2026-01-06,262.3599853515625,335.989990234375,240.92999267578125,57.25,889.0999755859375,262.8999938964844,156.5399932861328,114.56999969482422,314.3399963378906,349.2900085449219,204.7899932861328,334.6099853515625,67.83999633789062,579.4696044921875,660.6199951171875,478.510009765625,90.6500015258789,187.24000549316406,138.9600067138672,138.92364501953125,432.9599914550781,348.9700012207031,357.55999755859375,114.33999633789062,121.05000305175781
2026-01-07,260.3299865722656,338.1000061035156,241.55999755859375,55.63999938964844,882.5800170898438,266.1199951171875,155.1999969482422,112.91000366210938,321.9800109863281,349.05999755859375,207.49000549316406,326.989990234375,67.54000091552734,579.0501708984375,648.6900024414062,483.4700012207031,90.7300033569336,189.11000061035156,137.00999450683594,137.0668182373047,431.4100036621094,341.70001220703125,355.8800048828125,112.72000122070312,118.48999786376953
2026-01-08,259.0400085449219,339.0400085449219,246.2899932861328,56.18000030517578,915.3099975585938,260.5299987792969,159.25,114.16999816894531,325.44000244140625,359.55999755859375,205.75,329.7900085449219,69.37000274658203,579.2000122070312,646.0599975585938,478.1099853515625,90.52999877929688,185.0399932861328,139.3699951171875,140.53221130371094,435.79998779296875,346.8500061035156,352.2300109863281,113.06999969482422,122.91000366210938
2026-01-09,259.3699951171875,333.95001220703125,247.3800048828125,55.849998474121094,924.8800048828125,259.94000244140625,162.11000061035156,115.87999725341797,328.57000732421875,374.6400146484375,204.38999938964844,329.19000244140625,70.51000213623047,575.5399780273438,653.0599975585938,479.2799987792969,89.45999908447266,184.86000061035156,139.91000366210938,140.86981201171875,445.010009765625,343.9800109863281,349.7699890136719,114.52999877929688,124.61000061035156
2026-01-12,260.25,327.6499938964844,246.47000122070312,55.189998626708984,943.0800170898438,259.3999938964844,162.33999633789062,112.81999969482422,331.8599853515625,374.94000244140625,209.72000122070312,324.489990234375,70.5,566.280029296875,641.969970703125,477.17999267578125,89.41000366210938,184.94000244140625,141.36000061035156,142.44862365722656,448.9599914550781,340.510009765625,343.20001220703125,117.97000122070312,124.02999877929688
2026-01-13,261.04998779296875,309.92999267578125,242.60000610351562,54.540000915527344,941.9299926757812,241.05999755859375,163.8699951171875,112.9800033569336,335.9700012207031,379.739990234375,213.64999389648438,310.8999938964844,71.23999786376953,544.989990234375,631.0900268554688,470.6700134277344,90.31999969482422,185.80999755859375,143.47999572753906,143.22311401367188,447.20001220703125,333.92999267578125,327.8800048828125,120.36000061035156,126.54000091552734
2026-01-14,259.9599914550781,304.44000244140625,236.64999389648438,52.47999954223633,950.97998046875,239.57000732421875,167.24000549316406,113.52999877929688,335.8399963378906,375.95001220703125,218.5500030517578,307.8699951171875,71.44000244140625,546.8200073242188,615.52001953125,459.3800048828125,88.55000305175781,183.13999938964844,145.9199981689453,145.3182373046875,439.20001220703125,334.9599914550781,329.1700134277344,120.04000091552734,130.1999969482422
2026-01-15,258.2099914550781,304.0899963378906,238.17999267578125,52.59000015258789,956.75,233.52999877929688,166.16000366210938,113.41000366210938,332.7799987792969,379.1600036621094,219.57000732421875,309.260009765625,70.4800033569336,542.6500244140625,620.7999877929688,456.6600036621094,88.05000305175781,187.0500030517578,146.57000732421875,143.61036682128906,438.57000732421875,338.9599914550781,327.75,119.19999694824219,129.1300048828125
2026-01-16,255.52999877929688,296.1199951171875,239.1199951171875,52.970001220703125,963.6099853515625,227.11000061035156,166.25999450683594,111.19999694824219,330.0,380.1700134277344,218.66000366210938,312.4700012207031,70.44000244140625,539.489990234375,620.25,459.8599853515625,88.0,186.22999572753906,146.32000732421875,143.5110626220703,437.5,331.0199890136719,328.29998779296875,119.69999694824219,129.88999938964844
2026-01-20,246.6999969482422,290.3699951171875,231.0,52.099998474121094,964.260009765625,220.07000732421875,165.3000030517578,110.33999633789062,322.0,375.1099853515625,218.2100067138672,302.739990234375,71.75,531.739990234375,604.1199951171875,454.5199890136719,87.26000213623047,178.07000732421875,147.66000366210938,145.96365356445312,419.25,338.42999267578125,325.82000732421875,118.70999908447266,130.4600067138672
2026-01-21,247.64999389648438,294.2300109863281,231.30999755859375,52.06999969482422,982.8599853515625,221.5800018310547,166.72999572753906,113.19000244140625,328.3800048828125,384.6400146484375,218.00999450683594,302.0400085449219,72.01000213623047,527.5700073242188,612.9600219726562,444.1099853515625,85.36000061035156,183.32000732421875,146.74000549316406,145.0302734375,431.44000244140625,347.75,325.2799987792969,119.36000061035156,133.61000061035156
2026-01-22,248.35000610351562,299.7300109863281,234.33999633789062,52.45000076293945,976.1699829101562,228.08999633789062,166.66000366210938,113.20999908447266,330.5400085449219,381.0299987792969,218.49000549316406,303.6300048828125,71.87000274658203,532.8599853515625,647.6300048828125,451.1400146484375,83.54000091552734,184.83999633789062,144.39999389648438,148.87298583984375,449.3599853515625,354.4700012207031,326.3599853515625,117.83000183105469,133.63999938964844
2026-01-23,248.0399932861328,301.07000732421875,239.16000366210938,51.720001220703125,983.25,228.0500030517578,166.72000122070312,110.9800033569336,327.92999267578125,383.7699890136719,220.13999938964844,297.7200012207031,72.87999725341797,524.739990234375,658.760009765625,465.95001220703125,86.12000274658203,187.6699981689453,144.5800018310547,150.14999389648438,449.05999755859375,356.260009765625,326.17999267578125,117.7300033569336,134.97000122070312
